[0.000000] (-) TimerEvent: {}
[0.000347] (motion_capture_tracking_interfaces) JobQueued: {'identifier': 'motion_capture_tracking_interfaces', 'dependencies': OrderedDict()}
[0.000417] (crazyflie_control) JobQueued: {'identifier': 'crazyflie_control', 'dependencies': OrderedDict({'motion_capture_tracking_interfaces': '/home/bajdus/Desktop/complete-velocity-messages/ros_ws/install/motion_capture_tracking_interfaces'})}
[0.000452] (motion_capture_tracking) JobQueued: {'identifier': 'motion_capture_tracking', 'dependencies': OrderedDict({'motion_capture_tracking_interfaces': '/home/bajdus/Desktop/complete-velocity-messages/ros_ws/install/motion_capture_tracking_interfaces'})}
[0.000478] (motion_capture_tracking_interfaces) JobStarted: {'identifier': 'motion_capture_tracking_interfaces'}
[0.004531] (motion_capture_tracking_interfaces) JobProgress: {'identifier': 'motion_capture_tracking_interfaces', 'progress': 'cmake'}
[0.004836] (motion_capture_tracking_interfaces) Command: {'cmd': ['/usr/bin/cmake', '/home/bajdus/Desktop/complete-velocity-messages/ros_ws/src/motion_capture_tracking/motion_capture_tracking_interfaces', '-DAMENT_CMAKE_SYMLINK_INSTALL=1', '-DCMAKE_INSTALL_PREFIX=/home/bajdus/Desktop/complete-velocity-messages/ros_ws/install/motion_capture_tracking_interfaces'], 'cwd': '/home/bajdus/Desktop/complete-velocity-messages/ros_ws/build/motion_capture_tracking_interfaces', 'env': OrderedDict({'GJS_DEBUG_TOPICS': 'JS ERROR;JS LOG', 'XDG_ACTIVATION_TOKEN': 'gnome-shell/Terminator/3846-2-LC2075-LIN_TIME4383425', 'LESSOPEN': '| /usr/bin/lesspipe %s', 'USER': 'bajdus', 'XDG_SESSION_TYPE': 'x11', 'SHLVL': '1', 'LD_LIBRARY_PATH': '/usr/local/lib:/opt/ros/jazzy/opt/rviz_ogre_vendor/lib:/opt/ros/jazzy/lib/x86_64-linux-gnu:/opt/ros/jazzy/opt/gz_math_vendor/lib:/opt/ros/jazzy/opt/gz_utils_vendor/lib:/opt/ros/jazzy/opt/gz_cmake_vendor/lib:/opt/ros/jazzy/lib', 'HOME': '/home/bajdus', 'OLDPWD': '/home/bajdus/Desktop/complete-velocity-messages', 'DESKTOP_SESSION': 'ubuntu', 'GIO_LAUNCHED_DESKTOP_FILE': '/usr/share/applications/terminator.desktop', 'ROS_PYTHON_VERSION': '3', 'GNOME_SHELL_SESSION_MODE': 'ubuntu', 'GTK_MODULES': 'gail:atk-bridge', 'MANAGERPID': '3285', 'SYSTEMD_EXEC_PID': '3846', 'GSM_SKIP_SSH_AGENT_WORKAROUND': 'true', 'DBUS_SESSION_BUS_ADDRESS': 'unix:path=/run/user/59016586/bus', 'COLORTERM': 'truecolor', 'TERMINATOR_DBUS_NAME': 'net.tenshu.Terminator23558193cd9818af7fe4d2c2f5bd9d00f', 'GIO_LAUNCHED_DESKTOP_FILE_PID': '9876', 'DEBUGINFOD_URLS': 'https://debuginfod.ubuntu.com', 'ROS_DISTRO': 'jazzy', 'LOGNAME': 'bajdus', 'JOURNAL_STREAM': '9:12286', '_': '/usr/bin/colcon', 'ROS_VERSION': '2', 'MEMORY_PRESSURE_WATCH': '/sys/fs/cgroup/user.slice/user-59016586.slice/user@59016586.service/session.slice/org.gnome.Shell@x11.service/memory.pressure', 'XDG_SESSION_CLASS': 'user', 'USERNAME': 'bajdus', 'TERM': 'xterm-256color', 'GNOME_DESKTOP_SESSION_ID': 'this-is-deprecated', 'WINDOWPATH': '2', 'PATH': '/opt/ros/jazzy/bin:/usr/local/sbin:/usr/local/bin:/usr/sbin:/usr/bin:/sbin:/bin:/usr/games:/usr/local/games:/snap/bin:/snap/bin', 'SESSION_MANAGER': 'local/LC2075-LIN:@/tmp/.ICE-unix/3791,unix/LC2075-LIN:/tmp/.ICE-unix/3791', 'INVOCATION_ID': 'f7d2e5f172f547d6a5a038ef75785c03', 'XDG_MENU_PREFIX': 'gnome-', 'XDG_RUNTIME_DIR': '/run/user/59016586', 'DISPLAY': ':1', 'TERMINATOR_DBUS_PATH': '/net/tenshu/Terminator2', 'LANG': 'en_US.UTF-8', 'XDG_CURRENT_DESKTOP': 'ubuntu:GNOME', 'XMODIFIERS': '@im=ibus', 'XDG_SESSION_DESKTOP': 'ubuntu', 'XAUTHORITY': '/run/user/59016586/gdm/Xauthority', 'LS_COLORS': 'rs=0:di=01;34:ln=01;36:mh=00:pi=40;33:so=01;35:do=01;35:bd=40;33;01:cd=40;33;01:or=40;31;01:mi=00:su=37;41:sg=30;43:ca=00:tw=30;42:ow=34;42:st=37;44:ex=01;32:*.tar=01;31:*.tgz=01;31:*.arc=01;31:*.arj=01;31:*.taz=01;31:*.lha=01;31:*.lz4=01;31:*.lzh=01;31:*.lzma=01;31:*.tlz=01;31:*.txz=01;31:*.tzo=01;31:*.t7z=01;31:*.zip=01;31:*.z=01;31:*.dz=01;31:*.gz=01;31:*.lrz=01;31:*.lz=01;31:*.lzo=01;31:*.xz=01;31:*.zst=01;31:*.tzst=01;31:*.bz2=01;31:*.bz=01;31:*.tbz=01;31:*.tbz2=01;31:*.tz=01;31:*.deb=01;31:*.rpm=01;31:*.jar=01;31:*.war=01;31:*.ear=01;31:*.sar=01;31:*.rar=01;31:*.alz=01;31:*.ace=01;31:*.zoo=01;31:*.cpio=01;31:*.7z=01;31:*.rz=01;31:*.cab=01;31:*.wim=01;31:*.swm=01;31:*.dwm=01;31:*.esd=01;31:*.avif=01;35:*.jpg=01;35:*.jpeg=01;35:*.mjpg=01;35:*.mjpeg=01;35:*.gif=01;35:*.bmp=01;35:*.pbm=01;35:*.pgm=01;35:*.ppm=01;35:*.tga=01;35:*.xbm=01;35:*.xpm=01;35:*.tif=01;35:*.tiff=01;35:*.png=01;35:*.svg=01;35:*.svgz=01;35:*.mng=01;35:*.pcx=01;35:*.mov=01;35:*.mpg=01;35:*.mpeg=01;35:*.m2v=01;35:*.mkv=01;35:*.webm=01;35:*.webp=01;35:*.ogm=01;35:*.mp4=01;35:*.m4v=01;35:*.mp4v=01;35:*.vob=01;35:*.qt=01;35:*.nuv=01;35:*.wmv=01;35:*.asf=01;35:*.rm=01;35:*.rmvb=01;35:*.flc=01;35:*.avi=01;35:*.fli=01;35:*.flv=01;35:*.gl=01;35:*.dl=01;35:*.xcf=01;35:*.xwd=01;35:*.yuv=01;35:*.cgm=01;35:*.emf=01;35:*.ogv=01;35:*.ogx=01;35:*.aac=00;36:*.au=00;36:*.flac=00;36:*.m4a=00;36:*.mid=00;36:*.midi=00;36:*.mka=00;36:*.mp3=00;36:*.mpc=00;36:*.ogg=00;36:*.ra=00;36:*.wav=00;36:*.oga=00;36:*.opus=00;36:*.spx=00;36:*.xspf=00;36:*~=00;90:*#=00;90:*.bak=00;90:*.crdownload=00;90:*.dpkg-dist=00;90:*.dpkg-new=00;90:*.dpkg-old=00;90:*.dpkg-tmp=00;90:*.old=00;90:*.orig=00;90:*.part=00;90:*.rej=00;90:*.rpmnew=00;90:*.rpmorig=00;90:*.rpmsave=00;90:*.swp=00;90:*.tmp=00;90:*.ucf-dist=00;90:*.ucf-new=00;90:*.ucf-old=00;90:', 'SSH_AUTH_SOCK': '/run/user/59016586/keyring/ssh', 'AMENT_PREFIX_PATH': '/opt/ros/jazzy', 'SHELL': '/bin/bash', 'TERMINATOR_UUID': 'urn:uuid:d8dcc6fc-fd5d-48e5-b95e-beca1d5e4672', 'KRB5CCNAME': 'FILE:/tmp/krb5cc_59016586_mxG3pu', 'QT_ACCESSIBILITY': '1', 'GDMSESSION': 'ubuntu', 'LESSCLOSE': '/usr/bin/lesspipe %s %s', 'GPG_AGENT_INFO': '/run/user/59016586/gnupg/S.gpg-agent:0:1', 'GJS_DEBUG_OUTPUT': 'stderr', 'ROS_AUTOMATIC_DISCOVERY_RANGE': 'SUBNET', 'QT_IM_MODULE': 'ibus', 'PWD': '/home/bajdus/Desktop/complete-velocity-messages/ros_ws/build/motion_capture_tracking_interfaces', 'LC_ALL': 'en_US.UTF-8', 'XDG_CONFIG_DIRS': '/etc/xdg/xdg-ubuntu:/etc/xdg', 'XDG_DATA_DIRS': '/usr/share/ubuntu:/usr/share/gnome:/usr/local/share/:/usr/share/:/var/lib/snapd/desktop', 'PYTHONPATH': '/opt/ros/jazzy/lib/python3.12/site-packages', 'COLCON': '1', 'MEMORY_PRESSURE_WRITE': 'c29tZSAyMDAwMDAgMjAwMDAwMAA=', 'VTE_VERSION': '7600', 'CMAKE_PREFIX_PATH': '/usr/local:/opt/ros/jazzy/opt/gz_math_vendor:/opt/ros/jazzy/opt/gz_utils_vendor:/opt/ros/jazzy/opt/gz_cmake_vendor:/opt/ros/jazzy'}), 'shell': False}
[0.082733] (motion_capture_tracking_interfaces) StdoutLine: {'line': b'-- The C compiler identification is GNU 13.3.0\n'}
[0.099950] (-) TimerEvent: {}
[0.143648] (motion_capture_tracking_interfaces) StdoutLine: {'line': b'-- The CXX compiler identification is GNU 13.3.0\n'}
[0.159544] (motion_capture_tracking_interfaces) StdoutLine: {'line': b'-- Detecting C compiler ABI info\n'}
[0.200107] (-) TimerEvent: {}
[0.225073] (motion_capture_tracking_interfaces) StdoutLine: {'line': b'-- Detecting C compiler ABI info - done\n'}
[0.230706] (motion_capture_tracking_interfaces) StdoutLine: {'line': b'-- Check for working C compiler: /usr/bin/cc - skipped\n'}
[0.231329] (motion_capture_tracking_interfaces) StdoutLine: {'line': b'-- Detecting C compile features\n'}
[0.231719] (motion_capture_tracking_interfaces) StdoutLine: {'line': b'-- Detecting C compile features - done\n'}
[0.238280] (motion_capture_tracking_interfaces) StdoutLine: {'line': b'-- Detecting CXX compiler ABI info\n'}
[0.300209] (-) TimerEvent: {}
[0.310172] (motion_capture_tracking_interfaces) StdoutLine: {'line': b'-- Detecting CXX compiler ABI info - done\n'}
[0.316021] (motion_capture_tracking_interfaces) StdoutLine: {'line': b'-- Check for working CXX compiler: /usr/bin/c++ - skipped\n'}
[0.316262] (motion_capture_tracking_interfaces) StdoutLine: {'line': b'-- Detecting CXX compile features\n'}
[0.316564] (motion_capture_tracking_interfaces) StdoutLine: {'line': b'-- Detecting CXX compile features - done\n'}
[0.319505] (motion_capture_tracking_interfaces) StdoutLine: {'line': b'-- Found ament_cmake: 2.5.3 (/opt/ros/jazzy/share/ament_cmake/cmake)\n'}
[0.400314] (-) TimerEvent: {}
[0.418942] (motion_capture_tracking_interfaces) StdoutLine: {'line': b'-- Found Python3: /usr/bin/python3 (found version "3.12.3") found components: Interpreter \n'}
[0.469528] (motion_capture_tracking_interfaces) StdoutLine: {'line': b'-- Override CMake install command with custom implementation using symlinks instead of copying resources\n'}
[0.491411] (motion_capture_tracking_interfaces) StdoutLine: {'line': b'-- Found builtin_interfaces: 2.0.2 (/opt/ros/jazzy/share/builtin_interfaces/cmake)\n'}
[0.500355] (-) TimerEvent: {}
[0.517273] (motion_capture_tracking_interfaces) StdoutLine: {'line': b'-- Found rosidl_generator_c: 4.6.5 (/opt/ros/jazzy/share/rosidl_generator_c/cmake)\n'}
[0.526204] (motion_capture_tracking_interfaces) StdoutLine: {'line': b'-- Found rosidl_generator_cpp: 4.6.5 (/opt/ros/jazzy/share/rosidl_generator_cpp/cmake)\n'}
[0.538832] (motion_capture_tracking_interfaces) StdoutLine: {'line': b'-- Using all available rosidl_typesupport_c: rosidl_typesupport_fastrtps_c;rosidl_typesupport_introspection_c\n'}
[0.553020] (motion_capture_tracking_interfaces) StdoutLine: {'line': b'-- Using all available rosidl_typesupport_cpp: rosidl_typesupport_fastrtps_cpp;rosidl_typesupport_introspection_cpp\n'}
[0.563873] (motion_capture_tracking_interfaces) StdoutLine: {'line': b'-- Found geometry_msgs: 5.3.5 (/opt/ros/jazzy/share/geometry_msgs/cmake)\n'}
[0.588906] (motion_capture_tracking_interfaces) StdoutLine: {'line': b'-- Found rosidl_default_generators: 1.6.0 (/opt/ros/jazzy/share/rosidl_default_generators/cmake)\n'}
[0.597929] (motion_capture_tracking_interfaces) StdoutLine: {'line': b'-- Found rosidl_adapter: 4.6.5 (/opt/ros/jazzy/share/rosidl_adapter/cmake)\n'}
[0.600424] (-) TimerEvent: {}
[0.700602] (-) TimerEvent: {}
[0.800796] (-) TimerEvent: {}
[0.901106] (-) TimerEvent: {}
[1.001322] (-) TimerEvent: {}
[1.027614] (motion_capture_tracking_interfaces) StdoutLine: {'line': b'-- Found ament_cmake_cppcheck: 0.17.1 (/opt/ros/jazzy/share/ament_cmake_cppcheck/cmake)\n'}
[1.029303] (motion_capture_tracking_interfaces) StdoutLine: {'line': b'-- Found ament_cmake_cpplint: 0.17.1 (/opt/ros/jazzy/share/ament_cmake_cpplint/cmake)\n'}
[1.031104] (motion_capture_tracking_interfaces) StdoutLine: {'line': b'-- Found ament_cmake_uncrustify: 0.17.1 (/opt/ros/jazzy/share/ament_cmake_uncrustify/cmake)\n'}
[1.033024] (motion_capture_tracking_interfaces) StdoutLine: {'line': b'-- Found ament_cmake_ros: 0.12.0 (/opt/ros/jazzy/share/ament_cmake_ros/cmake)\n'}
[1.101400] (-) TimerEvent: {}
[1.201585] (-) TimerEvent: {}
[1.301799] (-) TimerEvent: {}
[1.402020] (-) TimerEvent: {}
[1.502294] (-) TimerEvent: {}
[1.602576] (-) TimerEvent: {}
[1.615177] (motion_capture_tracking_interfaces) StdoutLine: {'line': b'-- Using all available rosidl_typesupport_c: rosidl_typesupport_fastrtps_c;rosidl_typesupport_introspection_c\n'}
[1.702699] (-) TimerEvent: {}
[1.802893] (-) TimerEvent: {}
[1.840297] (motion_capture_tracking_interfaces) StdoutLine: {'line': b'-- Using all available rosidl_typesupport_cpp: rosidl_typesupport_fastrtps_cpp;rosidl_typesupport_introspection_cpp\n'}
[1.843142] (motion_capture_tracking_interfaces) StdoutLine: {'line': b'-- Found python_cmake_module: 0.11.1 (/opt/ros/jazzy/share/python_cmake_module/cmake)\n'}
[1.903059] (-) TimerEvent: {}
[1.947787] (motion_capture_tracking_interfaces) StdoutLine: {'line': b'-- Found PythonExtra: /usr/bin/python3  \n'}
[2.003179] (-) TimerEvent: {}
[2.103401] (-) TimerEvent: {}
[2.203589] (-) TimerEvent: {}
[2.303959] (-) TimerEvent: {}
[2.314573] (motion_capture_tracking_interfaces) StdoutLine: {'line': b'-- Found Python3: /usr/bin/python3 (found version "3.12.3") found components: Interpreter Development NumPy Development.Module Development.Embed \n'}
[2.363394] (motion_capture_tracking_interfaces) StdoutLine: {'line': b'-- Found ament_cmake_flake8: 0.17.1 (/opt/ros/jazzy/share/ament_cmake_flake8/cmake)\n'}
[2.365030] (motion_capture_tracking_interfaces) StdoutLine: {'line': b'-- Found ament_cmake_pep257: 0.17.1 (/opt/ros/jazzy/share/ament_cmake_pep257/cmake)\n'}
[2.375480] (motion_capture_tracking_interfaces) StdoutLine: {'line': b'-- Configuring done (2.4s)\n'}
[2.404045] (-) TimerEvent: {}
[2.404843] (motion_capture_tracking_interfaces) StdoutLine: {'line': b'-- Generating done (0.0s)\n'}
[2.412583] (motion_capture_tracking_interfaces) StdoutLine: {'line': b'-- Build files have been written to: /home/bajdus/Desktop/complete-velocity-messages/ros_ws/build/motion_capture_tracking_interfaces\n'}
[2.419649] (motion_capture_tracking_interfaces) CommandEnded: {'returncode': 0}
[2.420000] (motion_capture_tracking_interfaces) JobProgress: {'identifier': 'motion_capture_tracking_interfaces', 'progress': 'build'}
[2.420325] (motion_capture_tracking_interfaces) Command: {'cmd': ['/usr/bin/cmake', '--build', '/home/bajdus/Desktop/complete-velocity-messages/ros_ws/build/motion_capture_tracking_interfaces', '--', '-j20', '-l20'], 'cwd': '/home/bajdus/Desktop/complete-velocity-messages/ros_ws/build/motion_capture_tracking_interfaces', 'env': OrderedDict({'GJS_DEBUG_TOPICS': 'JS ERROR;JS LOG', 'XDG_ACTIVATION_TOKEN': 'gnome-shell/Terminator/3846-2-LC2075-LIN_TIME4383425', 'LESSOPEN': '| /usr/bin/lesspipe %s', 'USER': 'bajdus', 'XDG_SESSION_TYPE': 'x11', 'SHLVL': '1', 'LD_LIBRARY_PATH': '/usr/local/lib:/opt/ros/jazzy/opt/rviz_ogre_vendor/lib:/opt/ros/jazzy/lib/x86_64-linux-gnu:/opt/ros/jazzy/opt/gz_math_vendor/lib:/opt/ros/jazzy/opt/gz_utils_vendor/lib:/opt/ros/jazzy/opt/gz_cmake_vendor/lib:/opt/ros/jazzy/lib', 'HOME': '/home/bajdus', 'OLDPWD': '/home/bajdus/Desktop/complete-velocity-messages', 'DESKTOP_SESSION': 'ubuntu', 'GIO_LAUNCHED_DESKTOP_FILE': '/usr/share/applications/terminator.desktop', 'ROS_PYTHON_VERSION': '3', 'GNOME_SHELL_SESSION_MODE': 'ubuntu', 'GTK_MODULES': 'gail:atk-bridge', 'MANAGERPID': '3285', 'SYSTEMD_EXEC_PID': '3846', 'GSM_SKIP_SSH_AGENT_WORKAROUND': 'true', 'DBUS_SESSION_BUS_ADDRESS': 'unix:path=/run/user/59016586/bus', 'COLORTERM': 'truecolor', 'TERMINATOR_DBUS_NAME': 'net.tenshu.Terminator23558193cd9818af7fe4d2c2f5bd9d00f', 'GIO_LAUNCHED_DESKTOP_FILE_PID': '9876', 'DEBUGINFOD_URLS': 'https://debuginfod.ubuntu.com', 'ROS_DISTRO': 'jazzy', 'LOGNAME': 'bajdus', 'JOURNAL_STREAM': '9:12286', '_': '/usr/bin/colcon', 'ROS_VERSION': '2', 'MEMORY_PRESSURE_WATCH': '/sys/fs/cgroup/user.slice/user-59016586.slice/user@59016586.service/session.slice/org.gnome.Shell@x11.service/memory.pressure', 'XDG_SESSION_CLASS': 'user', 'USERNAME': 'bajdus', 'TERM': 'xterm-256color', 'GNOME_DESKTOP_SESSION_ID': 'this-is-deprecated', 'WINDOWPATH': '2', 'PATH': '/opt/ros/jazzy/bin:/usr/local/sbin:/usr/local/bin:/usr/sbin:/usr/bin:/sbin:/bin:/usr/games:/usr/local/games:/snap/bin:/snap/bin', 'SESSION_MANAGER': 'local/LC2075-LIN:@/tmp/.ICE-unix/3791,unix/LC2075-LIN:/tmp/.ICE-unix/3791', 'INVOCATION_ID': 'f7d2e5f172f547d6a5a038ef75785c03', 'XDG_MENU_PREFIX': 'gnome-', 'XDG_RUNTIME_DIR': '/run/user/59016586', 'DISPLAY': ':1', 'TERMINATOR_DBUS_PATH': '/net/tenshu/Terminator2', 'LANG': 'en_US.UTF-8', 'XDG_CURRENT_DESKTOP': 'ubuntu:GNOME', 'XMODIFIERS': '@im=ibus', 'XDG_SESSION_DESKTOP': 'ubuntu', 'XAUTHORITY': '/run/user/59016586/gdm/Xauthority', 'LS_COLORS': 'rs=0:di=01;34:ln=01;36:mh=00:pi=40;33:so=01;35:do=01;35:bd=40;33;01:cd=40;33;01:or=40;31;01:mi=00:su=37;41:sg=30;43:ca=00:tw=30;42:ow=34;42:st=37;44:ex=01;32:*.tar=01;31:*.tgz=01;31:*.arc=01;31:*.arj=01;31:*.taz=01;31:*.lha=01;31:*.lz4=01;31:*.lzh=01;31:*.lzma=01;31:*.tlz=01;31:*.txz=01;31:*.tzo=01;31:*.t7z=01;31:*.zip=01;31:*.z=01;31:*.dz=01;31:*.gz=01;31:*.lrz=01;31:*.lz=01;31:*.lzo=01;31:*.xz=01;31:*.zst=01;31:*.tzst=01;31:*.bz2=01;31:*.bz=01;31:*.tbz=01;31:*.tbz2=01;31:*.tz=01;31:*.deb=01;31:*.rpm=01;31:*.jar=01;31:*.war=01;31:*.ear=01;31:*.sar=01;31:*.rar=01;31:*.alz=01;31:*.ace=01;31:*.zoo=01;31:*.cpio=01;31:*.7z=01;31:*.rz=01;31:*.cab=01;31:*.wim=01;31:*.swm=01;31:*.dwm=01;31:*.esd=01;31:*.avif=01;35:*.jpg=01;35:*.jpeg=01;35:*.mjpg=01;35:*.mjpeg=01;35:*.gif=01;35:*.bmp=01;35:*.pbm=01;35:*.pgm=01;35:*.ppm=01;35:*.tga=01;35:*.xbm=01;35:*.xpm=01;35:*.tif=01;35:*.tiff=01;35:*.png=01;35:*.svg=01;35:*.svgz=01;35:*.mng=01;35:*.pcx=01;35:*.mov=01;35:*.mpg=01;35:*.mpeg=01;35:*.m2v=01;35:*.mkv=01;35:*.webm=01;35:*.webp=01;35:*.ogm=01;35:*.mp4=01;35:*.m4v=01;35:*.mp4v=01;35:*.vob=01;35:*.qt=01;35:*.nuv=01;35:*.wmv=01;35:*.asf=01;35:*.rm=01;35:*.rmvb=01;35:*.flc=01;35:*.avi=01;35:*.fli=01;35:*.flv=01;35:*.gl=01;35:*.dl=01;35:*.xcf=01;35:*.xwd=01;35:*.yuv=01;35:*.cgm=01;35:*.emf=01;35:*.ogv=01;35:*.ogx=01;35:*.aac=00;36:*.au=00;36:*.flac=00;36:*.m4a=00;36:*.mid=00;36:*.midi=00;36:*.mka=00;36:*.mp3=00;36:*.mpc=00;36:*.ogg=00;36:*.ra=00;36:*.wav=00;36:*.oga=00;36:*.opus=00;36:*.spx=00;36:*.xspf=00;36:*~=00;90:*#=00;90:*.bak=00;90:*.crdownload=00;90:*.dpkg-dist=00;90:*.dpkg-new=00;90:*.dpkg-old=00;90:*.dpkg-tmp=00;90:*.old=00;90:*.orig=00;90:*.part=00;90:*.rej=00;90:*.rpmnew=00;90:*.rpmorig=00;90:*.rpmsave=00;90:*.swp=00;90:*.tmp=00;90:*.ucf-dist=00;90:*.ucf-new=00;90:*.ucf-old=00;90:', 'SSH_AUTH_SOCK': '/run/user/59016586/keyring/ssh', 'AMENT_PREFIX_PATH': '/opt/ros/jazzy', 'SHELL': '/bin/bash', 'TERMINATOR_UUID': 'urn:uuid:d8dcc6fc-fd5d-48e5-b95e-beca1d5e4672', 'KRB5CCNAME': 'FILE:/tmp/krb5cc_59016586_mxG3pu', 'QT_ACCESSIBILITY': '1', 'GDMSESSION': 'ubuntu', 'LESSCLOSE': '/usr/bin/lesspipe %s %s', 'GPG_AGENT_INFO': '/run/user/59016586/gnupg/S.gpg-agent:0:1', 'GJS_DEBUG_OUTPUT': 'stderr', 'ROS_AUTOMATIC_DISCOVERY_RANGE': 'SUBNET', 'QT_IM_MODULE': 'ibus', 'PWD': '/home/bajdus/Desktop/complete-velocity-messages/ros_ws/build/motion_capture_tracking_interfaces', 'LC_ALL': 'en_US.UTF-8', 'XDG_CONFIG_DIRS': '/etc/xdg/xdg-ubuntu:/etc/xdg', 'XDG_DATA_DIRS': '/usr/share/ubuntu:/usr/share/gnome:/usr/local/share/:/usr/share/:/var/lib/snapd/desktop', 'PYTHONPATH': '/opt/ros/jazzy/lib/python3.12/site-packages', 'COLCON': '1', 'MEMORY_PRESSURE_WRITE': 'c29tZSAyMDAwMDAgMjAwMDAwMAA=', 'VTE_VERSION': '7600', 'CMAKE_PREFIX_PATH': '/usr/local:/opt/ros/jazzy/opt/gz_math_vendor:/opt/ros/jazzy/opt/gz_utils_vendor:/opt/ros/jazzy/opt/gz_cmake_vendor:/opt/ros/jazzy'}), 'shell': False}
[2.459744] (motion_capture_tracking_interfaces) StdoutLine: {'line': b'[  1%] \x1b[34m\x1b[1mGenerating type hashes for ROS interfaces\x1b[0m\n'}
[2.466266] (motion_capture_tracking_interfaces) StdoutLine: {'line': b'[  1%] Built target ament_cmake_python_symlink_motion_capture_tracking_interfaces\n'}
[2.504144] (-) TimerEvent: {}
[2.597389] (motion_capture_tracking_interfaces) StdoutLine: {'line': b'[  1%] Built target motion_capture_tracking_interfaces__rosidl_generator_type_description\n'}
[2.597532] (motion_capture_tracking_interfaces) StdoutLine: {'line': b'running egg_info\n'}
[2.597986] (motion_capture_tracking_interfaces) StdoutLine: {'line': b'creating motion_capture_tracking_interfaces.egg-info\n'}
[2.604221] (-) TimerEvent: {}
[2.607809] (motion_capture_tracking_interfaces) StdoutLine: {'line': b'[  3%] \x1b[34m\x1b[1mGenerating C code for ROS interfaces\x1b[0m\n'}
[2.609135] (motion_capture_tracking_interfaces) StdoutLine: {'line': b'writing motion_capture_tracking_interfaces.egg-info/PKG-INFO\n'}
[2.609531] (motion_capture_tracking_interfaces) StdoutLine: {'line': b'writing dependency_links to motion_capture_tracking_interfaces.egg-info/dependency_links.txt\n'}
[2.609638] (motion_capture_tracking_interfaces) StdoutLine: {'line': b'writing top-level names to motion_capture_tracking_interfaces.egg-info/top_level.txt\n'}
[2.609684] (motion_capture_tracking_interfaces) StdoutLine: {'line': b"writing manifest file 'motion_capture_tracking_interfaces.egg-info/SOURCES.txt'\n"}
[2.612770] (motion_capture_tracking_interfaces) StdoutLine: {'line': b'[  4%] \x1b[34m\x1b[1mGenerating C++ code for ROS interfaces\x1b[0m\n'}
[2.644664] (motion_capture_tracking_interfaces) StdoutLine: {'line': b"reading manifest file 'motion_capture_tracking_interfaces.egg-info/SOURCES.txt'\n"}
[2.645011] (motion_capture_tracking_interfaces) StdoutLine: {'line': b"writing manifest file 'motion_capture_tracking_interfaces.egg-info/SOURCES.txt'\n"}
[2.666584] (motion_capture_tracking_interfaces) StdoutLine: {'line': b'[  4%] Built target ament_cmake_python_build_motion_capture_tracking_interfaces_egg\n'}
[2.704351] (-) TimerEvent: {}
[2.804594] (-) TimerEvent: {}
[2.810339] (motion_capture_tracking_interfaces) StdoutLine: {'line': b'[  4%] Built target motion_capture_tracking_interfaces__cpp\n'}
[2.858262] (motion_capture_tracking_interfaces) StdoutLine: {'line': b'[ 10%] \x1b[32mBuilding C object CMakeFiles/motion_capture_tracking_interfaces__rosidl_generator_c.dir/rosidl_generator_c/motion_capture_tracking_interfaces/msg/detail/named_pose_array__type_support.c.o\x1b[0m\n'}
[2.858531] (motion_capture_tracking_interfaces) StdoutLine: {'line': b'[ 10%] \x1b[32mBuilding C object CMakeFiles/motion_capture_tracking_interfaces__rosidl_generator_c.dir/rosidl_generator_c/motion_capture_tracking_interfaces/msg/detail/named_pose__description.c.o\x1b[0m\n'}
[2.858646] (motion_capture_tracking_interfaces) StdoutLine: {'line': b'[ 10%] \x1b[32mBuilding C object CMakeFiles/motion_capture_tracking_interfaces__rosidl_generator_c.dir/rosidl_generator_c/motion_capture_tracking_interfaces/msg/detail/named_pose__type_support.c.o\x1b[0m\n'}
[2.858850] (motion_capture_tracking_interfaces) StdoutLine: {'line': b'[ 10%] \x1b[32mBuilding C object CMakeFiles/motion_capture_tracking_interfaces__rosidl_generator_c.dir/rosidl_generator_c/motion_capture_tracking_interfaces/msg/detail/named_pose_array__description.c.o\x1b[0m\n'}
[2.858922] (motion_capture_tracking_interfaces) StdoutLine: {'line': b'[ 12%] \x1b[32mBuilding C object CMakeFiles/motion_capture_tracking_interfaces__rosidl_generator_c.dir/rosidl_generator_c/motion_capture_tracking_interfaces/msg/detail/target_position__functions.c.o\x1b[0m\n'}
[2.858975] (motion_capture_tracking_interfaces) StdoutLine: {'line': b'[ 14%] \x1b[32mBuilding C object CMakeFiles/motion_capture_tracking_interfaces__rosidl_generator_c.dir/rosidl_generator_c/motion_capture_tracking_interfaces/msg/detail/target_position_array__functions.c.o\x1b[0m\n'}
[2.859116] (motion_capture_tracking_interfaces) StdoutLine: {'line': b'[ 15%] \x1b[32mBuilding C object CMakeFiles/motion_capture_tracking_interfaces__rosidl_generator_c.dir/rosidl_generator_c/motion_capture_tracking_interfaces/msg/detail/named_pose__functions.c.o\x1b[0m\n'}
[2.859490] (motion_capture_tracking_interfaces) StdoutLine: {'line': b'[ 17%] \x1b[32mBuilding C object CMakeFiles/motion_capture_tracking_interfaces__rosidl_generator_c.dir/rosidl_generator_c/motion_capture_tracking_interfaces/msg/detail/named_pose_array__functions.c.o\x1b[0m\n'}
[2.859693] (motion_capture_tracking_interfaces) StdoutLine: {'line': b'[ 20%] \x1b[32mBuilding C object CMakeFiles/motion_capture_tracking_interfaces__rosidl_generator_c.dir/rosidl_generator_c/motion_capture_tracking_interfaces/msg/detail/target_position__description.c.o\x1b[0m\n'}
[2.859801] (motion_capture_tracking_interfaces) StdoutLine: {'line': b'[ 20%] \x1b[32mBuilding C object CMakeFiles/motion_capture_tracking_interfaces__rosidl_generator_c.dir/rosidl_generator_c/motion_capture_tracking_interfaces/msg/detail/target_position__type_support.c.o\x1b[0m\n'}
[2.860114] (motion_capture_tracking_interfaces) StdoutLine: {'line': b'[ 21%] \x1b[32mBuilding C object CMakeFiles/motion_capture_tracking_interfaces__rosidl_generator_c.dir/rosidl_generator_c/motion_capture_tracking_interfaces/msg/detail/target_position_array__description.c.o\x1b[0m\n'}
[2.862152] (motion_capture_tracking_interfaces) StdoutLine: {'line': b'[ 23%] \x1b[32mBuilding C object CMakeFiles/motion_capture_tracking_interfaces__rosidl_generator_c.dir/rosidl_generator_c/motion_capture_tracking_interfaces/msg/detail/target_position_array__type_support.c.o\x1b[0m\n'}
[2.904710] (-) TimerEvent: {}
[2.909409] (motion_capture_tracking_interfaces) StdoutLine: {'line': b'[ 25%] \x1b[32m\x1b[1mLinking C shared library libmotion_capture_tracking_interfaces__rosidl_generator_c.so\x1b[0m\n'}
[2.939808] (motion_capture_tracking_interfaces) StdoutLine: {'line': b'[ 25%] Built target motion_capture_tracking_interfaces__rosidl_generator_c\n'}
[2.948137] (motion_capture_tracking_interfaces) StdoutLine: {'line': b'[ 26%] \x1b[34m\x1b[1mGenerating C++ type support dispatch for ROS interfaces\x1b[0m\n'}
[2.948444] (motion_capture_tracking_interfaces) StdoutLine: {'line': b'[ 28%] \x1b[34m\x1b[1mGenerating C type support for eProsima Fast-RTPS\x1b[0m\n'}
[2.948963] (motion_capture_tracking_interfaces) StdoutLine: {'line': b'[ 29%] \x1b[34m\x1b[1mGenerating C++ introspection for ROS interfaces\x1b[0m\n'}
[2.949195] (motion_capture_tracking_interfaces) StdoutLine: {'line': b'[ 31%] \x1b[34m\x1b[1mGenerating C introspection for ROS interfaces\x1b[0m\n'}
[2.950480] (motion_capture_tracking_interfaces) StdoutLine: {'line': b'[ 34%] \x1b[34m\x1b[1mGenerating C++ type support for eProsima Fast-RTPS\x1b[0m\n'}
[2.950642] (motion_capture_tracking_interfaces) StdoutLine: {'line': b'[ 34%] \x1b[34m\x1b[1mGenerating C type support dispatch for ROS interfaces\x1b[0m\n'}
[3.004827] (-) TimerEvent: {}
[3.105081] (-) TimerEvent: {}
[3.111558] (motion_capture_tracking_interfaces) StdoutLine: {'line': b'[ 37%] \x1b[32mBuilding CXX object CMakeFiles/motion_capture_tracking_interfaces__rosidl_typesupport_cpp.dir/rosidl_typesupport_cpp/motion_capture_tracking_interfaces/msg/target_position__type_support.cpp.o\x1b[0m\n'}
[3.111804] (motion_capture_tracking_interfaces) StdoutLine: {'line': b'[ 37%] \x1b[32mBuilding CXX object CMakeFiles/motion_capture_tracking_interfaces__rosidl_typesupport_cpp.dir/rosidl_typesupport_cpp/motion_capture_tracking_interfaces/msg/named_pose_array__type_support.cpp.o\x1b[0m\n'}
[3.112744] (motion_capture_tracking_interfaces) StdoutLine: {'line': b'[ 40%] \x1b[32mBuilding CXX object CMakeFiles/motion_capture_tracking_interfaces__rosidl_typesupport_cpp.dir/rosidl_typesupport_cpp/motion_capture_tracking_interfaces/msg/target_position_array__type_support.cpp.o\x1b[0m\n'}
[3.112983] (motion_capture_tracking_interfaces) StdoutLine: {'line': b'[ 40%] \x1b[32mBuilding CXX object CMakeFiles/motion_capture_tracking_interfaces__rosidl_typesupport_cpp.dir/rosidl_typesupport_cpp/motion_capture_tracking_interfaces/msg/named_pose__type_support.cpp.o\x1b[0m\n'}
[3.132696] (motion_capture_tracking_interfaces) StdoutLine: {'line': b'[ 42%] \x1b[32mBuilding CXX object CMakeFiles/motion_capture_tracking_interfaces__rosidl_typesupport_introspection_cpp.dir/rosidl_typesupport_introspection_cpp/motion_capture_tracking_interfaces/msg/detail/named_pose_array__type_support.cpp.o\x1b[0m\n'}
[3.133706] (motion_capture_tracking_interfaces) StdoutLine: {'line': b'[ 45%] \x1b[32mBuilding CXX object CMakeFiles/motion_capture_tracking_interfaces__rosidl_typesupport_introspection_cpp.dir/rosidl_typesupport_introspection_cpp/motion_capture_tracking_interfaces/msg/detail/target_position__type_support.cpp.o\x1b[0m\n'}
[3.133936] (motion_capture_tracking_interfaces) StdoutLine: {'line': b'[ 45%] \x1b[32mBuilding CXX object CMakeFiles/motion_capture_tracking_interfaces__rosidl_typesupport_introspection_cpp.dir/rosidl_typesupport_introspection_cpp/motion_capture_tracking_interfaces/msg/detail/target_position_array__type_support.cpp.o\x1b[0m\n'}
[3.136102] (motion_capture_tracking_interfaces) StdoutLine: {'line': b'[ 46%] \x1b[32mBuilding CXX object CMakeFiles/motion_capture_tracking_interfaces__rosidl_typesupport_introspection_cpp.dir/rosidl_typesupport_introspection_cpp/motion_capture_tracking_interfaces/msg/detail/named_pose__type_support.cpp.o\x1b[0m\n'}
[3.141832] (motion_capture_tracking_interfaces) StdoutLine: {'line': b'[ 48%] \x1b[32mBuilding CXX object CMakeFiles/motion_capture_tracking_interfaces__rosidl_typesupport_c.dir/rosidl_typesupport_c/motion_capture_tracking_interfaces/msg/target_position__type_support.cpp.o\x1b[0m\n'}
[3.142116] (motion_capture_tracking_interfaces) StdoutLine: {'line': b'[ 51%] \x1b[32mBuilding CXX object CMakeFiles/motion_capture_tracking_interfaces__rosidl_typesupport_c.dir/rosidl_typesupport_c/motion_capture_tracking_interfaces/msg/named_pose__type_support.cpp.o\x1b[0m\n'}
[3.142223] (motion_capture_tracking_interfaces) StdoutLine: {'line': b'[ 51%] \x1b[32mBuilding CXX object CMakeFiles/motion_capture_tracking_interfaces__rosidl_typesupport_c.dir/rosidl_typesupport_c/motion_capture_tracking_interfaces/msg/named_pose_array__type_support.cpp.o\x1b[0m\n'}
[3.150786] (motion_capture_tracking_interfaces) StdoutLine: {'line': b'[ 53%] \x1b[32mBuilding CXX object CMakeFiles/motion_capture_tracking_interfaces__rosidl_typesupport_c.dir/rosidl_typesupport_c/motion_capture_tracking_interfaces/msg/target_position_array__type_support.cpp.o\x1b[0m\n'}
[3.184008] (motion_capture_tracking_interfaces) StdoutLine: {'line': b'[ 54%] \x1b[32mBuilding C object CMakeFiles/motion_capture_tracking_interfaces__rosidl_typesupport_introspection_c.dir/rosidl_typesupport_introspection_c/motion_capture_tracking_interfaces/msg/detail/named_pose_array__type_support.c.o\x1b[0m\n'}
[3.184475] (motion_capture_tracking_interfaces) StdoutLine: {'line': b'[ 56%] \x1b[32mBuilding C object CMakeFiles/motion_capture_tracking_interfaces__rosidl_typesupport_introspection_c.dir/rosidl_typesupport_introspection_c/motion_capture_tracking_interfaces/msg/detail/named_pose__type_support.c.o\x1b[0m\n'}
[3.186428] (motion_capture_tracking_interfaces) StdoutLine: {'line': b'[ 57%] \x1b[32mBuilding C object CMakeFiles/motion_capture_tracking_interfaces__rosidl_typesupport_introspection_c.dir/rosidl_typesupport_introspection_c/motion_capture_tracking_interfaces/msg/detail/target_position_array__type_support.c.o\x1b[0m\n'}
[3.190913] (motion_capture_tracking_interfaces) StdoutLine: {'line': b'[ 59%] \x1b[32mBuilding C object CMakeFiles/motion_capture_tracking_interfaces__rosidl_typesupport_introspection_c.dir/rosidl_typesupport_introspection_c/motion_capture_tracking_interfaces/msg/detail/target_position__type_support.c.o\x1b[0m\n'}
[3.191391] (motion_capture_tracking_interfaces) StdoutLine: {'line': b'[ 60%] \x1b[32m\x1b[1mLinking CXX shared library libmotion_capture_tracking_interfaces__rosidl_typesupport_c.so\x1b[0m\n'}
[3.205207] (-) TimerEvent: {}
[3.206988] (motion_capture_tracking_interfaces) StdoutLine: {'line': b'[ 65%] \x1b[32mBuilding CXX object CMakeFiles/motion_capture_tracking_interfaces__rosidl_typesupport_fastrtps_c.dir/rosidl_typesupport_fastrtps_c/motion_capture_tracking_interfaces/msg/detail/named_pose_array__type_support_c.cpp.o\x1b[0m\n'}
[3.207352] (motion_capture_tracking_interfaces) StdoutLine: {'line': b'[ 65%] \x1b[32mBuilding CXX object CMakeFiles/motion_capture_tracking_interfaces__rosidl_typesupport_fastrtps_c.dir/rosidl_typesupport_fastrtps_c/motion_capture_tracking_interfaces/msg/detail/target_position__type_support_c.cpp.o\x1b[0m\n'}
[3.208508] (motion_capture_tracking_interfaces) StdoutLine: {'line': b'[ 65%] \x1b[32mBuilding CXX object CMakeFiles/motion_capture_tracking_interfaces__rosidl_typesupport_fastrtps_c.dir/rosidl_typesupport_fastrtps_c/motion_capture_tracking_interfaces/msg/detail/target_position_array__type_support_c.cpp.o\x1b[0m\n'}
[3.212238] (motion_capture_tracking_interfaces) StdoutLine: {'line': b'[ 67%] \x1b[32mBuilding CXX object CMakeFiles/motion_capture_tracking_interfaces__rosidl_typesupport_fastrtps_c.dir/rosidl_typesupport_fastrtps_c/motion_capture_tracking_interfaces/msg/detail/named_pose__type_support_c.cpp.o\x1b[0m\n'}
[3.217382] (motion_capture_tracking_interfaces) StdoutLine: {'line': b'[ 68%] \x1b[32mBuilding CXX object CMakeFiles/motion_capture_tracking_interfaces__rosidl_typesupport_fastrtps_cpp.dir/rosidl_typesupport_fastrtps_cpp/motion_capture_tracking_interfaces/msg/detail/dds_fastrtps/named_pose__type_support.cpp.o\x1b[0m\n'}
[3.218728] (motion_capture_tracking_interfaces) StdoutLine: {'line': b'[ 71%] \x1b[32mBuilding CXX object CMakeFiles/motion_capture_tracking_interfaces__rosidl_typesupport_fastrtps_cpp.dir/rosidl_typesupport_fastrtps_cpp/motion_capture_tracking_interfaces/msg/detail/dds_fastrtps/named_pose_array__type_support.cpp.o\x1b[0m\n'}
[3.219015] (motion_capture_tracking_interfaces) StdoutLine: {'line': b'[ 71%] \x1b[32mBuilding CXX object CMakeFiles/motion_capture_tracking_interfaces__rosidl_typesupport_fastrtps_cpp.dir/rosidl_typesupport_fastrtps_cpp/motion_capture_tracking_interfaces/msg/detail/dds_fastrtps/target_position__type_support.cpp.o\x1b[0m\n'}
[3.236655] (motion_capture_tracking_interfaces) StdoutLine: {'line': b'[ 73%] \x1b[32mBuilding CXX object CMakeFiles/motion_capture_tracking_interfaces__rosidl_typesupport_fastrtps_cpp.dir/rosidl_typesupport_fastrtps_cpp/motion_capture_tracking_interfaces/msg/detail/dds_fastrtps/target_position_array__type_support.cpp.o\x1b[0m\n'}
[3.253303] (motion_capture_tracking_interfaces) StdoutLine: {'line': b'[ 73%] Built target motion_capture_tracking_interfaces__rosidl_typesupport_c\n'}
[3.254976] (motion_capture_tracking_interfaces) StdoutLine: {'line': b'[ 75%] \x1b[32m\x1b[1mLinking C shared library libmotion_capture_tracking_interfaces__rosidl_typesupport_introspection_c.so\x1b[0m\n'}
[3.300939] (motion_capture_tracking_interfaces) StdoutLine: {'line': b'[ 75%] Built target motion_capture_tracking_interfaces__rosidl_typesupport_introspection_c\n'}
[3.305355] (-) TimerEvent: {}
[3.406716] (-) TimerEvent: {}
[3.476442] (motion_capture_tracking_interfaces) StdoutLine: {'line': b'[ 76%] \x1b[32m\x1b[1mLinking CXX shared library libmotion_capture_tracking_interfaces__rosidl_typesupport_cpp.so\x1b[0m\n'}
[3.506829] (-) TimerEvent: {}
[3.513320] (motion_capture_tracking_interfaces) StdoutLine: {'line': b'[ 76%] Built target motion_capture_tracking_interfaces__rosidl_typesupport_cpp\n'}
[3.533495] (motion_capture_tracking_interfaces) StdoutLine: {'line': b'[ 78%] \x1b[32m\x1b[1mLinking CXX shared library libmotion_capture_tracking_interfaces__rosidl_typesupport_introspection_cpp.so\x1b[0m\n'}
[3.586503] (motion_capture_tracking_interfaces) StdoutLine: {'line': b'[ 78%] Built target motion_capture_tracking_interfaces__rosidl_typesupport_introspection_cpp\n'}
[3.606931] (-) TimerEvent: {}
[3.670628] (motion_capture_tracking_interfaces) StdoutLine: {'line': b'[ 79%] \x1b[32m\x1b[1mLinking CXX shared library libmotion_capture_tracking_interfaces__rosidl_typesupport_fastrtps_cpp.so\x1b[0m\n'}
[3.684111] (motion_capture_tracking_interfaces) StdoutLine: {'line': b'[ 81%] \x1b[32m\x1b[1mLinking CXX shared library libmotion_capture_tracking_interfaces__rosidl_typesupport_fastrtps_c.so\x1b[0m\n'}
[3.707063] (-) TimerEvent: {}
[3.718743] (motion_capture_tracking_interfaces) StdoutLine: {'line': b'[ 81%] Built target motion_capture_tracking_interfaces__rosidl_typesupport_fastrtps_cpp\n'}
[3.739603] (motion_capture_tracking_interfaces) StdoutLine: {'line': b'[ 81%] Built target motion_capture_tracking_interfaces__rosidl_typesupport_fastrtps_c\n'}
[3.755296] (motion_capture_tracking_interfaces) StdoutLine: {'line': b'[ 81%] Built target motion_capture_tracking_interfaces\n'}
[3.772287] (motion_capture_tracking_interfaces) StdoutLine: {'line': b'[ 82%] \x1b[34m\x1b[1mGenerating Python code for ROS interfaces\x1b[0m\n'}
[3.807175] (-) TimerEvent: {}
[3.907522] (-) TimerEvent: {}
[4.007828] (-) TimerEvent: {}
[4.020471] (motion_capture_tracking_interfaces) StdoutLine: {'line': b'[ 82%] Built target motion_capture_tracking_interfaces__py\n'}
[4.034729] (motion_capture_tracking_interfaces) StdoutLine: {'line': b'[ 85%] \x1b[32mBuilding C object CMakeFiles/motion_capture_tracking_interfaces__rosidl_generator_py.dir/rosidl_generator_py/motion_capture_tracking_interfaces/msg/_named_pose_s.c.o\x1b[0m\n'}
[4.034891] (motion_capture_tracking_interfaces) StdoutLine: {'line': b'[ 85%] \x1b[32mBuilding C object CMakeFiles/motion_capture_tracking_interfaces__rosidl_generator_py.dir/rosidl_generator_py/motion_capture_tracking_interfaces/msg/_target_position_s.c.o\x1b[0m\n'}
[4.035318] (motion_capture_tracking_interfaces) StdoutLine: {'line': b'[ 87%] \x1b[32mBuilding C object CMakeFiles/motion_capture_tracking_interfaces__rosidl_generator_py.dir/rosidl_generator_py/motion_capture_tracking_interfaces/msg/_named_pose_array_s.c.o\x1b[0m\n'}
[4.036711] (motion_capture_tracking_interfaces) StdoutLine: {'line': b'[ 89%] \x1b[32mBuilding C object CMakeFiles/motion_capture_tracking_interfaces__rosidl_generator_py.dir/rosidl_generator_py/motion_capture_tracking_interfaces/msg/_target_position_array_s.c.o\x1b[0m\n'}
[4.108033] (-) TimerEvent: {}
[4.122697] (motion_capture_tracking_interfaces) StdoutLine: {'line': b'[ 90%] \x1b[32m\x1b[1mLinking C shared library libmotion_capture_tracking_interfaces__rosidl_generator_py.so\x1b[0m\n'}
[4.155612] (motion_capture_tracking_interfaces) StdoutLine: {'line': b'[ 90%] Built target motion_capture_tracking_interfaces__rosidl_generator_py\n'}
[4.170153] (motion_capture_tracking_interfaces) StdoutLine: {'line': b'[ 92%] \x1b[32mBuilding C object CMakeFiles/motion_capture_tracking_interfaces_s__rosidl_typesupport_c.dir/rosidl_generator_py/motion_capture_tracking_interfaces/_motion_capture_tracking_interfaces_s.ep.rosidl_typesupport_c.c.o\x1b[0m\n'}
[4.170644] (motion_capture_tracking_interfaces) StdoutLine: {'line': b'[ 93%] \x1b[32mBuilding C object CMakeFiles/motion_capture_tracking_interfaces_s__rosidl_typesupport_introspection_c.dir/rosidl_generator_py/motion_capture_tracking_interfaces/_motion_capture_tracking_interfaces_s.ep.rosidl_typesupport_introspection_c.c.o\x1b[0m\n'}
[4.171789] (motion_capture_tracking_interfaces) StdoutLine: {'line': b'[ 95%] \x1b[32mBuilding C object CMakeFiles/motion_capture_tracking_interfaces_s__rosidl_typesupport_fastrtps_c.dir/rosidl_generator_py/motion_capture_tracking_interfaces/_motion_capture_tracking_interfaces_s.ep.rosidl_typesupport_fastrtps_c.c.o\x1b[0m\n'}
[4.208155] (-) TimerEvent: {}
[4.235368] (motion_capture_tracking_interfaces) StdoutLine: {'line': b'[ 98%] \x1b[32m\x1b[1mLinking C shared module rosidl_generator_py/motion_capture_tracking_interfaces/motion_capture_tracking_interfaces_s__rosidl_typesupport_introspection_c.so\x1b[0m\n'}
[4.235609] (motion_capture_tracking_interfaces) StdoutLine: {'line': b'[ 98%] \x1b[32m\x1b[1mLinking C shared module rosidl_generator_py/motion_capture_tracking_interfaces/motion_capture_tracking_interfaces_s__rosidl_typesupport_c.so\x1b[0m\n'}
[4.237645] (motion_capture_tracking_interfaces) StdoutLine: {'line': b'[100%] \x1b[32m\x1b[1mLinking C shared module rosidl_generator_py/motion_capture_tracking_interfaces/motion_capture_tracking_interfaces_s__rosidl_typesupport_fastrtps_c.so\x1b[0m\n'}
[4.259819] (motion_capture_tracking_interfaces) StdoutLine: {'line': b'[100%] Built target motion_capture_tracking_interfaces_s__rosidl_typesupport_fastrtps_c\n'}
[4.261281] (motion_capture_tracking_interfaces) StdoutLine: {'line': b'[100%] Built target motion_capture_tracking_interfaces_s__rosidl_typesupport_c\n'}
[4.263659] (motion_capture_tracking_interfaces) StdoutLine: {'line': b'[100%] Built target motion_capture_tracking_interfaces_s__rosidl_typesupport_introspection_c\n'}
[4.272675] (motion_capture_tracking_interfaces) CommandEnded: {'returncode': 0}
[4.273191] (motion_capture_tracking_interfaces) JobProgress: {'identifier': 'motion_capture_tracking_interfaces', 'progress': 'install'}
[4.279077] (motion_capture_tracking_interfaces) Command: {'cmd': ['/usr/bin/cmake', '--install', '/home/bajdus/Desktop/complete-velocity-messages/ros_ws/build/motion_capture_tracking_interfaces'], 'cwd': '/home/bajdus/Desktop/complete-velocity-messages/ros_ws/build/motion_capture_tracking_interfaces', 'env': OrderedDict({'GJS_DEBUG_TOPICS': 'JS ERROR;JS LOG', 'XDG_ACTIVATION_TOKEN': 'gnome-shell/Terminator/3846-2-LC2075-LIN_TIME4383425', 'LESSOPEN': '| /usr/bin/lesspipe %s', 'USER': 'bajdus', 'XDG_SESSION_TYPE': 'x11', 'SHLVL': '1', 'LD_LIBRARY_PATH': '/usr/local/lib:/opt/ros/jazzy/opt/rviz_ogre_vendor/lib:/opt/ros/jazzy/lib/x86_64-linux-gnu:/opt/ros/jazzy/opt/gz_math_vendor/lib:/opt/ros/jazzy/opt/gz_utils_vendor/lib:/opt/ros/jazzy/opt/gz_cmake_vendor/lib:/opt/ros/jazzy/lib', 'HOME': '/home/bajdus', 'OLDPWD': '/home/bajdus/Desktop/complete-velocity-messages', 'DESKTOP_SESSION': 'ubuntu', 'GIO_LAUNCHED_DESKTOP_FILE': '/usr/share/applications/terminator.desktop', 'ROS_PYTHON_VERSION': '3', 'GNOME_SHELL_SESSION_MODE': 'ubuntu', 'GTK_MODULES': 'gail:atk-bridge', 'MANAGERPID': '3285', 'SYSTEMD_EXEC_PID': '3846', 'GSM_SKIP_SSH_AGENT_WORKAROUND': 'true', 'DBUS_SESSION_BUS_ADDRESS': 'unix:path=/run/user/59016586/bus', 'COLORTERM': 'truecolor', 'TERMINATOR_DBUS_NAME': 'net.tenshu.Terminator23558193cd9818af7fe4d2c2f5bd9d00f', 'GIO_LAUNCHED_DESKTOP_FILE_PID': '9876', 'DEBUGINFOD_URLS': 'https://debuginfod.ubuntu.com', 'ROS_DISTRO': 'jazzy', 'LOGNAME': 'bajdus', 'JOURNAL_STREAM': '9:12286', '_': '/usr/bin/colcon', 'ROS_VERSION': '2', 'MEMORY_PRESSURE_WATCH': '/sys/fs/cgroup/user.slice/user-59016586.slice/user@59016586.service/session.slice/org.gnome.Shell@x11.service/memory.pressure', 'XDG_SESSION_CLASS': 'user', 'USERNAME': 'bajdus', 'TERM': 'xterm-256color', 'GNOME_DESKTOP_SESSION_ID': 'this-is-deprecated', 'WINDOWPATH': '2', 'PATH': '/opt/ros/jazzy/bin:/usr/local/sbin:/usr/local/bin:/usr/sbin:/usr/bin:/sbin:/bin:/usr/games:/usr/local/games:/snap/bin:/snap/bin', 'SESSION_MANAGER': 'local/LC2075-LIN:@/tmp/.ICE-unix/3791,unix/LC2075-LIN:/tmp/.ICE-unix/3791', 'INVOCATION_ID': 'f7d2e5f172f547d6a5a038ef75785c03', 'XDG_MENU_PREFIX': 'gnome-', 'XDG_RUNTIME_DIR': '/run/user/59016586', 'DISPLAY': ':1', 'TERMINATOR_DBUS_PATH': '/net/tenshu/Terminator2', 'LANG': 'en_US.UTF-8', 'XDG_CURRENT_DESKTOP': 'ubuntu:GNOME', 'XMODIFIERS': '@im=ibus', 'XDG_SESSION_DESKTOP': 'ubuntu', 'XAUTHORITY': '/run/user/59016586/gdm/Xauthority', 'LS_COLORS': 'rs=0:di=01;34:ln=01;36:mh=00:pi=40;33:so=01;35:do=01;35:bd=40;33;01:cd=40;33;01:or=40;31;01:mi=00:su=37;41:sg=30;43:ca=00:tw=30;42:ow=34;42:st=37;44:ex=01;32:*.tar=01;31:*.tgz=01;31:*.arc=01;31:*.arj=01;31:*.taz=01;31:*.lha=01;31:*.lz4=01;31:*.lzh=01;31:*.lzma=01;31:*.tlz=01;31:*.txz=01;31:*.tzo=01;31:*.t7z=01;31:*.zip=01;31:*.z=01;31:*.dz=01;31:*.gz=01;31:*.lrz=01;31:*.lz=01;31:*.lzo=01;31:*.xz=01;31:*.zst=01;31:*.tzst=01;31:*.bz2=01;31:*.bz=01;31:*.tbz=01;31:*.tbz2=01;31:*.tz=01;31:*.deb=01;31:*.rpm=01;31:*.jar=01;31:*.war=01;31:*.ear=01;31:*.sar=01;31:*.rar=01;31:*.alz=01;31:*.ace=01;31:*.zoo=01;31:*.cpio=01;31:*.7z=01;31:*.rz=01;31:*.cab=01;31:*.wim=01;31:*.swm=01;31:*.dwm=01;31:*.esd=01;31:*.avif=01;35:*.jpg=01;35:*.jpeg=01;35:*.mjpg=01;35:*.mjpeg=01;35:*.gif=01;35:*.bmp=01;35:*.pbm=01;35:*.pgm=01;35:*.ppm=01;35:*.tga=01;35:*.xbm=01;35:*.xpm=01;35:*.tif=01;35:*.tiff=01;35:*.png=01;35:*.svg=01;35:*.svgz=01;35:*.mng=01;35:*.pcx=01;35:*.mov=01;35:*.mpg=01;35:*.mpeg=01;35:*.m2v=01;35:*.mkv=01;35:*.webm=01;35:*.webp=01;35:*.ogm=01;35:*.mp4=01;35:*.m4v=01;35:*.mp4v=01;35:*.vob=01;35:*.qt=01;35:*.nuv=01;35:*.wmv=01;35:*.asf=01;35:*.rm=01;35:*.rmvb=01;35:*.flc=01;35:*.avi=01;35:*.fli=01;35:*.flv=01;35:*.gl=01;35:*.dl=01;35:*.xcf=01;35:*.xwd=01;35:*.yuv=01;35:*.cgm=01;35:*.emf=01;35:*.ogv=01;35:*.ogx=01;35:*.aac=00;36:*.au=00;36:*.flac=00;36:*.m4a=00;36:*.mid=00;36:*.midi=00;36:*.mka=00;36:*.mp3=00;36:*.mpc=00;36:*.ogg=00;36:*.ra=00;36:*.wav=00;36:*.oga=00;36:*.opus=00;36:*.spx=00;36:*.xspf=00;36:*~=00;90:*#=00;90:*.bak=00;90:*.crdownload=00;90:*.dpkg-dist=00;90:*.dpkg-new=00;90:*.dpkg-old=00;90:*.dpkg-tmp=00;90:*.old=00;90:*.orig=00;90:*.part=00;90:*.rej=00;90:*.rpmnew=00;90:*.rpmorig=00;90:*.rpmsave=00;90:*.swp=00;90:*.tmp=00;90:*.ucf-dist=00;90:*.ucf-new=00;90:*.ucf-old=00;90:', 'SSH_AUTH_SOCK': '/run/user/59016586/keyring/ssh', 'AMENT_PREFIX_PATH': '/opt/ros/jazzy', 'SHELL': '/bin/bash', 'TERMINATOR_UUID': 'urn:uuid:d8dcc6fc-fd5d-48e5-b95e-beca1d5e4672', 'KRB5CCNAME': 'FILE:/tmp/krb5cc_59016586_mxG3pu', 'QT_ACCESSIBILITY': '1', 'GDMSESSION': 'ubuntu', 'LESSCLOSE': '/usr/bin/lesspipe %s %s', 'GPG_AGENT_INFO': '/run/user/59016586/gnupg/S.gpg-agent:0:1', 'GJS_DEBUG_OUTPUT': 'stderr', 'ROS_AUTOMATIC_DISCOVERY_RANGE': 'SUBNET', 'QT_IM_MODULE': 'ibus', 'PWD': '/home/bajdus/Desktop/complete-velocity-messages/ros_ws/build/motion_capture_tracking_interfaces', 'LC_ALL': 'en_US.UTF-8', 'XDG_CONFIG_DIRS': '/etc/xdg/xdg-ubuntu:/etc/xdg', 'XDG_DATA_DIRS': '/usr/share/ubuntu:/usr/share/gnome:/usr/local/share/:/usr/share/:/var/lib/snapd/desktop', 'PYTHONPATH': '/opt/ros/jazzy/lib/python3.12/site-packages', 'COLCON': '1', 'MEMORY_PRESSURE_WRITE': 'c29tZSAyMDAwMDAgMjAwMDAwMAA=', 'VTE_VERSION': '7600', 'CMAKE_PREFIX_PATH': '/usr/local:/opt/ros/jazzy/opt/gz_math_vendor:/opt/ros/jazzy/opt/gz_utils_vendor:/opt/ros/jazzy/opt/gz_cmake_vendor:/opt/ros/jazzy'}), 'shell': False}
[4.284561] (motion_capture_tracking_interfaces) StdoutLine: {'line': b'-- Install configuration: ""\n'}
[4.284994] (motion_capture_tracking_interfaces) StdoutLine: {'line': b'-- Execute custom install script\n'}
[4.285178] (motion_capture_tracking_interfaces) StdoutLine: {'line': b'-- Symlinking: /home/bajdus/Desktop/complete-velocity-messages/ros_ws/install/motion_capture_tracking_interfaces/share/ament_index/resource_index/rosidl_interfaces/motion_capture_tracking_interfaces\n'}
[4.290796] (motion_capture_tracking_interfaces) StdoutLine: {'line': b'-- Symlinking: /home/bajdus/Desktop/complete-velocity-messages/ros_ws/install/motion_capture_tracking_interfaces/share/motion_capture_tracking_interfaces/msg/NamedPose.json\n'}
[4.296277] (motion_capture_tracking_interfaces) StdoutLine: {'line': b'-- Symlinking: /home/bajdus/Desktop/complete-velocity-messages/ros_ws/install/motion_capture_tracking_interfaces/share/motion_capture_tracking_interfaces/msg/NamedPoseArray.json\n'}
[4.301707] (motion_capture_tracking_interfaces) StdoutLine: {'line': b'-- Symlinking: /home/bajdus/Desktop/complete-velocity-messages/ros_ws/install/motion_capture_tracking_interfaces/share/motion_capture_tracking_interfaces/msg/TargetPosition.json\n'}
[4.306575] (motion_capture_tracking_interfaces) StdoutLine: {'line': b'-- Symlinking: /home/bajdus/Desktop/complete-velocity-messages/ros_ws/install/motion_capture_tracking_interfaces/share/motion_capture_tracking_interfaces/msg/TargetPositionArray.json\n'}
[4.308248] (-) TimerEvent: {}
[4.312093] (motion_capture_tracking_interfaces) StdoutLine: {'line': b'-- Symlinking: /home/bajdus/Desktop/complete-velocity-messages/ros_ws/install/motion_capture_tracking_interfaces/include/motion_capture_tracking_interfaces/motion_capture_tracking_interfaces/msg/detail/named_pose__functions.h\n'}
[4.317483] (motion_capture_tracking_interfaces) StdoutLine: {'line': b'-- Symlinking: /home/bajdus/Desktop/complete-velocity-messages/ros_ws/install/motion_capture_tracking_interfaces/include/motion_capture_tracking_interfaces/motion_capture_tracking_interfaces/msg/detail/named_pose__struct.h\n'}
[4.325196] (motion_capture_tracking_interfaces) StdoutLine: {'line': b'-- Symlinking: /home/bajdus/Desktop/complete-velocity-messages/ros_ws/install/motion_capture_tracking_interfaces/include/motion_capture_tracking_interfaces/motion_capture_tracking_interfaces/msg/detail/named_pose__type_support.h\n'}
[4.331405] (motion_capture_tracking_interfaces) StdoutLine: {'line': b'-- Symlinking: /home/bajdus/Desktop/complete-velocity-messages/ros_ws/install/motion_capture_tracking_interfaces/include/motion_capture_tracking_interfaces/motion_capture_tracking_interfaces/msg/detail/named_pose_array__functions.h\n'}
[4.337396] (motion_capture_tracking_interfaces) StdoutLine: {'line': b'-- Symlinking: /home/bajdus/Desktop/complete-velocity-messages/ros_ws/install/motion_capture_tracking_interfaces/include/motion_capture_tracking_interfaces/motion_capture_tracking_interfaces/msg/detail/named_pose_array__struct.h\n'}
[4.342748] (motion_capture_tracking_interfaces) StdoutLine: {'line': b'-- Symlinking: /home/bajdus/Desktop/complete-velocity-messages/ros_ws/install/motion_capture_tracking_interfaces/include/motion_capture_tracking_interfaces/motion_capture_tracking_interfaces/msg/detail/named_pose_array__type_support.h\n'}
[4.348947] (motion_capture_tracking_interfaces) StdoutLine: {'line': b'-- Symlinking: /home/bajdus/Desktop/complete-velocity-messages/ros_ws/install/motion_capture_tracking_interfaces/include/motion_capture_tracking_interfaces/motion_capture_tracking_interfaces/msg/detail/target_position__functions.h\n'}
[4.355647] (motion_capture_tracking_interfaces) StdoutLine: {'line': b'-- Symlinking: /home/bajdus/Desktop/complete-velocity-messages/ros_ws/install/motion_capture_tracking_interfaces/include/motion_capture_tracking_interfaces/motion_capture_tracking_interfaces/msg/detail/target_position__struct.h\n'}
[4.360878] (motion_capture_tracking_interfaces) StdoutLine: {'line': b'-- Symlinking: /home/bajdus/Desktop/complete-velocity-messages/ros_ws/install/motion_capture_tracking_interfaces/include/motion_capture_tracking_interfaces/motion_capture_tracking_interfaces/msg/detail/target_position__type_support.h\n'}
[4.368170] (motion_capture_tracking_interfaces) StdoutLine: {'line': b'-- Symlinking: /home/bajdus/Desktop/complete-velocity-messages/ros_ws/install/motion_capture_tracking_interfaces/include/motion_capture_tracking_interfaces/motion_capture_tracking_interfaces/msg/detail/target_position_array__functions.h\n'}
[4.374562] (motion_capture_tracking_interfaces) StdoutLine: {'line': b'-- Symlinking: /home/bajdus/Desktop/complete-velocity-messages/ros_ws/install/motion_capture_tracking_interfaces/include/motion_capture_tracking_interfaces/motion_capture_tracking_interfaces/msg/detail/target_position_array__struct.h\n'}
[4.379811] (motion_capture_tracking_interfaces) StdoutLine: {'line': b'-- Symlinking: /home/bajdus/Desktop/complete-velocity-messages/ros_ws/install/motion_capture_tracking_interfaces/include/motion_capture_tracking_interfaces/motion_capture_tracking_interfaces/msg/detail/target_position_array__type_support.h\n'}
[4.384908] (motion_capture_tracking_interfaces) StdoutLine: {'line': b'-- Symlinking: /home/bajdus/Desktop/complete-velocity-messages/ros_ws/install/motion_capture_tracking_interfaces/include/motion_capture_tracking_interfaces/motion_capture_tracking_interfaces/msg/named_pose.h\n'}
[4.390975] (motion_capture_tracking_interfaces) StdoutLine: {'line': b'-- Symlinking: /home/bajdus/Desktop/complete-velocity-messages/ros_ws/install/motion_capture_tracking_interfaces/include/motion_capture_tracking_interfaces/motion_capture_tracking_interfaces/msg/named_pose_array.h\n'}
[4.398586] (motion_capture_tracking_interfaces) StdoutLine: {'line': b'-- Symlinking: /home/bajdus/Desktop/complete-velocity-messages/ros_ws/install/motion_capture_tracking_interfaces/include/motion_capture_tracking_interfaces/motion_capture_tracking_interfaces/msg/rosidl_generator_c__visibility_control.h\n'}
[4.404373] (motion_capture_tracking_interfaces) StdoutLine: {'line': b'-- Symlinking: /home/bajdus/Desktop/complete-velocity-messages/ros_ws/install/motion_capture_tracking_interfaces/include/motion_capture_tracking_interfaces/motion_capture_tracking_interfaces/msg/target_position.h\n'}
[4.408350] (-) TimerEvent: {}
[4.410036] (motion_capture_tracking_interfaces) StdoutLine: {'line': b'-- Symlinking: /home/bajdus/Desktop/complete-velocity-messages/ros_ws/install/motion_capture_tracking_interfaces/include/motion_capture_tracking_interfaces/motion_capture_tracking_interfaces/msg/target_position_array.h\n'}
[4.418326] (motion_capture_tracking_interfaces) StdoutLine: {'line': b'-- Symlinking: /home/bajdus/Desktop/complete-velocity-messages/ros_ws/install/motion_capture_tracking_interfaces/share/motion_capture_tracking_interfaces/environment/library_path.sh\n'}
[4.425635] (motion_capture_tracking_interfaces) StdoutLine: {'line': b'-- Symlinking: /home/bajdus/Desktop/complete-velocity-messages/ros_ws/install/motion_capture_tracking_interfaces/share/motion_capture_tracking_interfaces/environment/library_path.dsv\n'}
[4.431749] (motion_capture_tracking_interfaces) StdoutLine: {'line': b'-- Symlinking: /home/bajdus/Desktop/complete-velocity-messages/ros_ws/install/motion_capture_tracking_interfaces/include/motion_capture_tracking_interfaces/motion_capture_tracking_interfaces/msg/detail/named_pose__rosidl_typesupport_fastrtps_c.h\n'}
[4.437696] (motion_capture_tracking_interfaces) StdoutLine: {'line': b'-- Symlinking: /home/bajdus/Desktop/complete-velocity-messages/ros_ws/install/motion_capture_tracking_interfaces/include/motion_capture_tracking_interfaces/motion_capture_tracking_interfaces/msg/detail/named_pose_array__rosidl_typesupport_fastrtps_c.h\n'}
[4.443039] (motion_capture_tracking_interfaces) StdoutLine: {'line': b'-- Symlinking: /home/bajdus/Desktop/complete-velocity-messages/ros_ws/install/motion_capture_tracking_interfaces/include/motion_capture_tracking_interfaces/motion_capture_tracking_interfaces/msg/detail/target_position__rosidl_typesupport_fastrtps_c.h\n'}
[4.450482] (motion_capture_tracking_interfaces) StdoutLine: {'line': b'-- Symlinking: /home/bajdus/Desktop/complete-velocity-messages/ros_ws/install/motion_capture_tracking_interfaces/include/motion_capture_tracking_interfaces/motion_capture_tracking_interfaces/msg/detail/target_position_array__rosidl_typesupport_fastrtps_c.h\n'}
[4.458739] (motion_capture_tracking_interfaces) StdoutLine: {'line': b'-- Symlinking: /home/bajdus/Desktop/complete-velocity-messages/ros_ws/install/motion_capture_tracking_interfaces/include/motion_capture_tracking_interfaces/motion_capture_tracking_interfaces/msg/rosidl_typesupport_fastrtps_c__visibility_control.h\n'}
[4.464489] (motion_capture_tracking_interfaces) StdoutLine: {'line': b'-- Symlinking: /home/bajdus/Desktop/complete-velocity-messages/ros_ws/install/motion_capture_tracking_interfaces/include/motion_capture_tracking_interfaces/motion_capture_tracking_interfaces/msg/detail/named_pose__builder.hpp\n'}
[4.470132] (motion_capture_tracking_interfaces) StdoutLine: {'line': b'-- Symlinking: /home/bajdus/Desktop/complete-velocity-messages/ros_ws/install/motion_capture_tracking_interfaces/include/motion_capture_tracking_interfaces/motion_capture_tracking_interfaces/msg/detail/named_pose__struct.hpp\n'}
[4.475880] (motion_capture_tracking_interfaces) StdoutLine: {'line': b'-- Symlinking: /home/bajdus/Desktop/complete-velocity-messages/ros_ws/install/motion_capture_tracking_interfaces/include/motion_capture_tracking_interfaces/motion_capture_tracking_interfaces/msg/detail/named_pose__traits.hpp\n'}
[4.481226] (motion_capture_tracking_interfaces) StdoutLine: {'line': b'-- Symlinking: /home/bajdus/Desktop/complete-velocity-messages/ros_ws/install/motion_capture_tracking_interfaces/include/motion_capture_tracking_interfaces/motion_capture_tracking_interfaces/msg/detail/named_pose__type_support.hpp\n'}
[4.489442] (motion_capture_tracking_interfaces) StdoutLine: {'line': b'-- Symlinking: /home/bajdus/Desktop/complete-velocity-messages/ros_ws/install/motion_capture_tracking_interfaces/include/motion_capture_tracking_interfaces/motion_capture_tracking_interfaces/msg/detail/named_pose_array__builder.hpp\n'}
[4.497397] (motion_capture_tracking_interfaces) StdoutLine: {'line': b'-- Symlinking: /home/bajdus/Desktop/complete-velocity-messages/ros_ws/install/motion_capture_tracking_interfaces/include/motion_capture_tracking_interfaces/motion_capture_tracking_interfaces/msg/detail/named_pose_array__struct.hpp\n'}
[4.505155] (motion_capture_tracking_interfaces) StdoutLine: {'line': b'-- Symlinking: /home/bajdus/Desktop/complete-velocity-messages/ros_ws/install/motion_capture_tracking_interfaces/include/motion_capture_tracking_interfaces/motion_capture_tracking_interfaces/msg/detail/named_pose_array__traits.hpp\n'}
[4.508412] (-) TimerEvent: {}
[4.512471] (motion_capture_tracking_interfaces) StdoutLine: {'line': b'-- Symlinking: /home/bajdus/Desktop/complete-velocity-messages/ros_ws/install/motion_capture_tracking_interfaces/include/motion_capture_tracking_interfaces/motion_capture_tracking_interfaces/msg/detail/named_pose_array__type_support.hpp\n'}
[4.520020] (motion_capture_tracking_interfaces) StdoutLine: {'line': b'-- Symlinking: /home/bajdus/Desktop/complete-velocity-messages/ros_ws/install/motion_capture_tracking_interfaces/include/motion_capture_tracking_interfaces/motion_capture_tracking_interfaces/msg/detail/target_position__builder.hpp\n'}
[4.525118] (motion_capture_tracking_interfaces) StdoutLine: {'line': b'-- Symlinking: /home/bajdus/Desktop/complete-velocity-messages/ros_ws/install/motion_capture_tracking_interfaces/include/motion_capture_tracking_interfaces/motion_capture_tracking_interfaces/msg/detail/target_position__struct.hpp\n'}
[4.531944] (motion_capture_tracking_interfaces) StdoutLine: {'line': b'-- Symlinking: /home/bajdus/Desktop/complete-velocity-messages/ros_ws/install/motion_capture_tracking_interfaces/include/motion_capture_tracking_interfaces/motion_capture_tracking_interfaces/msg/detail/target_position__traits.hpp\n'}
[4.537129] (motion_capture_tracking_interfaces) StdoutLine: {'line': b'-- Symlinking: /home/bajdus/Desktop/complete-velocity-messages/ros_ws/install/motion_capture_tracking_interfaces/include/motion_capture_tracking_interfaces/motion_capture_tracking_interfaces/msg/detail/target_position__type_support.hpp\n'}
[4.542807] (motion_capture_tracking_interfaces) StdoutLine: {'line': b'-- Symlinking: /home/bajdus/Desktop/complete-velocity-messages/ros_ws/install/motion_capture_tracking_interfaces/include/motion_capture_tracking_interfaces/motion_capture_tracking_interfaces/msg/detail/target_position_array__builder.hpp\n'}
[4.548204] (motion_capture_tracking_interfaces) StdoutLine: {'line': b'-- Symlinking: /home/bajdus/Desktop/complete-velocity-messages/ros_ws/install/motion_capture_tracking_interfaces/include/motion_capture_tracking_interfaces/motion_capture_tracking_interfaces/msg/detail/target_position_array__struct.hpp\n'}
[4.554347] (motion_capture_tracking_interfaces) StdoutLine: {'line': b'-- Symlinking: /home/bajdus/Desktop/complete-velocity-messages/ros_ws/install/motion_capture_tracking_interfaces/include/motion_capture_tracking_interfaces/motion_capture_tracking_interfaces/msg/detail/target_position_array__traits.hpp\n'}
[4.560609] (motion_capture_tracking_interfaces) StdoutLine: {'line': b'-- Symlinking: /home/bajdus/Desktop/complete-velocity-messages/ros_ws/install/motion_capture_tracking_interfaces/include/motion_capture_tracking_interfaces/motion_capture_tracking_interfaces/msg/detail/target_position_array__type_support.hpp\n'}
[4.565962] (motion_capture_tracking_interfaces) StdoutLine: {'line': b'-- Symlinking: /home/bajdus/Desktop/complete-velocity-messages/ros_ws/install/motion_capture_tracking_interfaces/include/motion_capture_tracking_interfaces/motion_capture_tracking_interfaces/msg/named_pose.hpp\n'}
[4.572619] (motion_capture_tracking_interfaces) StdoutLine: {'line': b'-- Symlinking: /home/bajdus/Desktop/complete-velocity-messages/ros_ws/install/motion_capture_tracking_interfaces/include/motion_capture_tracking_interfaces/motion_capture_tracking_interfaces/msg/named_pose_array.hpp\n'}
[4.577908] (motion_capture_tracking_interfaces) StdoutLine: {'line': b'-- Symlinking: /home/bajdus/Desktop/complete-velocity-messages/ros_ws/install/motion_capture_tracking_interfaces/include/motion_capture_tracking_interfaces/motion_capture_tracking_interfaces/msg/rosidl_generator_cpp__visibility_control.hpp\n'}
[4.583604] (motion_capture_tracking_interfaces) StdoutLine: {'line': b'-- Symlinking: /home/bajdus/Desktop/complete-velocity-messages/ros_ws/install/motion_capture_tracking_interfaces/include/motion_capture_tracking_interfaces/motion_capture_tracking_interfaces/msg/target_position.hpp\n'}
[4.588710] (motion_capture_tracking_interfaces) StdoutLine: {'line': b'-- Symlinking: /home/bajdus/Desktop/complete-velocity-messages/ros_ws/install/motion_capture_tracking_interfaces/include/motion_capture_tracking_interfaces/motion_capture_tracking_interfaces/msg/target_position_array.hpp\n'}
[4.595342] (motion_capture_tracking_interfaces) StdoutLine: {'line': b'-- Symlinking: /home/bajdus/Desktop/complete-velocity-messages/ros_ws/install/motion_capture_tracking_interfaces/include/motion_capture_tracking_interfaces/motion_capture_tracking_interfaces/msg/detail/named_pose__rosidl_typesupport_fastrtps_cpp.hpp\n'}
[4.600658] (motion_capture_tracking_interfaces) StdoutLine: {'line': b'-- Symlinking: /home/bajdus/Desktop/complete-velocity-messages/ros_ws/install/motion_capture_tracking_interfaces/include/motion_capture_tracking_interfaces/motion_capture_tracking_interfaces/msg/detail/named_pose_array__rosidl_typesupport_fastrtps_cpp.hpp\n'}
[4.607089] (motion_capture_tracking_interfaces) StdoutLine: {'line': b'-- Symlinking: /home/bajdus/Desktop/complete-velocity-messages/ros_ws/install/motion_capture_tracking_interfaces/include/motion_capture_tracking_interfaces/motion_capture_tracking_interfaces/msg/detail/target_position__rosidl_typesupport_fastrtps_cpp.hpp\n'}
[4.608505] (-) TimerEvent: {}
[4.613077] (motion_capture_tracking_interfaces) StdoutLine: {'line': b'-- Symlinking: /home/bajdus/Desktop/complete-velocity-messages/ros_ws/install/motion_capture_tracking_interfaces/include/motion_capture_tracking_interfaces/motion_capture_tracking_interfaces/msg/detail/target_position_array__rosidl_typesupport_fastrtps_cpp.hpp\n'}
[4.618543] (motion_capture_tracking_interfaces) StdoutLine: {'line': b'-- Symlinking: /home/bajdus/Desktop/complete-velocity-messages/ros_ws/install/motion_capture_tracking_interfaces/include/motion_capture_tracking_interfaces/motion_capture_tracking_interfaces/msg/rosidl_typesupport_fastrtps_cpp__visibility_control.h\n'}
[4.624045] (motion_capture_tracking_interfaces) StdoutLine: {'line': b'-- Symlinking: /home/bajdus/Desktop/complete-velocity-messages/ros_ws/install/motion_capture_tracking_interfaces/include/motion_capture_tracking_interfaces/motion_capture_tracking_interfaces/msg/detail/named_pose__rosidl_typesupport_introspection_c.h\n'}
[4.629040] (motion_capture_tracking_interfaces) StdoutLine: {'line': b'-- Symlinking: /home/bajdus/Desktop/complete-velocity-messages/ros_ws/install/motion_capture_tracking_interfaces/include/motion_capture_tracking_interfaces/motion_capture_tracking_interfaces/msg/detail/named_pose_array__rosidl_typesupport_introspection_c.h\n'}
[4.636134] (motion_capture_tracking_interfaces) StdoutLine: {'line': b'-- Symlinking: /home/bajdus/Desktop/complete-velocity-messages/ros_ws/install/motion_capture_tracking_interfaces/include/motion_capture_tracking_interfaces/motion_capture_tracking_interfaces/msg/detail/target_position__rosidl_typesupport_introspection_c.h\n'}
[4.641160] (motion_capture_tracking_interfaces) StdoutLine: {'line': b'-- Symlinking: /home/bajdus/Desktop/complete-velocity-messages/ros_ws/install/motion_capture_tracking_interfaces/include/motion_capture_tracking_interfaces/motion_capture_tracking_interfaces/msg/detail/target_position_array__rosidl_typesupport_introspection_c.h\n'}
[4.646927] (motion_capture_tracking_interfaces) StdoutLine: {'line': b'-- Symlinking: /home/bajdus/Desktop/complete-velocity-messages/ros_ws/install/motion_capture_tracking_interfaces/include/motion_capture_tracking_interfaces/motion_capture_tracking_interfaces/msg/rosidl_typesupport_introspection_c__visibility_control.h\n'}
[4.655038] (motion_capture_tracking_interfaces) StdoutLine: {'line': b'-- Symlinking: /home/bajdus/Desktop/complete-velocity-messages/ros_ws/install/motion_capture_tracking_interfaces/include/motion_capture_tracking_interfaces/motion_capture_tracking_interfaces/msg/detail/named_pose__rosidl_typesupport_introspection_cpp.hpp\n'}
[4.660644] (motion_capture_tracking_interfaces) StdoutLine: {'line': b'-- Symlinking: /home/bajdus/Desktop/complete-velocity-messages/ros_ws/install/motion_capture_tracking_interfaces/include/motion_capture_tracking_interfaces/motion_capture_tracking_interfaces/msg/detail/named_pose_array__rosidl_typesupport_introspection_cpp.hpp\n'}
[4.665638] (motion_capture_tracking_interfaces) StdoutLine: {'line': b'-- Symlinking: /home/bajdus/Desktop/complete-velocity-messages/ros_ws/install/motion_capture_tracking_interfaces/include/motion_capture_tracking_interfaces/motion_capture_tracking_interfaces/msg/detail/target_position__rosidl_typesupport_introspection_cpp.hpp\n'}
[4.672363] (motion_capture_tracking_interfaces) StdoutLine: {'line': b'-- Symlinking: /home/bajdus/Desktop/complete-velocity-messages/ros_ws/install/motion_capture_tracking_interfaces/include/motion_capture_tracking_interfaces/motion_capture_tracking_interfaces/msg/detail/target_position_array__rosidl_typesupport_introspection_cpp.hpp\n'}
[4.678373] (motion_capture_tracking_interfaces) StdoutLine: {'line': b'-- Symlinking: /home/bajdus/Desktop/complete-velocity-messages/ros_ws/install/motion_capture_tracking_interfaces/share/motion_capture_tracking_interfaces/environment/pythonpath.sh\n'}
[4.684166] (motion_capture_tracking_interfaces) StdoutLine: {'line': b'-- Symlinking: /home/bajdus/Desktop/complete-velocity-messages/ros_ws/install/motion_capture_tracking_interfaces/share/motion_capture_tracking_interfaces/environment/pythonpath.dsv\n'}
[4.689502] (motion_capture_tracking_interfaces) StdoutLine: {'line': b'-- Symlinking: /home/bajdus/Desktop/complete-velocity-messages/ros_ws/install/motion_capture_tracking_interfaces/lib/python3.12/site-packages/motion_capture_tracking_interfaces-1.0.5-py3.12.egg-info/PKG-INFO\n'}
[4.694626] (motion_capture_tracking_interfaces) StdoutLine: {'line': b'-- Symlinking: /home/bajdus/Desktop/complete-velocity-messages/ros_ws/install/motion_capture_tracking_interfaces/lib/python3.12/site-packages/motion_capture_tracking_interfaces-1.0.5-py3.12.egg-info/SOURCES.txt\n'}
[4.702362] (motion_capture_tracking_interfaces) StdoutLine: {'line': b'-- Symlinking: /home/bajdus/Desktop/complete-velocity-messages/ros_ws/install/motion_capture_tracking_interfaces/lib/python3.12/site-packages/motion_capture_tracking_interfaces-1.0.5-py3.12.egg-info/dependency_links.txt\n'}
[4.708651] (-) TimerEvent: {}
[4.709265] (motion_capture_tracking_interfaces) StdoutLine: {'line': b'-- Symlinking: /home/bajdus/Desktop/complete-velocity-messages/ros_ws/install/motion_capture_tracking_interfaces/lib/python3.12/site-packages/motion_capture_tracking_interfaces-1.0.5-py3.12.egg-info/top_level.txt\n'}
[4.715036] (motion_capture_tracking_interfaces) StdoutLine: {'line': b'-- Symlinking: /home/bajdus/Desktop/complete-velocity-messages/ros_ws/install/motion_capture_tracking_interfaces/lib/python3.12/site-packages/motion_capture_tracking_interfaces/__init__.py\n'}
[4.720519] (motion_capture_tracking_interfaces) StdoutLine: {'line': b'-- Symlinking: /home/bajdus/Desktop/complete-velocity-messages/ros_ws/install/motion_capture_tracking_interfaces/lib/python3.12/site-packages/motion_capture_tracking_interfaces/_motion_capture_tracking_interfaces_s.ep.rosidl_typesupport_c.c\n'}
[4.726617] (motion_capture_tracking_interfaces) StdoutLine: {'line': b'-- Symlinking: /home/bajdus/Desktop/complete-velocity-messages/ros_ws/install/motion_capture_tracking_interfaces/lib/python3.12/site-packages/motion_capture_tracking_interfaces/_motion_capture_tracking_interfaces_s.ep.rosidl_typesupport_fastrtps_c.c\n'}
[4.734629] (motion_capture_tracking_interfaces) StdoutLine: {'line': b'-- Symlinking: /home/bajdus/Desktop/complete-velocity-messages/ros_ws/install/motion_capture_tracking_interfaces/lib/python3.12/site-packages/motion_capture_tracking_interfaces/_motion_capture_tracking_interfaces_s.ep.rosidl_typesupport_introspection_c.c\n'}
[4.740777] (motion_capture_tracking_interfaces) StdoutLine: {'line': b'-- Symlinking: /home/bajdus/Desktop/complete-velocity-messages/ros_ws/install/motion_capture_tracking_interfaces/lib/python3.12/site-packages/motion_capture_tracking_interfaces/motion_capture_tracking_interfaces_s__rosidl_typesupport_c.so\n'}
[4.745744] (motion_capture_tracking_interfaces) StdoutLine: {'line': b'-- Symlinking: /home/bajdus/Desktop/complete-velocity-messages/ros_ws/install/motion_capture_tracking_interfaces/lib/python3.12/site-packages/motion_capture_tracking_interfaces/motion_capture_tracking_interfaces_s__rosidl_typesupport_fastrtps_c.so\n'}
[4.752815] (motion_capture_tracking_interfaces) StdoutLine: {'line': b'-- Symlinking: /home/bajdus/Desktop/complete-velocity-messages/ros_ws/install/motion_capture_tracking_interfaces/lib/python3.12/site-packages/motion_capture_tracking_interfaces/motion_capture_tracking_interfaces_s__rosidl_typesupport_introspection_c.so\n'}
[4.758271] (motion_capture_tracking_interfaces) StdoutLine: {'line': b'-- Symlinking: /home/bajdus/Desktop/complete-velocity-messages/ros_ws/install/motion_capture_tracking_interfaces/lib/python3.12/site-packages/motion_capture_tracking_interfaces/msg/__init__.py\n'}
[4.763514] (motion_capture_tracking_interfaces) StdoutLine: {'line': b'-- Symlinking: /home/bajdus/Desktop/complete-velocity-messages/ros_ws/install/motion_capture_tracking_interfaces/lib/python3.12/site-packages/motion_capture_tracking_interfaces/msg/_named_pose.py\n'}
[4.768927] (motion_capture_tracking_interfaces) StdoutLine: {'line': b'-- Symlinking: /home/bajdus/Desktop/complete-velocity-messages/ros_ws/install/motion_capture_tracking_interfaces/lib/python3.12/site-packages/motion_capture_tracking_interfaces/msg/_named_pose_array.py\n'}
[4.773883] (motion_capture_tracking_interfaces) StdoutLine: {'line': b'-- Symlinking: /home/bajdus/Desktop/complete-velocity-messages/ros_ws/install/motion_capture_tracking_interfaces/lib/python3.12/site-packages/motion_capture_tracking_interfaces/msg/_named_pose_array_s.c\n'}
[4.779492] (motion_capture_tracking_interfaces) StdoutLine: {'line': b'-- Symlinking: /home/bajdus/Desktop/complete-velocity-messages/ros_ws/install/motion_capture_tracking_interfaces/lib/python3.12/site-packages/motion_capture_tracking_interfaces/msg/_named_pose_s.c\n'}
[4.785246] (motion_capture_tracking_interfaces) StdoutLine: {'line': b'-- Symlinking: /home/bajdus/Desktop/complete-velocity-messages/ros_ws/install/motion_capture_tracking_interfaces/lib/python3.12/site-packages/motion_capture_tracking_interfaces/msg/_target_position.py\n'}
[4.790573] (motion_capture_tracking_interfaces) StdoutLine: {'line': b'-- Symlinking: /home/bajdus/Desktop/complete-velocity-messages/ros_ws/install/motion_capture_tracking_interfaces/lib/python3.12/site-packages/motion_capture_tracking_interfaces/msg/_target_position_array.py\n'}
[4.796334] (motion_capture_tracking_interfaces) StdoutLine: {'line': b'-- Symlinking: /home/bajdus/Desktop/complete-velocity-messages/ros_ws/install/motion_capture_tracking_interfaces/lib/python3.12/site-packages/motion_capture_tracking_interfaces/msg/_target_position_array_s.c\n'}
[4.802133] (motion_capture_tracking_interfaces) StdoutLine: {'line': b'-- Symlinking: /home/bajdus/Desktop/complete-velocity-messages/ros_ws/install/motion_capture_tracking_interfaces/lib/python3.12/site-packages/motion_capture_tracking_interfaces/msg/_target_position_s.c\n'}
[4.808748] (-) TimerEvent: {}
[4.809989] (motion_capture_tracking_interfaces) StdoutLine: {'line': b'-- Up-to-date symlink: /home/bajdus/Desktop/complete-velocity-messages/ros_ws/install/motion_capture_tracking_interfaces/lib/python3.12/site-packages/motion_capture_tracking_interfaces/motion_capture_tracking_interfaces_s__rosidl_typesupport_fastrtps_c.so\n'}
[4.810165] (motion_capture_tracking_interfaces) StdoutLine: {'line': b'-- Up-to-date symlink: /home/bajdus/Desktop/complete-velocity-messages/ros_ws/install/motion_capture_tracking_interfaces/lib/python3.12/site-packages/motion_capture_tracking_interfaces/motion_capture_tracking_interfaces_s__rosidl_typesupport_introspection_c.so\n'}
[4.810346] (motion_capture_tracking_interfaces) StdoutLine: {'line': b'-- Up-to-date symlink: /home/bajdus/Desktop/complete-velocity-messages/ros_ws/install/motion_capture_tracking_interfaces/lib/python3.12/site-packages/motion_capture_tracking_interfaces/motion_capture_tracking_interfaces_s__rosidl_typesupport_c.so\n'}
[4.810566] (motion_capture_tracking_interfaces) StdoutLine: {'line': b'-- Symlinking: /home/bajdus/Desktop/complete-velocity-messages/ros_ws/install/motion_capture_tracking_interfaces/share/motion_capture_tracking_interfaces/msg/NamedPose.idl\n'}
[4.818890] (motion_capture_tracking_interfaces) StdoutLine: {'line': b'-- Symlinking: /home/bajdus/Desktop/complete-velocity-messages/ros_ws/install/motion_capture_tracking_interfaces/share/motion_capture_tracking_interfaces/msg/NamedPoseArray.idl\n'}
[4.824138] (motion_capture_tracking_interfaces) StdoutLine: {'line': b'-- Symlinking: /home/bajdus/Desktop/complete-velocity-messages/ros_ws/install/motion_capture_tracking_interfaces/share/motion_capture_tracking_interfaces/msg/TargetPosition.idl\n'}
[4.831814] (motion_capture_tracking_interfaces) StdoutLine: {'line': b'-- Symlinking: /home/bajdus/Desktop/complete-velocity-messages/ros_ws/install/motion_capture_tracking_interfaces/share/motion_capture_tracking_interfaces/msg/TargetPositionArray.idl\n'}
[4.838959] (motion_capture_tracking_interfaces) StdoutLine: {'line': b'-- Symlinking: /home/bajdus/Desktop/complete-velocity-messages/ros_ws/install/motion_capture_tracking_interfaces/share/motion_capture_tracking_interfaces/msg/NamedPose.msg\n'}
[4.843949] (motion_capture_tracking_interfaces) StdoutLine: {'line': b'-- Symlinking: /home/bajdus/Desktop/complete-velocity-messages/ros_ws/install/motion_capture_tracking_interfaces/share/motion_capture_tracking_interfaces/msg/NamedPoseArray.msg\n'}
[4.848917] (motion_capture_tracking_interfaces) StdoutLine: {'line': b'-- Symlinking: /home/bajdus/Desktop/complete-velocity-messages/ros_ws/install/motion_capture_tracking_interfaces/share/motion_capture_tracking_interfaces/msg/TargetPosition.msg\n'}
[4.854835] (motion_capture_tracking_interfaces) StdoutLine: {'line': b'-- Symlinking: /home/bajdus/Desktop/complete-velocity-messages/ros_ws/install/motion_capture_tracking_interfaces/share/motion_capture_tracking_interfaces/msg/TargetPositionArray.msg\n'}
[4.860897] (motion_capture_tracking_interfaces) StdoutLine: {'line': b'-- Symlinking: /home/bajdus/Desktop/complete-velocity-messages/ros_ws/install/motion_capture_tracking_interfaces/share/ament_index/resource_index/package_run_dependencies/motion_capture_tracking_interfaces\n'}
[4.867100] (motion_capture_tracking_interfaces) StdoutLine: {'line': b'-- Symlinking: /home/bajdus/Desktop/complete-velocity-messages/ros_ws/install/motion_capture_tracking_interfaces/share/ament_index/resource_index/parent_prefix_path/motion_capture_tracking_interfaces\n'}
[4.873635] (motion_capture_tracking_interfaces) StdoutLine: {'line': b'-- Symlinking: /home/bajdus/Desktop/complete-velocity-messages/ros_ws/install/motion_capture_tracking_interfaces/share/motion_capture_tracking_interfaces/environment/ament_prefix_path.sh\n'}
[4.879567] (motion_capture_tracking_interfaces) StdoutLine: {'line': b'-- Symlinking: /home/bajdus/Desktop/complete-velocity-messages/ros_ws/install/motion_capture_tracking_interfaces/share/motion_capture_tracking_interfaces/environment/ament_prefix_path.dsv\n'}
[4.884849] (motion_capture_tracking_interfaces) StdoutLine: {'line': b'-- Symlinking: /home/bajdus/Desktop/complete-velocity-messages/ros_ws/install/motion_capture_tracking_interfaces/share/motion_capture_tracking_interfaces/environment/path.sh\n'}
[4.890249] (motion_capture_tracking_interfaces) StdoutLine: {'line': b'-- Symlinking: /home/bajdus/Desktop/complete-velocity-messages/ros_ws/install/motion_capture_tracking_interfaces/share/motion_capture_tracking_interfaces/environment/path.dsv\n'}
[4.895474] (motion_capture_tracking_interfaces) StdoutLine: {'line': b'-- Symlinking: /home/bajdus/Desktop/complete-velocity-messages/ros_ws/install/motion_capture_tracking_interfaces/share/motion_capture_tracking_interfaces/local_setup.bash\n'}
[4.900954] (motion_capture_tracking_interfaces) StdoutLine: {'line': b'-- Symlinking: /home/bajdus/Desktop/complete-velocity-messages/ros_ws/install/motion_capture_tracking_interfaces/share/motion_capture_tracking_interfaces/local_setup.sh\n'}
[4.906090] (motion_capture_tracking_interfaces) StdoutLine: {'line': b'-- Symlinking: /home/bajdus/Desktop/complete-velocity-messages/ros_ws/install/motion_capture_tracking_interfaces/share/motion_capture_tracking_interfaces/local_setup.zsh\n'}
[4.908842] (-) TimerEvent: {}
[4.914460] (motion_capture_tracking_interfaces) StdoutLine: {'line': b'-- Symlinking: /home/bajdus/Desktop/complete-velocity-messages/ros_ws/install/motion_capture_tracking_interfaces/share/motion_capture_tracking_interfaces/local_setup.dsv\n'}
[4.922610] (motion_capture_tracking_interfaces) StdoutLine: {'line': b'-- Symlinking: /home/bajdus/Desktop/complete-velocity-messages/ros_ws/install/motion_capture_tracking_interfaces/share/motion_capture_tracking_interfaces/package.dsv\n'}
[4.929875] (motion_capture_tracking_interfaces) StdoutLine: {'line': b'-- Symlinking: /home/bajdus/Desktop/complete-velocity-messages/ros_ws/install/motion_capture_tracking_interfaces/share/ament_index/resource_index/packages/motion_capture_tracking_interfaces\n'}
[4.935223] (motion_capture_tracking_interfaces) StdoutLine: {'line': b'-- Symlinking: /home/bajdus/Desktop/complete-velocity-messages/ros_ws/install/motion_capture_tracking_interfaces/share/motion_capture_tracking_interfaces/cmake/rosidl_cmake-extras.cmake\n'}
[4.941571] (motion_capture_tracking_interfaces) StdoutLine: {'line': b'-- Symlinking: /home/bajdus/Desktop/complete-velocity-messages/ros_ws/install/motion_capture_tracking_interfaces/share/motion_capture_tracking_interfaces/cmake/ament_cmake_export_dependencies-extras.cmake\n'}
[4.947470] (motion_capture_tracking_interfaces) StdoutLine: {'line': b'-- Symlinking: /home/bajdus/Desktop/complete-velocity-messages/ros_ws/install/motion_capture_tracking_interfaces/share/motion_capture_tracking_interfaces/cmake/ament_cmake_export_include_directories-extras.cmake\n'}
[4.953049] (motion_capture_tracking_interfaces) StdoutLine: {'line': b'-- Symlinking: /home/bajdus/Desktop/complete-velocity-messages/ros_ws/install/motion_capture_tracking_interfaces/share/motion_capture_tracking_interfaces/cmake/ament_cmake_export_libraries-extras.cmake\n'}
[4.959605] (motion_capture_tracking_interfaces) StdoutLine: {'line': b'-- Symlinking: /home/bajdus/Desktop/complete-velocity-messages/ros_ws/install/motion_capture_tracking_interfaces/share/motion_capture_tracking_interfaces/cmake/ament_cmake_export_targets-extras.cmake\n'}
[4.967440] (motion_capture_tracking_interfaces) StdoutLine: {'line': b'-- Symlinking: /home/bajdus/Desktop/complete-velocity-messages/ros_ws/install/motion_capture_tracking_interfaces/share/motion_capture_tracking_interfaces/cmake/rosidl_cmake_export_typesupport_targets-extras.cmake\n'}
[4.973806] (motion_capture_tracking_interfaces) StdoutLine: {'line': b'-- Symlinking: /home/bajdus/Desktop/complete-velocity-messages/ros_ws/install/motion_capture_tracking_interfaces/share/motion_capture_tracking_interfaces/cmake/rosidl_cmake_export_typesupport_libraries-extras.cmake\n'}
[4.980007] (motion_capture_tracking_interfaces) StdoutLine: {'line': b'-- Symlinking: /home/bajdus/Desktop/complete-velocity-messages/ros_ws/install/motion_capture_tracking_interfaces/share/motion_capture_tracking_interfaces/cmake/motion_capture_tracking_interfacesConfig.cmake\n'}
[4.987025] (motion_capture_tracking_interfaces) StdoutLine: {'line': b'-- Symlinking: /home/bajdus/Desktop/complete-velocity-messages/ros_ws/install/motion_capture_tracking_interfaces/share/motion_capture_tracking_interfaces/cmake/motion_capture_tracking_interfacesConfig-version.cmake\n'}
[4.991908] (motion_capture_tracking_interfaces) StdoutLine: {'line': b'-- Symlinking: /home/bajdus/Desktop/complete-velocity-messages/ros_ws/install/motion_capture_tracking_interfaces/share/motion_capture_tracking_interfaces/package.xml\n'}
[4.998404] (motion_capture_tracking_interfaces) StdoutLine: {'line': b'-- Installing: /home/bajdus/Desktop/complete-velocity-messages/ros_ws/install/motion_capture_tracking_interfaces/lib/libmotion_capture_tracking_interfaces__rosidl_generator_c.so\n'}
[4.998710] (motion_capture_tracking_interfaces) StdoutLine: {'line': b'-- Set non-toolchain portion of runtime path of "/home/bajdus/Desktop/complete-velocity-messages/ros_ws/install/motion_capture_tracking_interfaces/lib/libmotion_capture_tracking_interfaces__rosidl_generator_c.so" to ""\n'}
[4.998777] (motion_capture_tracking_interfaces) StdoutLine: {'line': b'-- Installing: /home/bajdus/Desktop/complete-velocity-messages/ros_ws/install/motion_capture_tracking_interfaces/lib/libmotion_capture_tracking_interfaces__rosidl_typesupport_fastrtps_c.so\n'}
[4.999024] (motion_capture_tracking_interfaces) StdoutLine: {'line': b'-- Set non-toolchain portion of runtime path of "/home/bajdus/Desktop/complete-velocity-messages/ros_ws/install/motion_capture_tracking_interfaces/lib/libmotion_capture_tracking_interfaces__rosidl_typesupport_fastrtps_c.so" to ""\n'}
[4.999198] (motion_capture_tracking_interfaces) StdoutLine: {'line': b'-- Installing: /home/bajdus/Desktop/complete-velocity-messages/ros_ws/install/motion_capture_tracking_interfaces/lib/libmotion_capture_tracking_interfaces__rosidl_typesupport_fastrtps_cpp.so\n'}
[4.999340] (motion_capture_tracking_interfaces) StdoutLine: {'line': b'-- Set non-toolchain portion of runtime path of "/home/bajdus/Desktop/complete-velocity-messages/ros_ws/install/motion_capture_tracking_interfaces/lib/libmotion_capture_tracking_interfaces__rosidl_typesupport_fastrtps_cpp.so" to ""\n'}
[4.999460] (motion_capture_tracking_interfaces) StdoutLine: {'line': b'-- Installing: /home/bajdus/Desktop/complete-velocity-messages/ros_ws/install/motion_capture_tracking_interfaces/lib/libmotion_capture_tracking_interfaces__rosidl_typesupport_introspection_c.so\n'}
[4.999600] (motion_capture_tracking_interfaces) StdoutLine: {'line': b'-- Set non-toolchain portion of runtime path of "/home/bajdus/Desktop/complete-velocity-messages/ros_ws/install/motion_capture_tracking_interfaces/lib/libmotion_capture_tracking_interfaces__rosidl_typesupport_introspection_c.so" to ""\n'}
[4.999705] (motion_capture_tracking_interfaces) StdoutLine: {'line': b'-- Installing: /home/bajdus/Desktop/complete-velocity-messages/ros_ws/install/motion_capture_tracking_interfaces/lib/libmotion_capture_tracking_interfaces__rosidl_typesupport_c.so\n'}
[4.999853] (motion_capture_tracking_interfaces) StdoutLine: {'line': b'-- Set non-toolchain portion of runtime path of "/home/bajdus/Desktop/complete-velocity-messages/ros_ws/install/motion_capture_tracking_interfaces/lib/libmotion_capture_tracking_interfaces__rosidl_typesupport_c.so" to ""\n'}
[4.999970] (motion_capture_tracking_interfaces) StdoutLine: {'line': b'-- Installing: /home/bajdus/Desktop/complete-velocity-messages/ros_ws/install/motion_capture_tracking_interfaces/lib/libmotion_capture_tracking_interfaces__rosidl_typesupport_introspection_cpp.so\n'}
[5.000309] (motion_capture_tracking_interfaces) StdoutLine: {'line': b'-- Set non-toolchain portion of runtime path of "/home/bajdus/Desktop/complete-velocity-messages/ros_ws/install/motion_capture_tracking_interfaces/lib/libmotion_capture_tracking_interfaces__rosidl_typesupport_introspection_cpp.so" to ""\n'}
[5.000413] (motion_capture_tracking_interfaces) StdoutLine: {'line': b'-- Installing: /home/bajdus/Desktop/complete-velocity-messages/ros_ws/install/motion_capture_tracking_interfaces/lib/libmotion_capture_tracking_interfaces__rosidl_typesupport_cpp.so\n'}
[5.000570] (motion_capture_tracking_interfaces) StdoutLine: {'line': b'-- Set non-toolchain portion of runtime path of "/home/bajdus/Desktop/complete-velocity-messages/ros_ws/install/motion_capture_tracking_interfaces/lib/libmotion_capture_tracking_interfaces__rosidl_typesupport_cpp.so" to ""\n'}
[5.008908] (-) TimerEvent: {}
[5.027094] (motion_capture_tracking_interfaces) StdoutLine: {'line': b"Listing '/home/bajdus/Desktop/complete-velocity-messages/ros_ws/install/motion_capture_tracking_interfaces/lib/python3.12/site-packages/motion_capture_tracking_interfaces'...\n"}
[5.027233] (motion_capture_tracking_interfaces) StdoutLine: {'line': b"Compiling '/home/bajdus/Desktop/complete-velocity-messages/ros_ws/install/motion_capture_tracking_interfaces/lib/python3.12/site-packages/motion_capture_tracking_interfaces/__init__.py'...\n"}
[5.027293] (motion_capture_tracking_interfaces) StdoutLine: {'line': b"Listing '/home/bajdus/Desktop/complete-velocity-messages/ros_ws/install/motion_capture_tracking_interfaces/lib/python3.12/site-packages/motion_capture_tracking_interfaces/msg'...\n"}
[5.027353] (motion_capture_tracking_interfaces) StdoutLine: {'line': b"Compiling '/home/bajdus/Desktop/complete-velocity-messages/ros_ws/install/motion_capture_tracking_interfaces/lib/python3.12/site-packages/motion_capture_tracking_interfaces/msg/__init__.py'...\n"}
[5.027402] (motion_capture_tracking_interfaces) StdoutLine: {'line': b"Compiling '/home/bajdus/Desktop/complete-velocity-messages/ros_ws/install/motion_capture_tracking_interfaces/lib/python3.12/site-packages/motion_capture_tracking_interfaces/msg/_named_pose.py'...\n"}
[5.027442] (motion_capture_tracking_interfaces) StdoutLine: {'line': b"Compiling '/home/bajdus/Desktop/complete-velocity-messages/ros_ws/install/motion_capture_tracking_interfaces/lib/python3.12/site-packages/motion_capture_tracking_interfaces/msg/_named_pose_array.py'...\n"}
[5.027483] (motion_capture_tracking_interfaces) StdoutLine: {'line': b"Compiling '/home/bajdus/Desktop/complete-velocity-messages/ros_ws/install/motion_capture_tracking_interfaces/lib/python3.12/site-packages/motion_capture_tracking_interfaces/msg/_target_position.py'...\n"}
[5.027522] (motion_capture_tracking_interfaces) StdoutLine: {'line': b"Compiling '/home/bajdus/Desktop/complete-velocity-messages/ros_ws/install/motion_capture_tracking_interfaces/lib/python3.12/site-packages/motion_capture_tracking_interfaces/msg/_target_position_array.py'...\n"}
[5.030419] (motion_capture_tracking_interfaces) StdoutLine: {'line': b'-- Installing: /home/bajdus/Desktop/complete-velocity-messages/ros_ws/install/motion_capture_tracking_interfaces/lib/libmotion_capture_tracking_interfaces__rosidl_generator_py.so\n'}
[5.030700] (motion_capture_tracking_interfaces) StdoutLine: {'line': b'-- Set non-toolchain portion of runtime path of "/home/bajdus/Desktop/complete-velocity-messages/ros_ws/install/motion_capture_tracking_interfaces/lib/libmotion_capture_tracking_interfaces__rosidl_generator_py.so" to ""\n'}
[5.030859] (motion_capture_tracking_interfaces) StdoutLine: {'line': b'-- Installing: /home/bajdus/Desktop/complete-velocity-messages/ros_ws/install/motion_capture_tracking_interfaces/share/motion_capture_tracking_interfaces/cmake/export_motion_capture_tracking_interfaces__rosidl_generator_cExport.cmake\n'}
[5.030981] (motion_capture_tracking_interfaces) StdoutLine: {'line': b'-- Installing: /home/bajdus/Desktop/complete-velocity-messages/ros_ws/install/motion_capture_tracking_interfaces/share/motion_capture_tracking_interfaces/cmake/export_motion_capture_tracking_interfaces__rosidl_generator_cExport-noconfig.cmake\n'}
[5.031092] (motion_capture_tracking_interfaces) StdoutLine: {'line': b'-- Installing: /home/bajdus/Desktop/complete-velocity-messages/ros_ws/install/motion_capture_tracking_interfaces/share/motion_capture_tracking_interfaces/cmake/export_motion_capture_tracking_interfaces__rosidl_typesupport_fastrtps_cExport.cmake\n'}
[5.031216] (motion_capture_tracking_interfaces) StdoutLine: {'line': b'-- Installing: /home/bajdus/Desktop/complete-velocity-messages/ros_ws/install/motion_capture_tracking_interfaces/share/motion_capture_tracking_interfaces/cmake/export_motion_capture_tracking_interfaces__rosidl_typesupport_fastrtps_cExport-noconfig.cmake\n'}
[5.031336] (motion_capture_tracking_interfaces) StdoutLine: {'line': b'-- Installing: /home/bajdus/Desktop/complete-velocity-messages/ros_ws/install/motion_capture_tracking_interfaces/share/motion_capture_tracking_interfaces/cmake/export_motion_capture_tracking_interfaces__rosidl_generator_cppExport.cmake\n'}
[5.031457] (motion_capture_tracking_interfaces) StdoutLine: {'line': b'-- Installing: /home/bajdus/Desktop/complete-velocity-messages/ros_ws/install/motion_capture_tracking_interfaces/share/motion_capture_tracking_interfaces/cmake/export_motion_capture_tracking_interfaces__rosidl_typesupport_fastrtps_cppExport.cmake\n'}
[5.031526] (motion_capture_tracking_interfaces) StdoutLine: {'line': b'-- Installing: /home/bajdus/Desktop/complete-velocity-messages/ros_ws/install/motion_capture_tracking_interfaces/share/motion_capture_tracking_interfaces/cmake/export_motion_capture_tracking_interfaces__rosidl_typesupport_fastrtps_cppExport-noconfig.cmake\n'}
[5.031611] (motion_capture_tracking_interfaces) StdoutLine: {'line': b'-- Installing: /home/bajdus/Desktop/complete-velocity-messages/ros_ws/install/motion_capture_tracking_interfaces/share/motion_capture_tracking_interfaces/cmake/motion_capture_tracking_interfaces__rosidl_typesupport_introspection_cExport.cmake\n'}
[5.031729] (motion_capture_tracking_interfaces) StdoutLine: {'line': b'-- Installing: /home/bajdus/Desktop/complete-velocity-messages/ros_ws/install/motion_capture_tracking_interfaces/share/motion_capture_tracking_interfaces/cmake/motion_capture_tracking_interfaces__rosidl_typesupport_introspection_cExport-noconfig.cmake\n'}
[5.031848] (motion_capture_tracking_interfaces) StdoutLine: {'line': b'-- Installing: /home/bajdus/Desktop/complete-velocity-messages/ros_ws/install/motion_capture_tracking_interfaces/share/motion_capture_tracking_interfaces/cmake/motion_capture_tracking_interfaces__rosidl_typesupport_cExport.cmake\n'}
[5.031935] (motion_capture_tracking_interfaces) StdoutLine: {'line': b'-- Installing: /home/bajdus/Desktop/complete-velocity-messages/ros_ws/install/motion_capture_tracking_interfaces/share/motion_capture_tracking_interfaces/cmake/motion_capture_tracking_interfaces__rosidl_typesupport_cExport-noconfig.cmake\n'}
[5.032055] (motion_capture_tracking_interfaces) StdoutLine: {'line': b'-- Installing: /home/bajdus/Desktop/complete-velocity-messages/ros_ws/install/motion_capture_tracking_interfaces/share/motion_capture_tracking_interfaces/cmake/motion_capture_tracking_interfaces__rosidl_typesupport_introspection_cppExport.cmake\n'}
[5.032151] (motion_capture_tracking_interfaces) StdoutLine: {'line': b'-- Installing: /home/bajdus/Desktop/complete-velocity-messages/ros_ws/install/motion_capture_tracking_interfaces/share/motion_capture_tracking_interfaces/cmake/motion_capture_tracking_interfaces__rosidl_typesupport_introspection_cppExport-noconfig.cmake\n'}
[5.032276] (motion_capture_tracking_interfaces) StdoutLine: {'line': b'-- Installing: /home/bajdus/Desktop/complete-velocity-messages/ros_ws/install/motion_capture_tracking_interfaces/share/motion_capture_tracking_interfaces/cmake/motion_capture_tracking_interfaces__rosidl_typesupport_cppExport.cmake\n'}
[5.032365] (motion_capture_tracking_interfaces) StdoutLine: {'line': b'-- Installing: /home/bajdus/Desktop/complete-velocity-messages/ros_ws/install/motion_capture_tracking_interfaces/share/motion_capture_tracking_interfaces/cmake/motion_capture_tracking_interfaces__rosidl_typesupport_cppExport-noconfig.cmake\n'}
[5.032462] (motion_capture_tracking_interfaces) StdoutLine: {'line': b'-- Installing: /home/bajdus/Desktop/complete-velocity-messages/ros_ws/install/motion_capture_tracking_interfaces/share/motion_capture_tracking_interfaces/cmake/export_motion_capture_tracking_interfaces__rosidl_generator_pyExport.cmake\n'}
[5.032552] (motion_capture_tracking_interfaces) StdoutLine: {'line': b'-- Installing: /home/bajdus/Desktop/complete-velocity-messages/ros_ws/install/motion_capture_tracking_interfaces/share/motion_capture_tracking_interfaces/cmake/export_motion_capture_tracking_interfaces__rosidl_generator_pyExport-noconfig.cmake\n'}
[5.034252] (motion_capture_tracking_interfaces) CommandEnded: {'returncode': 0}
[5.046704] (motion_capture_tracking_interfaces) JobEnded: {'identifier': 'motion_capture_tracking_interfaces', 'rc': 0}
[5.047193] (crazyflie_control) JobStarted: {'identifier': 'crazyflie_control'}
[5.049184] (motion_capture_tracking) JobStarted: {'identifier': 'motion_capture_tracking'}
[5.108990] (-) TimerEvent: {}
[5.181222] (motion_capture_tracking) JobProgress: {'identifier': 'motion_capture_tracking', 'progress': 'cmake'}
[5.181638] (motion_capture_tracking) Command: {'cmd': ['/usr/bin/cmake', '/home/bajdus/Desktop/complete-velocity-messages/ros_ws/src/motion_capture_tracking/motion_capture_tracking', '-DAMENT_CMAKE_SYMLINK_INSTALL=1', '-DCMAKE_INSTALL_PREFIX=/home/bajdus/Desktop/complete-velocity-messages/ros_ws/install/motion_capture_tracking'], 'cwd': '/home/bajdus/Desktop/complete-velocity-messages/ros_ws/build/motion_capture_tracking', 'env': OrderedDict({'GJS_DEBUG_TOPICS': 'JS ERROR;JS LOG', 'XDG_ACTIVATION_TOKEN': 'gnome-shell/Terminator/3846-2-LC2075-LIN_TIME4383425', 'LESSOPEN': '| /usr/bin/lesspipe %s', 'USER': 'bajdus', 'XDG_SESSION_TYPE': 'x11', 'SHLVL': '1', 'LD_LIBRARY_PATH': '/home/bajdus/Desktop/complete-velocity-messages/ros_ws/install/motion_capture_tracking_interfaces/lib:/usr/local/lib:/opt/ros/jazzy/opt/rviz_ogre_vendor/lib:/opt/ros/jazzy/lib/x86_64-linux-gnu:/opt/ros/jazzy/opt/gz_math_vendor/lib:/opt/ros/jazzy/opt/gz_utils_vendor/lib:/opt/ros/jazzy/opt/gz_cmake_vendor/lib:/opt/ros/jazzy/lib', 'HOME': '/home/bajdus', 'OLDPWD': '/home/bajdus/Desktop/complete-velocity-messages', 'DESKTOP_SESSION': 'ubuntu', 'GIO_LAUNCHED_DESKTOP_FILE': '/usr/share/applications/terminator.desktop', 'ROS_PYTHON_VERSION': '3', 'GNOME_SHELL_SESSION_MODE': 'ubuntu', 'GTK_MODULES': 'gail:atk-bridge', 'MANAGERPID': '3285', 'SYSTEMD_EXEC_PID': '3846', 'GSM_SKIP_SSH_AGENT_WORKAROUND': 'true', 'DBUS_SESSION_BUS_ADDRESS': 'unix:path=/run/user/59016586/bus', 'COLORTERM': 'truecolor', 'TERMINATOR_DBUS_NAME': 'net.tenshu.Terminator23558193cd9818af7fe4d2c2f5bd9d00f', 'GIO_LAUNCHED_DESKTOP_FILE_PID': '9876', 'DEBUGINFOD_URLS': 'https://debuginfod.ubuntu.com', 'ROS_DISTRO': 'jazzy', 'LOGNAME': 'bajdus', 'JOURNAL_STREAM': '9:12286', '_': '/usr/bin/colcon', 'ROS_VERSION': '2', 'MEMORY_PRESSURE_WATCH': '/sys/fs/cgroup/user.slice/user-59016586.slice/user@59016586.service/session.slice/org.gnome.Shell@x11.service/memory.pressure', 'XDG_SESSION_CLASS': 'user', 'USERNAME': 'bajdus', 'TERM': 'xterm-256color', 'GNOME_DESKTOP_SESSION_ID': 'this-is-deprecated', 'WINDOWPATH': '2', 'PATH': '/opt/ros/jazzy/bin:/usr/local/sbin:/usr/local/bin:/usr/sbin:/usr/bin:/sbin:/bin:/usr/games:/usr/local/games:/snap/bin:/snap/bin', 'SESSION_MANAGER': 'local/LC2075-LIN:@/tmp/.ICE-unix/3791,unix/LC2075-LIN:/tmp/.ICE-unix/3791', 'INVOCATION_ID': 'f7d2e5f172f547d6a5a038ef75785c03', 'XDG_MENU_PREFIX': 'gnome-', 'XDG_RUNTIME_DIR': '/run/user/59016586', 'DISPLAY': ':1', 'TERMINATOR_DBUS_PATH': '/net/tenshu/Terminator2', 'LANG': 'en_US.UTF-8', 'XDG_CURRENT_DESKTOP': 'ubuntu:GNOME', 'XMODIFIERS': '@im=ibus', 'XDG_SESSION_DESKTOP': 'ubuntu', 'XAUTHORITY': '/run/user/59016586/gdm/Xauthority', 'LS_COLORS': 'rs=0:di=01;34:ln=01;36:mh=00:pi=40;33:so=01;35:do=01;35:bd=40;33;01:cd=40;33;01:or=40;31;01:mi=00:su=37;41:sg=30;43:ca=00:tw=30;42:ow=34;42:st=37;44:ex=01;32:*.tar=01;31:*.tgz=01;31:*.arc=01;31:*.arj=01;31:*.taz=01;31:*.lha=01;31:*.lz4=01;31:*.lzh=01;31:*.lzma=01;31:*.tlz=01;31:*.txz=01;31:*.tzo=01;31:*.t7z=01;31:*.zip=01;31:*.z=01;31:*.dz=01;31:*.gz=01;31:*.lrz=01;31:*.lz=01;31:*.lzo=01;31:*.xz=01;31:*.zst=01;31:*.tzst=01;31:*.bz2=01;31:*.bz=01;31:*.tbz=01;31:*.tbz2=01;31:*.tz=01;31:*.deb=01;31:*.rpm=01;31:*.jar=01;31:*.war=01;31:*.ear=01;31:*.sar=01;31:*.rar=01;31:*.alz=01;31:*.ace=01;31:*.zoo=01;31:*.cpio=01;31:*.7z=01;31:*.rz=01;31:*.cab=01;31:*.wim=01;31:*.swm=01;31:*.dwm=01;31:*.esd=01;31:*.avif=01;35:*.jpg=01;35:*.jpeg=01;35:*.mjpg=01;35:*.mjpeg=01;35:*.gif=01;35:*.bmp=01;35:*.pbm=01;35:*.pgm=01;35:*.ppm=01;35:*.tga=01;35:*.xbm=01;35:*.xpm=01;35:*.tif=01;35:*.tiff=01;35:*.png=01;35:*.svg=01;35:*.svgz=01;35:*.mng=01;35:*.pcx=01;35:*.mov=01;35:*.mpg=01;35:*.mpeg=01;35:*.m2v=01;35:*.mkv=01;35:*.webm=01;35:*.webp=01;35:*.ogm=01;35:*.mp4=01;35:*.m4v=01;35:*.mp4v=01;35:*.vob=01;35:*.qt=01;35:*.nuv=01;35:*.wmv=01;35:*.asf=01;35:*.rm=01;35:*.rmvb=01;35:*.flc=01;35:*.avi=01;35:*.fli=01;35:*.flv=01;35:*.gl=01;35:*.dl=01;35:*.xcf=01;35:*.xwd=01;35:*.yuv=01;35:*.cgm=01;35:*.emf=01;35:*.ogv=01;35:*.ogx=01;35:*.aac=00;36:*.au=00;36:*.flac=00;36:*.m4a=00;36:*.mid=00;36:*.midi=00;36:*.mka=00;36:*.mp3=00;36:*.mpc=00;36:*.ogg=00;36:*.ra=00;36:*.wav=00;36:*.oga=00;36:*.opus=00;36:*.spx=00;36:*.xspf=00;36:*~=00;90:*#=00;90:*.bak=00;90:*.crdownload=00;90:*.dpkg-dist=00;90:*.dpkg-new=00;90:*.dpkg-old=00;90:*.dpkg-tmp=00;90:*.old=00;90:*.orig=00;90:*.part=00;90:*.rej=00;90:*.rpmnew=00;90:*.rpmorig=00;90:*.rpmsave=00;90:*.swp=00;90:*.tmp=00;90:*.ucf-dist=00;90:*.ucf-new=00;90:*.ucf-old=00;90:', 'SSH_AUTH_SOCK': '/run/user/59016586/keyring/ssh', 'AMENT_PREFIX_PATH': '/home/bajdus/Desktop/complete-velocity-messages/ros_ws/install/motion_capture_tracking_interfaces:/opt/ros/jazzy', 'SHELL': '/bin/bash', 'TERMINATOR_UUID': 'urn:uuid:d8dcc6fc-fd5d-48e5-b95e-beca1d5e4672', 'KRB5CCNAME': 'FILE:/tmp/krb5cc_59016586_mxG3pu', 'QT_ACCESSIBILITY': '1', 'GDMSESSION': 'ubuntu', 'LESSCLOSE': '/usr/bin/lesspipe %s %s', 'GPG_AGENT_INFO': '/run/user/59016586/gnupg/S.gpg-agent:0:1', 'GJS_DEBUG_OUTPUT': 'stderr', 'ROS_AUTOMATIC_DISCOVERY_RANGE': 'SUBNET', 'QT_IM_MODULE': 'ibus', 'PWD': '/home/bajdus/Desktop/complete-velocity-messages/ros_ws/build/motion_capture_tracking', 'LC_ALL': 'en_US.UTF-8', 'XDG_CONFIG_DIRS': '/etc/xdg/xdg-ubuntu:/etc/xdg', 'XDG_DATA_DIRS': '/usr/share/ubuntu:/usr/share/gnome:/usr/local/share/:/usr/share/:/var/lib/snapd/desktop', 'PYTHONPATH': '/home/bajdus/Desktop/complete-velocity-messages/ros_ws/install/motion_capture_tracking_interfaces/lib/python3.12/site-packages:/opt/ros/jazzy/lib/python3.12/site-packages', 'COLCON': '1', 'MEMORY_PRESSURE_WRITE': 'c29tZSAyMDAwMDAgMjAwMDAwMAA=', 'VTE_VERSION': '7600', 'CMAKE_PREFIX_PATH': '/home/bajdus/Desktop/complete-velocity-messages/ros_ws/install/motion_capture_tracking_interfaces:/usr/local:/opt/ros/jazzy/opt/gz_math_vendor:/opt/ros/jazzy/opt/gz_utils_vendor:/opt/ros/jazzy/opt/gz_cmake_vendor:/opt/ros/jazzy'}), 'shell': False}
[5.209100] (-) TimerEvent: {}
[5.224749] (motion_capture_tracking) StdoutLine: {'line': b'-- The C compiler identification is GNU 13.3.0\n'}
[5.263070] (motion_capture_tracking) StdoutLine: {'line': b'-- The CXX compiler identification is GNU 13.3.0\n'}
[5.276349] (motion_capture_tracking) StdoutLine: {'line': b'-- Detecting C compiler ABI info\n'}
[5.309175] (-) TimerEvent: {}
[5.345818] (motion_capture_tracking) StdoutLine: {'line': b'-- Detecting C compiler ABI info - done\n'}
[5.351435] (motion_capture_tracking) StdoutLine: {'line': b'-- Check for working C compiler: /usr/bin/cc - skipped\n'}
[5.351609] (motion_capture_tracking) StdoutLine: {'line': b'-- Detecting C compile features\n'}
[5.351832] (motion_capture_tracking) StdoutLine: {'line': b'-- Detecting C compile features - done\n'}
[5.358450] (motion_capture_tracking) StdoutLine: {'line': b'-- Detecting CXX compiler ABI info\n'}
[5.409256] (-) TimerEvent: {}
[5.427753] (motion_capture_tracking) StdoutLine: {'line': b'-- Detecting CXX compiler ABI info - done\n'}
[5.437541] (motion_capture_tracking) StdoutLine: {'line': b'-- Check for working CXX compiler: /usr/bin/c++ - skipped\n'}
[5.437813] (motion_capture_tracking) StdoutLine: {'line': b'-- Detecting CXX compile features\n'}
[5.438411] (motion_capture_tracking) StdoutLine: {'line': b'-- Detecting CXX compile features - done\n'}
[5.441061] (motion_capture_tracking) StdoutLine: {'line': b'-- Found ament_cmake: 2.5.3 (/opt/ros/jazzy/share/ament_cmake/cmake)\n'}
[5.509360] (-) TimerEvent: {}
[5.545823] (motion_capture_tracking) StdoutLine: {'line': b'-- Found Python3: /usr/bin/python3 (found version "3.12.3") found components: Interpreter \n'}
[5.546694] (crazyflie_control) Command: {'cmd': ['/usr/bin/python3', '-W', 'ignore:setup.py install is deprecated', '-W', 'ignore:easy_install command is deprecated', 'setup.py', 'develop', '--editable', '--build-directory', '/home/bajdus/Desktop/complete-velocity-messages/ros_ws/build/crazyflie_control/build', '--no-deps', 'symlink_data'], 'cwd': '/home/bajdus/Desktop/complete-velocity-messages/ros_ws/build/crazyflie_control', 'env': {'GJS_DEBUG_TOPICS': 'JS ERROR;JS LOG', 'XDG_ACTIVATION_TOKEN': 'gnome-shell/Terminator/3846-2-LC2075-LIN_TIME4383425', 'LESSOPEN': '| /usr/bin/lesspipe %s', 'USER': 'bajdus', 'XDG_SESSION_TYPE': 'x11', 'SHLVL': '1', 'LD_LIBRARY_PATH': '/home/bajdus/Desktop/complete-velocity-messages/ros_ws/install/motion_capture_tracking_interfaces/lib:/usr/local/lib:/opt/ros/jazzy/opt/rviz_ogre_vendor/lib:/opt/ros/jazzy/lib/x86_64-linux-gnu:/opt/ros/jazzy/opt/gz_math_vendor/lib:/opt/ros/jazzy/opt/gz_utils_vendor/lib:/opt/ros/jazzy/opt/gz_cmake_vendor/lib:/opt/ros/jazzy/lib', 'HOME': '/home/bajdus', 'OLDPWD': '/home/bajdus/Desktop/complete-velocity-messages', 'DESKTOP_SESSION': 'ubuntu', 'GIO_LAUNCHED_DESKTOP_FILE': '/usr/share/applications/terminator.desktop', 'ROS_PYTHON_VERSION': '3', 'GNOME_SHELL_SESSION_MODE': 'ubuntu', 'GTK_MODULES': 'gail:atk-bridge', 'MANAGERPID': '3285', 'SYSTEMD_EXEC_PID': '3846', 'GSM_SKIP_SSH_AGENT_WORKAROUND': 'true', 'DBUS_SESSION_BUS_ADDRESS': 'unix:path=/run/user/59016586/bus', 'COLORTERM': 'truecolor', 'TERMINATOR_DBUS_NAME': 'net.tenshu.Terminator23558193cd9818af7fe4d2c2f5bd9d00f', 'GIO_LAUNCHED_DESKTOP_FILE_PID': '9876', 'DEBUGINFOD_URLS': 'https://debuginfod.ubuntu.com', 'ROS_DISTRO': 'jazzy', 'LOGNAME': 'bajdus', 'JOURNAL_STREAM': '9:12286', '_': '/usr/bin/colcon', 'ROS_VERSION': '2', 'MEMORY_PRESSURE_WATCH': '/sys/fs/cgroup/user.slice/user-59016586.slice/user@59016586.service/session.slice/org.gnome.Shell@x11.service/memory.pressure', 'XDG_SESSION_CLASS': 'user', 'USERNAME': 'bajdus', 'TERM': 'xterm-256color', 'GNOME_DESKTOP_SESSION_ID': 'this-is-deprecated', 'WINDOWPATH': '2', 'PATH': '/opt/ros/jazzy/bin:/usr/local/sbin:/usr/local/bin:/usr/sbin:/usr/bin:/sbin:/bin:/usr/games:/usr/local/games:/snap/bin:/snap/bin', 'SESSION_MANAGER': 'local/LC2075-LIN:@/tmp/.ICE-unix/3791,unix/LC2075-LIN:/tmp/.ICE-unix/3791', 'INVOCATION_ID': 'f7d2e5f172f547d6a5a038ef75785c03', 'XDG_MENU_PREFIX': 'gnome-', 'XDG_RUNTIME_DIR': '/run/user/59016586', 'DISPLAY': ':1', 'TERMINATOR_DBUS_PATH': '/net/tenshu/Terminator2', 'LANG': 'en_US.UTF-8', 'XDG_CURRENT_DESKTOP': 'ubuntu:GNOME', 'XMODIFIERS': '@im=ibus', 'XDG_SESSION_DESKTOP': 'ubuntu', 'XAUTHORITY': '/run/user/59016586/gdm/Xauthority', 'LS_COLORS': 'rs=0:di=01;34:ln=01;36:mh=00:pi=40;33:so=01;35:do=01;35:bd=40;33;01:cd=40;33;01:or=40;31;01:mi=00:su=37;41:sg=30;43:ca=00:tw=30;42:ow=34;42:st=37;44:ex=01;32:*.tar=01;31:*.tgz=01;31:*.arc=01;31:*.arj=01;31:*.taz=01;31:*.lha=01;31:*.lz4=01;31:*.lzh=01;31:*.lzma=01;31:*.tlz=01;31:*.txz=01;31:*.tzo=01;31:*.t7z=01;31:*.zip=01;31:*.z=01;31:*.dz=01;31:*.gz=01;31:*.lrz=01;31:*.lz=01;31:*.lzo=01;31:*.xz=01;31:*.zst=01;31:*.tzst=01;31:*.bz2=01;31:*.bz=01;31:*.tbz=01;31:*.tbz2=01;31:*.tz=01;31:*.deb=01;31:*.rpm=01;31:*.jar=01;31:*.war=01;31:*.ear=01;31:*.sar=01;31:*.rar=01;31:*.alz=01;31:*.ace=01;31:*.zoo=01;31:*.cpio=01;31:*.7z=01;31:*.rz=01;31:*.cab=01;31:*.wim=01;31:*.swm=01;31:*.dwm=01;31:*.esd=01;31:*.avif=01;35:*.jpg=01;35:*.jpeg=01;35:*.mjpg=01;35:*.mjpeg=01;35:*.gif=01;35:*.bmp=01;35:*.pbm=01;35:*.pgm=01;35:*.ppm=01;35:*.tga=01;35:*.xbm=01;35:*.xpm=01;35:*.tif=01;35:*.tiff=01;35:*.png=01;35:*.svg=01;35:*.svgz=01;35:*.mng=01;35:*.pcx=01;35:*.mov=01;35:*.mpg=01;35:*.mpeg=01;35:*.m2v=01;35:*.mkv=01;35:*.webm=01;35:*.webp=01;35:*.ogm=01;35:*.mp4=01;35:*.m4v=01;35:*.mp4v=01;35:*.vob=01;35:*.qt=01;35:*.nuv=01;35:*.wmv=01;35:*.asf=01;35:*.rm=01;35:*.rmvb=01;35:*.flc=01;35:*.avi=01;35:*.fli=01;35:*.flv=01;35:*.gl=01;35:*.dl=01;35:*.xcf=01;35:*.xwd=01;35:*.yuv=01;35:*.cgm=01;35:*.emf=01;35:*.ogv=01;35:*.ogx=01;35:*.aac=00;36:*.au=00;36:*.flac=00;36:*.m4a=00;36:*.mid=00;36:*.midi=00;36:*.mka=00;36:*.mp3=00;36:*.mpc=00;36:*.ogg=00;36:*.ra=00;36:*.wav=00;36:*.oga=00;36:*.opus=00;36:*.spx=00;36:*.xspf=00;36:*~=00;90:*#=00;90:*.bak=00;90:*.crdownload=00;90:*.dpkg-dist=00;90:*.dpkg-new=00;90:*.dpkg-old=00;90:*.dpkg-tmp=00;90:*.old=00;90:*.orig=00;90:*.part=00;90:*.rej=00;90:*.rpmnew=00;90:*.rpmorig=00;90:*.rpmsave=00;90:*.swp=00;90:*.tmp=00;90:*.ucf-dist=00;90:*.ucf-new=00;90:*.ucf-old=00;90:', 'SSH_AUTH_SOCK': '/run/user/59016586/keyring/ssh', 'AMENT_PREFIX_PATH': '/home/bajdus/Desktop/complete-velocity-messages/ros_ws/install/motion_capture_tracking_interfaces:/opt/ros/jazzy', 'SHELL': '/bin/bash', 'TERMINATOR_UUID': 'urn:uuid:d8dcc6fc-fd5d-48e5-b95e-beca1d5e4672', 'KRB5CCNAME': 'FILE:/tmp/krb5cc_59016586_mxG3pu', 'QT_ACCESSIBILITY': '1', 'GDMSESSION': 'ubuntu', 'LESSCLOSE': '/usr/bin/lesspipe %s %s', 'GPG_AGENT_INFO': '/run/user/59016586/gnupg/S.gpg-agent:0:1', 'GJS_DEBUG_OUTPUT': 'stderr', 'ROS_AUTOMATIC_DISCOVERY_RANGE': 'SUBNET', 'QT_IM_MODULE': 'ibus', 'PWD': '/home/bajdus/Desktop/complete-velocity-messages/ros_ws/build/crazyflie_control', 'LC_ALL': 'en_US.UTF-8', 'XDG_CONFIG_DIRS': '/etc/xdg/xdg-ubuntu:/etc/xdg', 'XDG_DATA_DIRS': '/usr/share/ubuntu:/usr/share/gnome:/usr/local/share/:/usr/share/:/var/lib/snapd/desktop', 'PYTHONPATH': '/home/bajdus/Desktop/complete-velocity-messages/ros_ws/build/crazyflie_control/prefix_override:/usr/lib/python3/dist-packages/colcon_core/task/python/colcon_distutils_commands:/home/bajdus/Desktop/complete-velocity-messages/ros_ws/install/crazyflie_control/lib/python3.12/site-packages:/home/bajdus/Desktop/complete-velocity-messages/ros_ws/install/motion_capture_tracking_interfaces/lib/python3.12/site-packages:/opt/ros/jazzy/lib/python3.12/site-packages', 'COLCON': '1', 'MEMORY_PRESSURE_WRITE': 'c29tZSAyMDAwMDAgMjAwMDAwMAA=', 'VTE_VERSION': '7600', 'CMAKE_PREFIX_PATH': '/home/bajdus/Desktop/complete-velocity-messages/ros_ws/install/motion_capture_tracking_interfaces:/usr/local:/opt/ros/jazzy/opt/gz_math_vendor:/opt/ros/jazzy/opt/gz_utils_vendor:/opt/ros/jazzy/opt/gz_cmake_vendor'}, 'shell': False}
[5.594192] (motion_capture_tracking) StdoutLine: {'line': b'-- Override CMake install command with custom implementation using symlinks instead of copying resources\n'}
[5.609429] (-) TimerEvent: {}
[5.611600] (motion_capture_tracking) StdoutLine: {'line': b'-- Found rclcpp: 28.1.6 (/opt/ros/jazzy/share/rclcpp/cmake)\n'}
[5.636170] (motion_capture_tracking) StdoutLine: {'line': b'-- Found rosidl_generator_c: 4.6.5 (/opt/ros/jazzy/share/rosidl_generator_c/cmake)\n'}
[5.644562] (motion_capture_tracking) StdoutLine: {'line': b'-- Found rosidl_generator_cpp: 4.6.5 (/opt/ros/jazzy/share/rosidl_generator_cpp/cmake)\n'}
[5.654575] (motion_capture_tracking) StdoutLine: {'line': b'-- Using all available rosidl_typesupport_c: rosidl_typesupport_fastrtps_c;rosidl_typesupport_introspection_c\n'}
[5.665986] (motion_capture_tracking) StdoutLine: {'line': b'-- Using all available rosidl_typesupport_cpp: rosidl_typesupport_fastrtps_cpp;rosidl_typesupport_introspection_cpp\n'}
[5.709528] (-) TimerEvent: {}
[5.724717] (motion_capture_tracking) StdoutLine: {'line': b'-- Found rmw_implementation_cmake: 7.3.1 (/opt/ros/jazzy/share/rmw_implementation_cmake/cmake)\n'}
[5.727041] (motion_capture_tracking) StdoutLine: {'line': b'-- Found rmw_fastrtps_cpp: 8.4.1 (/opt/ros/jazzy/share/rmw_fastrtps_cpp/cmake)\n'}
[5.740955] (crazyflie_control) StdoutLine: {'line': b'running develop\n'}
[5.790401] (motion_capture_tracking) StdoutLine: {'line': b'-- Found OpenSSL: /usr/lib/x86_64-linux-gnu/libcrypto.so (found version "3.0.13")  \n'}
[5.802966] (motion_capture_tracking) StdoutLine: {'line': b'-- Found FastRTPS: /opt/ros/jazzy/include (Required is at least version "2.13") \n'}
[5.809602] (-) TimerEvent: {}
[5.820470] (motion_capture_tracking) StdoutLine: {'line': b"-- Using RMW implementation 'rmw_fastrtps_cpp' as default\n"}
[5.855560] (crazyflie_control) StdoutLine: {'line': b'running egg_info\n'}
[5.855764] (crazyflie_control) StdoutLine: {'line': b'creating crazyflie_control.egg-info\n'}
[5.866179] (crazyflie_control) StdoutLine: {'line': b'writing crazyflie_control.egg-info/PKG-INFO\n'}
[5.866374] (crazyflie_control) StdoutLine: {'line': b'writing dependency_links to crazyflie_control.egg-info/dependency_links.txt\n'}
[5.866509] (crazyflie_control) StdoutLine: {'line': b'writing entry points to crazyflie_control.egg-info/entry_points.txt\n'}
[5.866692] (crazyflie_control) StdoutLine: {'line': b'writing requirements to crazyflie_control.egg-info/requires.txt\n'}
[5.866800] (crazyflie_control) StdoutLine: {'line': b'writing top-level names to crazyflie_control.egg-info/top_level.txt\n'}
[5.866896] (crazyflie_control) StdoutLine: {'line': b"writing manifest file 'crazyflie_control.egg-info/SOURCES.txt'\n"}
[5.878087] (motion_capture_tracking) StdoutLine: {'line': b'-- Found tf2_ros: 0.36.8 (/opt/ros/jazzy/share/tf2_ros/cmake)\n'}
[5.888391] (crazyflie_control) StdoutLine: {'line': b"reading manifest file 'crazyflie_control.egg-info/SOURCES.txt'\n"}
[5.888756] (crazyflie_control) StdoutLine: {'line': b"writing manifest file 'crazyflie_control.egg-info/SOURCES.txt'\n"}
[5.900219] (crazyflie_control) StdoutLine: {'line': b'running build_ext\n'}
[5.900350] (crazyflie_control) StdoutLine: {'line': b'Creating /home/bajdus/Desktop/complete-velocity-messages/ros_ws/install/crazyflie_control/lib/python3.12/site-packages/crazyflie-control.egg-link (link to .)\n'}
[5.900688] (crazyflie_control) StdoutLine: {'line': b'Installing controller_node script to /home/bajdus/Desktop/complete-velocity-messages/ros_ws/install/crazyflie_control/lib/crazyflie_control\n'}
[5.900842] (crazyflie_control) StdoutLine: {'line': b'\n'}
[5.900978] (crazyflie_control) StdoutLine: {'line': b'Installed /home/bajdus/Desktop/complete-velocity-messages/ros_ws/build/crazyflie_control\n'}
[5.901097] (crazyflie_control) StdoutLine: {'line': b'running symlink_data\n'}
[5.901203] (crazyflie_control) StdoutLine: {'line': b'creating /home/bajdus/Desktop/complete-velocity-messages/ros_ws/install/crazyflie_control/share/ament_index\n'}
[5.901294] (crazyflie_control) StdoutLine: {'line': b'creating /home/bajdus/Desktop/complete-velocity-messages/ros_ws/install/crazyflie_control/share/ament_index/resource_index\n'}
[5.901404] (crazyflie_control) StdoutLine: {'line': b'creating /home/bajdus/Desktop/complete-velocity-messages/ros_ws/install/crazyflie_control/share/ament_index/resource_index/packages\n'}
[5.901493] (crazyflie_control) StdoutLine: {'line': b'symbolically linking /home/bajdus/Desktop/complete-velocity-messages/ros_ws/build/crazyflie_control/resource/crazyflie_control -> /home/bajdus/Desktop/complete-velocity-messages/ros_ws/install/crazyflie_control/share/ament_index/resource_index/packages\n'}
[5.901581] (crazyflie_control) StdoutLine: {'line': b'symbolically linking /home/bajdus/Desktop/complete-velocity-messages/ros_ws/build/crazyflie_control/package.xml -> /home/bajdus/Desktop/complete-velocity-messages/ros_ws/install/crazyflie_control/share/crazyflie_control\n'}
[5.901669] (crazyflie_control) StdoutLine: {'line': b'creating /home/bajdus/Desktop/complete-velocity-messages/ros_ws/install/crazyflie_control/share/crazyflie_control/launch\n'}
[5.901754] (crazyflie_control) StdoutLine: {'line': b'creating /home/bajdus/Desktop/complete-velocity-messages/ros_ws/install/crazyflie_control/share/crazyflie_control/config\n'}
[5.909713] (-) TimerEvent: {}
[5.918751] (crazyflie_control) CommandEnded: {'returncode': 0}
[5.923183] (crazyflie_control) JobEnded: {'identifier': 'crazyflie_control', 'rc': 0}
[6.004442] (motion_capture_tracking) StdoutLine: {'line': b'-- Found sensor_msgs: 5.3.5 (/opt/ros/jazzy/share/sensor_msgs/cmake)\n'}
[6.009801] (-) TimerEvent: {}
[6.022384] (motion_capture_tracking) StdoutLine: {'line': b'-- Found motion_capture_tracking_interfaces: 1.0.5 (/home/bajdus/Desktop/complete-velocity-messages/ros_ws/install/motion_capture_tracking_interfaces/share/motion_capture_tracking_interfaces/cmake)\n'}
[6.036916] (motion_capture_tracking) StdoutLine: {'line': b'-- Found eigen3_cmake_module: 0.3.0 (/opt/ros/jazzy/share/eigen3_cmake_module/cmake)\n'}
[6.041064] (motion_capture_tracking) StdoutLine: {'line': b'-- Found Eigen3: TRUE (found version "3.4.0") \n'}
[6.065205] (motion_capture_tracking) StdoutLine: {'line': b'-- Found Boost: /usr/lib/x86_64-linux-gnu/cmake/Boost-1.83.0/BoostConfig.cmake (found suitable version "1.83.0", minimum required is "1.65.0") found components: system filesystem iostreams serialization \n'}
[6.066042] (motion_capture_tracking) StdoutLine: {'line': b'-- looking for PCL_COMMON\n'}
[6.066656] (motion_capture_tracking) StdoutLine: {'line': b'-- Found PCL_COMMON: /usr/lib/x86_64-linux-gnu/libpcl_common.so  \n'}
[6.066916] (motion_capture_tracking) StdoutLine: {'line': b'-- Found PCL: pcl_common;Boost::system;Boost::filesystem;Boost::iostreams;Boost::serialization  \n'}
[6.068460] (motion_capture_tracking) StderrLine: {'line': b'\x1b[33mCMake Warning (dev) at deps/librigidbodytracker/CMakeLists.txt:7 (find_package):\n'}
[6.068588] (motion_capture_tracking) StderrLine: {'line': b'  Policy CMP0074 is not set: find_package uses <PackageName>_ROOT variables.\n'}
[6.068677] (motion_capture_tracking) StderrLine: {'line': b'  Run "cmake --help-policy CMP0074" for policy details.  Use the cmake_policy\n'}
[6.068769] (motion_capture_tracking) StderrLine: {'line': b'  command to set the policy and suppress this warning.\n'}
[6.068855] (motion_capture_tracking) StderrLine: {'line': b'\n'}
[6.068940] (motion_capture_tracking) StderrLine: {'line': b'  CMake variable PCL_ROOT is set to:\n'}
[6.069025] (motion_capture_tracking) StderrLine: {'line': b'\n'}
[6.069109] (motion_capture_tracking) StderrLine: {'line': b'    /usr\n'}
[6.069192] (motion_capture_tracking) StderrLine: {'line': b'\n'}
[6.069275] (motion_capture_tracking) StderrLine: {'line': b'  For compatibility, CMake is ignoring the variable.\n'}
[6.069367] (motion_capture_tracking) StderrLine: {'line': b'This warning is for project developers.  Use -Wno-dev to suppress it.\n'}
[6.069451] (motion_capture_tracking) StderrLine: {'line': b'\x1b[0m\n'}
[6.073775] (motion_capture_tracking) StderrLine: {'line': b'\x1b[33mCMake Warning (dev) at /usr/lib/x86_64-linux-gnu/cmake/pcl/Modules/FindFLANN.cmake:45 (find_package):\n'}
[6.073923] (motion_capture_tracking) StderrLine: {'line': b'  Policy CMP0144 is not set: find_package uses upper-case <PACKAGENAME>_ROOT\n'}
[6.074011] (motion_capture_tracking) StderrLine: {'line': b'  variables.  Run "cmake --help-policy CMP0144" for policy details.  Use the\n'}
[6.074096] (motion_capture_tracking) StderrLine: {'line': b'  cmake_policy command to set the policy and suppress this warning.\n'}
[6.074179] (motion_capture_tracking) StderrLine: {'line': b'\n'}
[6.074263] (motion_capture_tracking) StderrLine: {'line': b'  CMake variable FLANN_ROOT is set to:\n'}
[6.074359] (motion_capture_tracking) StderrLine: {'line': b'\n'}
[6.074445] (motion_capture_tracking) StderrLine: {'line': b'    /usr\n'}
[6.074528] (motion_capture_tracking) StderrLine: {'line': b'\n'}
[6.074610] (motion_capture_tracking) StderrLine: {'line': b'  For compatibility, find_package is ignoring the variable, but code in a\n'}
[6.074695] (motion_capture_tracking) StderrLine: {'line': b'  .cmake module might still use it.\n'}
[6.074798] (motion_capture_tracking) StderrLine: {'line': b'Call Stack (most recent call first):\n'}
[6.074881] (motion_capture_tracking) StderrLine: {'line': b'  /usr/lib/x86_64-linux-gnu/cmake/pcl/PCLConfig.cmake:261 (find_package)\n'}
[6.074964] (motion_capture_tracking) StderrLine: {'line': b'  /usr/lib/x86_64-linux-gnu/cmake/pcl/PCLConfig.cmake:306 (find_flann)\n'}
[6.075046] (motion_capture_tracking) StderrLine: {'line': b'  /usr/lib/x86_64-linux-gnu/cmake/pcl/PCLConfig.cmake:570 (find_external_library)\n'}
[6.075128] (motion_capture_tracking) StderrLine: {'line': b'  deps/librigidbodytracker/CMakeLists.txt:7 (find_package)\n'}
[6.075211] (motion_capture_tracking) StderrLine: {'line': b'This warning is for project developers.  Use -Wno-dev to suppress it.\n'}
[6.075293] (motion_capture_tracking) StderrLine: {'line': b'\x1b[0m\n'}
[6.075385] (motion_capture_tracking) StdoutLine: {'line': b'-- Found flann version 1.9.2\n'}
[6.109902] (-) TimerEvent: {}
[6.210183] (-) TimerEvent: {}
[6.282634] (motion_capture_tracking) StdoutLine: {'line': b'-- Found OpenMP_CXX: -fopenmp (found version "4.5") \n'}
[6.282811] (motion_capture_tracking) StdoutLine: {'line': b'-- Found OpenMP: TRUE (found version "4.5") found components: CXX \n'}
[6.307621] (motion_capture_tracking) StdoutLine: {'line': b'-- Performing Test CMAKE_HAVE_LIBC_PTHREAD\n'}
[6.310339] (-) TimerEvent: {}
[6.373722] (motion_capture_tracking) StdoutLine: {'line': b'-- Performing Test CMAKE_HAVE_LIBC_PTHREAD - Success\n'}
[6.374503] (motion_capture_tracking) StdoutLine: {'line': b'-- Found Threads: TRUE  \n'}
[6.376048] (motion_capture_tracking) StdoutLine: {'line': b'-- Found GLEW: /usr/lib/x86_64-linux-gnu/libGLEW.so  \n'}
[6.380312] (motion_capture_tracking) StdoutLine: {'line': b'-- Found OpenGL: /usr/lib/x86_64-linux-gnu/libOpenGL.so  found components: OpenGL GLX \n'}
[6.410431] (-) TimerEvent: {}
[6.510670] (-) TimerEvent: {}
[6.541245] (motion_capture_tracking) StdoutLine: {'line': b'-- Found MPI_C: /usr/lib/x86_64-linux-gnu/libmpi.so (found version "3.1") \n'}
[6.541479] (motion_capture_tracking) StdoutLine: {'line': b'-- Found MPI: TRUE (found version "3.1") found components: C \n'}
[6.543350] (motion_capture_tracking) StdoutLine: {'line': b'-- Found JsonCpp: /usr/lib/x86_64-linux-gnu/libjsoncpp.so (found suitable version "1.9.5", minimum required is "0.7.0") \n'}
[6.554192] (motion_capture_tracking) StdoutLine: {'line': b'-- Found ZLIB: /usr/lib/x86_64-linux-gnu/libz.so (found version "1.3")  \n'}
[6.569651] (motion_capture_tracking) StdoutLine: {'line': b'-- Found PNG: /usr/lib/x86_64-linux-gnu/libpng.so (found version "1.6.43") \n'}
[6.585780] (motion_capture_tracking) StdoutLine: {'line': b'-- Found Eigen3: /usr/include/eigen3 (found version "3.4.0") \n'}
[6.610796] (-) TimerEvent: {}
[6.692089] (motion_capture_tracking) StdoutLine: {'line': b'-- Found X11: /usr/include   \n'}
[6.692413] (motion_capture_tracking) StdoutLine: {'line': b'-- Looking for XOpenDisplay in /usr/lib/x86_64-linux-gnu/libX11.so;/usr/lib/x86_64-linux-gnu/libXext.so\n'}
[6.710921] (-) TimerEvent: {}
[6.781221] (motion_capture_tracking) StdoutLine: {'line': b'-- Looking for XOpenDisplay in /usr/lib/x86_64-linux-gnu/libX11.so;/usr/lib/x86_64-linux-gnu/libXext.so - found\n'}
[6.781442] (motion_capture_tracking) StdoutLine: {'line': b'-- Looking for gethostbyname\n'}
[6.811029] (-) TimerEvent: {}
[6.846548] (motion_capture_tracking) StdoutLine: {'line': b'-- Looking for gethostbyname - found\n'}
[6.846769] (motion_capture_tracking) StdoutLine: {'line': b'-- Looking for connect\n'}
[6.910192] (motion_capture_tracking) StdoutLine: {'line': b'-- Looking for connect - found\n'}
[6.910349] (motion_capture_tracking) StdoutLine: {'line': b'-- Looking for remove\n'}
[6.911116] (-) TimerEvent: {}
[6.973252] (motion_capture_tracking) StdoutLine: {'line': b'-- Looking for remove - found\n'}
[6.973415] (motion_capture_tracking) StdoutLine: {'line': b'-- Looking for shmat\n'}
[7.011229] (-) TimerEvent: {}
[7.037883] (motion_capture_tracking) StdoutLine: {'line': b'-- Looking for shmat - found\n'}
[7.038129] (motion_capture_tracking) StdoutLine: {'line': b'-- Looking for IceConnectionNumber in ICE\n'}
[7.109038] (motion_capture_tracking) StdoutLine: {'line': b'-- Looking for IceConnectionNumber in ICE - found\n'}
[7.111326] (-) TimerEvent: {}
[7.201597] (motion_capture_tracking) StdoutLine: {'line': b'-- Found EXPAT: /usr/lib/x86_64-linux-gnu/libexpat.so (found version "2.6.1") \n'}
[7.203046] (motion_capture_tracking) StdoutLine: {'line': b'-- Found double-conversion: /usr/lib/x86_64-linux-gnu/libdouble-conversion.so  \n'}
[7.204901] (motion_capture_tracking) StdoutLine: {'line': b'-- Found LZ4: /usr/lib/x86_64-linux-gnu/liblz4.so (found version "1.9.4") \n'}
[7.206265] (motion_capture_tracking) StdoutLine: {'line': b'-- Found LZMA: /usr/lib/x86_64-linux-gnu/liblzma.so (found version "5.4.5") \n'}
[7.211389] (-) TimerEvent: {}
[7.219670] (motion_capture_tracking) StdoutLine: {'line': b'-- Found JPEG: /usr/lib/x86_64-linux-gnu/libjpeg.so (found version "80") \n'}
[7.229560] (motion_capture_tracking) StdoutLine: {'line': b'-- Found TIFF: /usr/lib/x86_64-linux-gnu/libtiff.so (found version "4.5.1")  \n'}
[7.232659] (motion_capture_tracking) StdoutLine: {'line': b'-- Found Freetype: /usr/lib/x86_64-linux-gnu/libfreetype.so (found version "2.13.2") \n'}
[7.237328] (motion_capture_tracking) StdoutLine: {'line': b'-- Found utf8cpp: /usr/include/utf8cpp  \n'}
[7.307860] (motion_capture_tracking) StdoutLine: {'line': b"-- Checking for module 'libusb-1.0'\n"}
[7.311495] (-) TimerEvent: {}
[7.322418] (motion_capture_tracking) StdoutLine: {'line': b'--   Found libusb-1.0, version 1.0.27\n'}
[7.355820] (motion_capture_tracking) StdoutLine: {'line': b'-- Found libusb: /usr/lib/x86_64-linux-gnu/libusb-1.0.so  \n'}
[7.356595] (motion_capture_tracking) StdoutLine: {'line': b'-- Found OpenNI: /usr/lib/libOpenNI.so;libusb::libusb (found version "1.5.4.0") \n'}
[7.356722] (motion_capture_tracking) StdoutLine: {'line': b'-- OpenNI found (version: 1.5.4.0, include: /usr/include/ni, lib: /usr/lib/libOpenNI.so;libusb::libusb)\n'}
[7.402496] (motion_capture_tracking) StdoutLine: {'line': b'-- Found OpenNI2: /usr/lib/x86_64-linux-gnu/libOpenNI2.so;libusb::libusb (found version "2.2.0.33") \n'}
[7.402736] (motion_capture_tracking) StdoutLine: {'line': b'-- OpenNI2 found (version: 2.2.0.33, include: /usr/include/openni2, lib: /usr/lib/x86_64-linux-gnu/libOpenNI2.so;libusb::libusb)\n'}
[7.404043] (motion_capture_tracking) StdoutLine: {'line': b'-- Found Pcap: /usr/lib/x86_64-linux-gnu/libpcap.so  \n'}
[7.411554] (-) TimerEvent: {}
[7.511778] (-) TimerEvent: {}
[7.612175] (-) TimerEvent: {}
[7.704525] (motion_capture_tracking) StdoutLine: {'line': b'-- OpenNI found (version: 1.5.4.0, include: /usr/include/ni, lib: /usr/lib/libOpenNI.so;libusb::libusb)\n'}
[7.709982] (motion_capture_tracking) StdoutLine: {'line': b'-- OpenNI2 found (version: 2.2.0.33, include: /usr/include/openni2, lib: /usr/lib/x86_64-linux-gnu/libOpenNI2.so;libusb::libusb)\n'}
[7.712313] (-) TimerEvent: {}
[7.812563] (-) TimerEvent: {}
[7.912894] (-) TimerEvent: {}
[7.979067] (motion_capture_tracking) StdoutLine: {'line': b'-- Found Qhull version 8.0.2\n'}
[8.013081] (-) TimerEvent: {}
[8.113414] (-) TimerEvent: {}
[8.213706] (-) TimerEvent: {}
[8.262147] (motion_capture_tracking) StdoutLine: {'line': b'-- OpenNI found (version: 1.5.4.0, include: /usr/include/ni, lib: /usr/lib/libOpenNI.so;libusb::libusb)\n'}
[8.313821] (-) TimerEvent: {}
[8.414049] (-) TimerEvent: {}
[8.514271] (-) TimerEvent: {}
[8.531591] (motion_capture_tracking) StdoutLine: {'line': b'-- looking for PCL_KDTREE\n'}
[8.532252] (motion_capture_tracking) StdoutLine: {'line': b'-- Found PCL_KDTREE: /usr/lib/x86_64-linux-gnu/libpcl_kdtree.so  \n'}
[8.532343] (motion_capture_tracking) StdoutLine: {'line': b'-- looking for PCL_OCTREE\n'}
[8.533178] (motion_capture_tracking) StdoutLine: {'line': b'-- Found PCL_OCTREE: /usr/lib/x86_64-linux-gnu/libpcl_octree.so  \n'}
[8.533227] (motion_capture_tracking) StdoutLine: {'line': b'-- looking for PCL_SEARCH\n'}
[8.533907] (motion_capture_tracking) StdoutLine: {'line': b'-- Found PCL_SEARCH: /usr/lib/x86_64-linux-gnu/libpcl_search.so  \n'}
[8.534027] (motion_capture_tracking) StdoutLine: {'line': b'-- looking for PCL_SAMPLE_CONSENSUS\n'}
[8.534489] (motion_capture_tracking) StdoutLine: {'line': b'-- Found PCL_SAMPLE_CONSENSUS: /usr/lib/x86_64-linux-gnu/libpcl_sample_consensus.so  \n'}
[8.534616] (motion_capture_tracking) StdoutLine: {'line': b'-- looking for PCL_FILTERS\n'}
[8.535145] (motion_capture_tracking) StdoutLine: {'line': b'-- Found PCL_FILTERS: /usr/lib/x86_64-linux-gnu/libpcl_filters.so  \n'}
[8.535243] (motion_capture_tracking) StdoutLine: {'line': b'-- looking for PCL_2D\n'}
[8.535392] (motion_capture_tracking) StdoutLine: {'line': b'-- Found PCL_2D: /usr/include/pcl-1.14  \n'}
[8.535506] (motion_capture_tracking) StdoutLine: {'line': b'-- looking for PCL_GEOMETRY\n'}
[8.535642] (motion_capture_tracking) StdoutLine: {'line': b'-- Found PCL_GEOMETRY: /usr/include/pcl-1.14  \n'}
[8.535723] (motion_capture_tracking) StdoutLine: {'line': b'-- looking for PCL_IO\n'}
[8.536272] (motion_capture_tracking) StdoutLine: {'line': b'-- Found PCL_IO: /usr/lib/x86_64-linux-gnu/libpcl_io.so  \n'}
[8.536399] (motion_capture_tracking) StdoutLine: {'line': b'-- looking for PCL_FEATURES\n'}
[8.536981] (motion_capture_tracking) StdoutLine: {'line': b'-- Found PCL_FEATURES: /usr/lib/x86_64-linux-gnu/libpcl_features.so  \n'}
[8.537089] (motion_capture_tracking) StdoutLine: {'line': b'-- looking for PCL_ML\n'}
[8.537668] (motion_capture_tracking) StdoutLine: {'line': b'-- Found PCL_ML: /usr/lib/x86_64-linux-gnu/libpcl_ml.so  \n'}
[8.537767] (motion_capture_tracking) StdoutLine: {'line': b'-- looking for PCL_SEGMENTATION\n'}
[8.538332] (motion_capture_tracking) StdoutLine: {'line': b'-- Found PCL_SEGMENTATION: /usr/lib/x86_64-linux-gnu/libpcl_segmentation.so  \n'}
[8.538475] (motion_capture_tracking) StdoutLine: {'line': b'-- looking for PCL_VISUALIZATION\n'}
[8.539052] (motion_capture_tracking) StdoutLine: {'line': b'-- Found PCL_VISUALIZATION: /usr/lib/x86_64-linux-gnu/libpcl_visualization.so  \n'}
[8.539169] (motion_capture_tracking) StdoutLine: {'line': b'-- looking for PCL_SURFACE\n'}
[8.539746] (motion_capture_tracking) StdoutLine: {'line': b'-- Found PCL_SURFACE: /usr/lib/x86_64-linux-gnu/libpcl_surface.so  \n'}
[8.539853] (motion_capture_tracking) StdoutLine: {'line': b'-- looking for PCL_REGISTRATION\n'}
[8.540411] (motion_capture_tracking) StdoutLine: {'line': b'-- Found PCL_REGISTRATION: /usr/lib/x86_64-linux-gnu/libpcl_registration.so  \n'}
[8.540560] (motion_capture_tracking) StdoutLine: {'line': b'-- looking for PCL_KEYPOINTS\n'}
[8.541167] (motion_capture_tracking) StdoutLine: {'line': b'-- Found PCL_KEYPOINTS: /usr/lib/x86_64-linux-gnu/libpcl_keypoints.so  \n'}
[8.541266] (motion_capture_tracking) StdoutLine: {'line': b'-- looking for PCL_TRACKING\n'}
[8.541887] (motion_capture_tracking) StdoutLine: {'line': b'-- Found PCL_TRACKING: /usr/lib/x86_64-linux-gnu/libpcl_tracking.so  \n'}
[8.541974] (motion_capture_tracking) StdoutLine: {'line': b'-- looking for PCL_RECOGNITION\n'}
[8.542587] (motion_capture_tracking) StdoutLine: {'line': b'-- Found PCL_RECOGNITION: /usr/lib/x86_64-linux-gnu/libpcl_recognition.so  \n'}
[8.542755] (motion_capture_tracking) StdoutLine: {'line': b'-- looking for PCL_STEREO\n'}
[8.543383] (motion_capture_tracking) StdoutLine: {'line': b'-- Found PCL_STEREO: /usr/lib/x86_64-linux-gnu/libpcl_stereo.so  \n'}
[8.543448] (motion_capture_tracking) StdoutLine: {'line': b'-- looking for PCL_APPS\n'}
[8.544040] (motion_capture_tracking) StdoutLine: {'line': b'-- Found PCL_APPS: /usr/lib/x86_64-linux-gnu/libpcl_apps.so  \n'}
[8.544402] (motion_capture_tracking) StdoutLine: {'line': b'-- looking for PCL_IN_HAND_SCANNER\n'}
[8.544561] (motion_capture_tracking) StdoutLine: {'line': b'-- Found PCL_IN_HAND_SCANNER: /usr/include/pcl-1.14  \n'}
[8.544643] (motion_capture_tracking) StdoutLine: {'line': b'-- looking for PCL_MODELER\n'}
[8.544822] (motion_capture_tracking) StdoutLine: {'line': b'-- Found PCL_MODELER: /usr/include/pcl-1.14  \n'}
[8.544904] (motion_capture_tracking) StdoutLine: {'line': b'-- looking for PCL_POINT_CLOUD_EDITOR\n'}
[8.545124] (motion_capture_tracking) StdoutLine: {'line': b'-- Found PCL_POINT_CLOUD_EDITOR: /usr/include/pcl-1.14  \n'}
[8.545201] (motion_capture_tracking) StdoutLine: {'line': b'-- looking for PCL_OUTOFCORE\n'}
[8.545832] (motion_capture_tracking) StdoutLine: {'line': b'-- Found PCL_OUTOFCORE: /usr/lib/x86_64-linux-gnu/libpcl_outofcore.so  \n'}
[8.545917] (motion_capture_tracking) StdoutLine: {'line': b'-- looking for PCL_PEOPLE\n'}
[8.546517] (motion_capture_tracking) StdoutLine: {'line': b'-- Found PCL_PEOPLE: /usr/lib/x86_64-linux-gnu/libpcl_people.so  \n'}
[8.547055] (motion_capture_tracking) StdoutLine: {'line': b'-- Found PCL: pcl_common;pcl_kdtree;pcl_octree;pcl_search;pcl_sample_consensus;pcl_filters;pcl_io;pcl_features;pcl_ml;pcl_segmentation;pcl_visualization;pcl_surface;pcl_registration;pcl_keypoints;pcl_tracking;pcl_recognition;pcl_stereo;pcl_apps;pcl_outofcore;pcl_people;Boost::system;Boost::filesystem;Boost::iostreams;Boost::serialization;/usr/lib/libOpenNI.so;libusb::libusb;/usr/lib/x86_64-linux-gnu/libOpenNI2.so;libusb::libusb;VTK::ChartsCore;VTK::CommonColor;VTK::CommonComputationalGeometry;VTK::CommonCore;VTK::CommonDataModel;VTK::CommonExecutionModel;VTK::CommonMath;VTK::CommonMisc;VTK::CommonTransforms;VTK::FiltersCore;VTK::FiltersExtraction;VTK::FiltersGeneral;VTK::FiltersGeometry;VTK::FiltersModeling;VTK::FiltersSources;VTK::ImagingCore;VTK::ImagingSources;VTK::InteractionImage;VTK::InteractionStyle;VTK::InteractionWidgets;VTK::IOCore;VTK::IOGeometry;VTK::IOImage;VTK::IOLegacy;VTK::IOPLY;VTK::RenderingAnnotation;VTK::RenderingCore;VTK::RenderingContext2D;VTK::RenderingLOD;VTK::RenderingFreeType;VTK::ViewsCore;VTK::ViewsContext2D;VTK::RenderingOpenGL2;VTK::RenderingContextOpenGL2;VTK::GUISupportQt;FLANN::FLANN;QHULL::QHULL  \n'}
[8.551111] (motion_capture_tracking) StdoutLine: {'line': b'-- Found PkgConfig: /usr/bin/pkg-config (found version "1.8.1") \n'}
[8.556473] (motion_capture_tracking) StdoutLine: {'line': b'-- Found Boost: /usr/lib/x86_64-linux-gnu/cmake/Boost-1.83.0/BoostConfig.cmake (found suitable version "1.83.0", minimum required is "1.58") found components: program_options \n'}
[8.557147] (motion_capture_tracking) StdoutLine: {'line': b"-- Checking for module 'yaml-cpp'\n"}
[8.570599] (motion_capture_tracking) StdoutLine: {'line': b'--   Found yaml-cpp, version 0.8.0\n'}
[8.603900] (motion_capture_tracking) StderrLine: {'line': b'\x1b[33mCMake Warning (dev) at deps/libmotioncapture/CMakeLists.txt:5 (option):\n'}
[8.604123] (motion_capture_tracking) StderrLine: {'line': b'  Policy CMP0077 is not set: option() honors normal variables.  Run "cmake\n'}
[8.604173] (motion_capture_tracking) StderrLine: {'line': b'  --help-policy CMP0077" for policy details.  Use the cmake_policy command to\n'}
[8.604219] (motion_capture_tracking) StderrLine: {'line': b'  set the policy and suppress this warning.\n'}
[8.604267] (motion_capture_tracking) StderrLine: {'line': b'\n'}
[8.604319] (motion_capture_tracking) StderrLine: {'line': b'  For compatibility with older versions of CMake, option is clearing the\n'}
[8.604368] (motion_capture_tracking) StderrLine: {'line': b"  normal variable 'LIBMOTIONCAPTURE_BUILD_PYTHON_BINDINGS'.\n"}
[8.604406] (motion_capture_tracking) StderrLine: {'line': b'This warning is for project developers.  Use -Wno-dev to suppress it.\n'}
[8.604442] (motion_capture_tracking) StderrLine: {'line': b'\x1b[0m\n'}
[8.604478] (motion_capture_tracking) StderrLine: {'line': b'\x1b[33mCMake Warning (dev) at deps/libmotioncapture/CMakeLists.txt:6 (option):\n'}
[8.604516] (motion_capture_tracking) StderrLine: {'line': b'  Policy CMP0077 is not set: option() honors normal variables.  Run "cmake\n'}
[8.604553] (motion_capture_tracking) StderrLine: {'line': b'  --help-policy CMP0077" for policy details.  Use the cmake_policy command to\n'}
[8.604588] (motion_capture_tracking) StderrLine: {'line': b'  set the policy and suppress this warning.\n'}
[8.604623] (motion_capture_tracking) StderrLine: {'line': b'\n'}
[8.604659] (motion_capture_tracking) StderrLine: {'line': b'  For compatibility with older versions of CMake, option is clearing the\n'}
[8.604696] (motion_capture_tracking) StderrLine: {'line': b"  normal variable 'LIBMOTIONCAPTURE_ENABLE_QUALISYS'.\n"}
[8.604732] (motion_capture_tracking) StderrLine: {'line': b'This warning is for project developers.  Use -Wno-dev to suppress it.\n'}
[8.604768] (motion_capture_tracking) StderrLine: {'line': b'\x1b[0m\n'}
[8.604804] (motion_capture_tracking) StderrLine: {'line': b'\x1b[33mCMake Warning (dev) at deps/libmotioncapture/CMakeLists.txt:7 (option):\n'}
[8.604841] (motion_capture_tracking) StderrLine: {'line': b'  Policy CMP0077 is not set: option() honors normal variables.  Run "cmake\n'}
[8.604877] (motion_capture_tracking) StderrLine: {'line': b'  --help-policy CMP0077" for policy details.  Use the cmake_policy command to\n'}
[8.604913] (motion_capture_tracking) StderrLine: {'line': b'  set the policy and suppress this warning.\n'}
[8.604947] (motion_capture_tracking) StderrLine: {'line': b'\n'}
[8.604984] (motion_capture_tracking) StderrLine: {'line': b'  For compatibility with older versions of CMake, option is clearing the\n'}
[8.605018] (motion_capture_tracking) StderrLine: {'line': b"  normal variable 'LIBMOTIONCAPTURE_ENABLE_OPTITRACK'.\n"}
[8.605054] (motion_capture_tracking) StderrLine: {'line': b'This warning is for project developers.  Use -Wno-dev to suppress it.\n'}
[8.605089] (motion_capture_tracking) StderrLine: {'line': b'\x1b[0m\n'}
[8.605126] (motion_capture_tracking) StderrLine: {'line': b'\x1b[33mCMake Warning (dev) at deps/libmotioncapture/CMakeLists.txt:8 (option):\n'}
[8.605161] (motion_capture_tracking) StderrLine: {'line': b'  Policy CMP0077 is not set: option() honors normal variables.  Run "cmake\n'}
[8.605196] (motion_capture_tracking) StderrLine: {'line': b'  --help-policy CMP0077" for policy details.  Use the cmake_policy command to\n'}
[8.605230] (motion_capture_tracking) StderrLine: {'line': b'  set the policy and suppress this warning.\n'}
[8.605265] (motion_capture_tracking) StderrLine: {'line': b'\n'}
[8.605300] (motion_capture_tracking) StderrLine: {'line': b'  For compatibility with older versions of CMake, option is clearing the\n'}
[8.605342] (motion_capture_tracking) StderrLine: {'line': b"  normal variable 'LIBMOTIONCAPTURE_ENABLE_OPTITRACK_CLOSED_SOURCE'.\n"}
[8.605379] (motion_capture_tracking) StderrLine: {'line': b'This warning is for project developers.  Use -Wno-dev to suppress it.\n'}
[8.605414] (motion_capture_tracking) StderrLine: {'line': b'\x1b[0m\n'}
[8.605449] (motion_capture_tracking) StderrLine: {'line': b'\x1b[33mCMake Warning (dev) at deps/libmotioncapture/CMakeLists.txt:9 (option):\n'}
[8.605485] (motion_capture_tracking) StderrLine: {'line': b'  Policy CMP0077 is not set: option() honors normal variables.  Run "cmake\n'}
[8.605521] (motion_capture_tracking) StderrLine: {'line': b'  --help-policy CMP0077" for policy details.  Use the cmake_policy command to\n'}
[8.605556] (motion_capture_tracking) StderrLine: {'line': b'  set the policy and suppress this warning.\n'}
[8.605593] (motion_capture_tracking) StderrLine: {'line': b'\n'}
[8.605628] (motion_capture_tracking) StderrLine: {'line': b'  For compatibility with older versions of CMake, option is clearing the\n'}
[8.605665] (motion_capture_tracking) StderrLine: {'line': b"  normal variable 'LIBMOTIONCAPTURE_ENABLE_VICON'.\n"}
[8.605700] (motion_capture_tracking) StderrLine: {'line': b'This warning is for project developers.  Use -Wno-dev to suppress it.\n'}
[8.605736] (motion_capture_tracking) StderrLine: {'line': b'\x1b[0m\n'}
[8.605772] (motion_capture_tracking) StderrLine: {'line': b'\x1b[33mCMake Warning (dev) at deps/libmotioncapture/CMakeLists.txt:10 (option):\n'}
[8.605808] (motion_capture_tracking) StderrLine: {'line': b'  Policy CMP0077 is not set: option() honors normal variables.  Run "cmake\n'}
[8.605844] (motion_capture_tracking) StderrLine: {'line': b'  --help-policy CMP0077" for policy details.  Use the cmake_policy command to\n'}
[8.605878] (motion_capture_tracking) StderrLine: {'line': b'  set the policy and suppress this warning.\n'}
[8.605913] (motion_capture_tracking) StderrLine: {'line': b'\n'}
[8.605951] (motion_capture_tracking) StderrLine: {'line': b'  For compatibility with older versions of CMake, option is clearing the\n'}
[8.605989] (motion_capture_tracking) StderrLine: {'line': b"  normal variable 'LIBMOTIONCAPTURE_ENABLE_NOKOV'.\n"}
[8.606025] (motion_capture_tracking) StderrLine: {'line': b'This warning is for project developers.  Use -Wno-dev to suppress it.\n'}
[8.606061] (motion_capture_tracking) StderrLine: {'line': b'\x1b[0m\n'}
[8.606096] (motion_capture_tracking) StderrLine: {'line': b'\x1b[33mCMake Warning (dev) at deps/libmotioncapture/CMakeLists.txt:11 (option):\n'}
[8.606131] (motion_capture_tracking) StderrLine: {'line': b'  Policy CMP0077 is not set: option() honors normal variables.  Run "cmake\n'}
[8.606167] (motion_capture_tracking) StderrLine: {'line': b'  --help-policy CMP0077" for policy details.  Use the cmake_policy command to\n'}
[8.606201] (motion_capture_tracking) StderrLine: {'line': b'  set the policy and suppress this warning.\n'}
[8.606236] (motion_capture_tracking) StderrLine: {'line': b'\n'}
[8.606272] (motion_capture_tracking) StderrLine: {'line': b'  For compatibility with older versions of CMake, option is clearing the\n'}
[8.606309] (motion_capture_tracking) StderrLine: {'line': b"  normal variable 'LIBMOTIONCAPTURE_ENABLE_VRPN'.\n"}
[8.606346] (motion_capture_tracking) StderrLine: {'line': b'This warning is for project developers.  Use -Wno-dev to suppress it.\n'}
[8.606381] (motion_capture_tracking) StderrLine: {'line': b'\x1b[0m\n'}
[8.606415] (motion_capture_tracking) StderrLine: {'line': b'\x1b[33mCMake Warning (dev) at deps/libmotioncapture/CMakeLists.txt:12 (option):\n'}
[8.606449] (motion_capture_tracking) StderrLine: {'line': b'  Policy CMP0077 is not set: option() honors normal variables.  Run "cmake\n'}
[8.606484] (motion_capture_tracking) StderrLine: {'line': b'  --help-policy CMP0077" for policy details.  Use the cmake_policy command to\n'}
[8.606519] (motion_capture_tracking) StderrLine: {'line': b'  set the policy and suppress this warning.\n'}
[8.606555] (motion_capture_tracking) StderrLine: {'line': b'\n'}
[8.606590] (motion_capture_tracking) StderrLine: {'line': b'  For compatibility with older versions of CMake, option is clearing the\n'}
[8.606626] (motion_capture_tracking) StderrLine: {'line': b"  normal variable 'LIBMOTIONCAPTURE_ENABLE_FZMOTION'.\n"}
[8.606661] (motion_capture_tracking) StderrLine: {'line': b'This warning is for project developers.  Use -Wno-dev to suppress it.\n'}
[8.606696] (motion_capture_tracking) StderrLine: {'line': b'\x1b[0m\n'}
[8.606731] (motion_capture_tracking) StderrLine: {'line': b'\x1b[33mCMake Warning (dev) at deps/libmotioncapture/CMakeLists.txt:13 (option):\n'}
[8.606788] (motion_capture_tracking) StderrLine: {'line': b'  Policy CMP0077 is not set: option() honors normal variables.  Run "cmake\n'}
[8.606825] (motion_capture_tracking) StderrLine: {'line': b'  --help-policy CMP0077" for policy details.  Use the cmake_policy command to\n'}
[8.606863] (motion_capture_tracking) StderrLine: {'line': b'  set the policy and suppress this warning.\n'}
[8.606900] (motion_capture_tracking) StderrLine: {'line': b'\n'}
[8.606935] (motion_capture_tracking) StderrLine: {'line': b'  For compatibility with older versions of CMake, option is clearing the\n'}
[8.606971] (motion_capture_tracking) StderrLine: {'line': b"  normal variable 'LIBMOTIONCAPTURE_ENABLE_MOTIONANALYSIS'.\n"}
[8.607007] (motion_capture_tracking) StderrLine: {'line': b'This warning is for project developers.  Use -Wno-dev to suppress it.\n'}
[8.607042] (motion_capture_tracking) StderrLine: {'line': b'\x1b[0m\n'}
[8.607077] (motion_capture_tracking) StderrLine: {'line': b'\x1b[33mCMake Warning (dev) at deps/libmotioncapture/CMakeLists.txt:14 (option):\n'}
[8.607112] (motion_capture_tracking) StderrLine: {'line': b'  Policy CMP0077 is not set: option() honors normal variables.  Run "cmake\n'}
[8.607148] (motion_capture_tracking) StderrLine: {'line': b'  --help-policy CMP0077" for policy details.  Use the cmake_policy command to\n'}
[8.607182] (motion_capture_tracking) StderrLine: {'line': b'  set the policy and suppress this warning.\n'}
[8.607217] (motion_capture_tracking) StderrLine: {'line': b'\n'}
[8.607252] (motion_capture_tracking) StderrLine: {'line': b'  For compatibility with older versions of CMake, option is clearing the\n'}
[8.607288] (motion_capture_tracking) StderrLine: {'line': b"  normal variable 'LIBMOTIONCAPTURE_BUILD_EXAMPLE'.\n"}
[8.607333] (motion_capture_tracking) StderrLine: {'line': b'This warning is for project developers.  Use -Wno-dev to suppress it.\n'}
[8.607370] (motion_capture_tracking) StderrLine: {'line': b'\x1b[0m\n'}
[8.607406] (motion_capture_tracking) StdoutLine: {'line': b'-- Found Boost: /usr/lib/x86_64-linux-gnu/cmake/Boost-1.83.0/BoostConfig.cmake (found suitable version "1.83.0", minimum required is "1.5") found components: system \n'}
[8.608036] (motion_capture_tracking) StdoutLine: {'line': b'-- Found Eigen3: TRUE (found version "3.4.0") \n'}
[8.608115] (motion_capture_tracking) StderrLine: {'line': b'\x1b[0mincluding vicon\x1b[0m\n'}
[8.614344] (-) TimerEvent: {}
[8.614610] (motion_capture_tracking) StdoutLine: {'line': b'-- Found Boost: /usr/lib/x86_64-linux-gnu/cmake/Boost-1.83.0/BoostConfig.cmake (found suitable version "1.83.0", minimum required is "1.5") found components: system thread \n'}
[8.616281] (motion_capture_tracking) StderrLine: {'line': b'\x1b[0mincluding optitrack\x1b[0m\n'}
[8.616432] (motion_capture_tracking) StderrLine: {'line': b'\x1b[0mIncluding optitrack_closed_source\x1b[0m\n'}
[8.622689] (motion_capture_tracking) StderrLine: {'line': b'\x1b[0mincluding qualisys\x1b[0m\n'}
[8.624731] (motion_capture_tracking) StderrLine: {'line': b'\x1b[0mincluding vrpn\x1b[0m\n'}
[8.625829] (motion_capture_tracking) StderrLine: {'line': b'\x1b[0mCMake Deprecation Warning at deps/libmotioncapture/deps/vrpn/CMakeLists.txt:1 (cmake_minimum_required):\n'}
[8.625896] (motion_capture_tracking) StderrLine: {'line': b'  Compatibility with CMake < 3.5 will be removed from a future version of\n'}
[8.625939] (motion_capture_tracking) StderrLine: {'line': b'  CMake.\n'}
[8.625979] (motion_capture_tracking) StderrLine: {'line': b'\n'}
[8.626019] (motion_capture_tracking) StderrLine: {'line': b'  Update the VERSION argument <min> value or use a ...<max> suffix to tell\n'}
[8.626056] (motion_capture_tracking) StderrLine: {'line': b'  CMake that the project does not need compatibility with older versions.\n'}
[8.626092] (motion_capture_tracking) StderrLine: {'line': b'\n'}
[8.626129] (motion_capture_tracking) StderrLine: {'line': b'\x1b[0m\n'}
[8.686513] (motion_capture_tracking) StderrLine: {'line': b'\x1b[0mCMake Deprecation Warning at deps/libmotioncapture/deps/vrpn/quat/CMakeLists.txt:1 (cmake_minimum_required):\n'}
[8.686729] (motion_capture_tracking) StderrLine: {'line': b'  Compatibility with CMake < 3.5 will be removed from a future version of\n'}
[8.686837] (motion_capture_tracking) StderrLine: {'line': b'  CMake.\n'}
[8.686930] (motion_capture_tracking) StderrLine: {'line': b'\n'}
[8.687018] (motion_capture_tracking) StderrLine: {'line': b'  Update the VERSION argument <min> value or use a ...<max> suffix to tell\n'}
[8.687106] (motion_capture_tracking) StderrLine: {'line': b'  CMake that the project does not need compatibility with older versions.\n'}
[8.687192] (motion_capture_tracking) StderrLine: {'line': b'\n'}
[8.687276] (motion_capture_tracking) StderrLine: {'line': b'\x1b[0m\n'}
[8.693382] (motion_capture_tracking) StdoutLine: {'line': b"-- Checking for module 'libusb-1.0'\n"}
[8.705380] (motion_capture_tracking) StdoutLine: {'line': b'--   Found libusb-1.0, version 1.0.27\n'}
[8.714430] (-) TimerEvent: {}
[8.737349] (motion_capture_tracking) StdoutLine: {'line': b'-- Found Libusb1: /usr/lib/x86_64-linux-gnu/libusb-1.0.so  \n'}
[8.741141] (motion_capture_tracking) StderrLine: {'line': b'\x1b[33mCMake Warning (dev) at deps/libmotioncapture/deps/vrpn/CMakeLists.txt:304 (find_package):\n'}
[8.741263] (motion_capture_tracking) StderrLine: {'line': b'  Policy CMP0148 is not set: The FindPythonInterp and FindPythonLibs modules\n'}
[8.741374] (motion_capture_tracking) StderrLine: {'line': b'  are removed.  Run "cmake --help-policy CMP0148" for policy details.  Use\n'}
[8.741468] (motion_capture_tracking) StderrLine: {'line': b'  the cmake_policy command to set the policy and suppress this warning.\n'}
[8.741556] (motion_capture_tracking) StderrLine: {'line': b'\n'}
[8.741643] (motion_capture_tracking) StderrLine: {'line': b'This warning is for project developers.  Use -Wno-dev to suppress it.\n'}
[8.741730] (motion_capture_tracking) StderrLine: {'line': b'\x1b[0m\n'}
[8.814532] (-) TimerEvent: {}
[8.914823] (-) TimerEvent: {}
[9.015102] (-) TimerEvent: {}
[9.115487] (-) TimerEvent: {}
[9.215786] (-) TimerEvent: {}
[9.315998] (-) TimerEvent: {}
[9.416246] (-) TimerEvent: {}
[9.516592] (-) TimerEvent: {}
[9.616910] (-) TimerEvent: {}
[9.646646] (motion_capture_tracking) StdoutLine: {'line': b'-- NOTE: You have VRPN_USE_LOCAL_HIDAPI enabled, but VRPN_USE_HID disabled: HIDAPI will only be built if you enable HID support for VRPN\n'}
[9.647093] (motion_capture_tracking) StderrLine: {'line': b'\x1b[0mCMake Deprecation Warning at deps/libmotioncapture/deps/vrpn/cmake/FindOpenHaptics.cmake:56 (cmake_minimum_required):\n'}
[9.647181] (motion_capture_tracking) StderrLine: {'line': b'  Compatibility with CMake < 3.5 will be removed from a future version of\n'}
[9.647247] (motion_capture_tracking) StderrLine: {'line': b'  CMake.\n'}
[9.647316] (motion_capture_tracking) StderrLine: {'line': b'\n'}
[9.647383] (motion_capture_tracking) StderrLine: {'line': b'  Update the VERSION argument <min> value or use a ...<max> suffix to tell\n'}
[9.647445] (motion_capture_tracking) StderrLine: {'line': b'  CMake that the project does not need compatibility with older versions.\n'}
[9.647507] (motion_capture_tracking) StderrLine: {'line': b'Call Stack (most recent call first):\n'}
[9.647568] (motion_capture_tracking) StderrLine: {'line': b'  deps/libmotioncapture/deps/vrpn/CMakeLists.txt:468 (find_package)\n'}
[9.647629] (motion_capture_tracking) StderrLine: {'line': b'\n'}
[9.647690] (motion_capture_tracking) StderrLine: {'line': b'\x1b[0m\n'}
[9.663456] (motion_capture_tracking) StderrLine: {'line': b'\x1b[33mCMake Warning (dev) at /usr/share/cmake-3.28/Modules/FindPackageHandleStandardArgs.cmake:438 (message):\n'}
[9.663598] (motion_capture_tracking) StderrLine: {'line': b'  The package name passed to `find_package_handle_standard_args` (I2CDEV)\n'}
[9.663666] (motion_capture_tracking) StderrLine: {'line': b'  does not match the name of the calling package (libi2c-dev).  This can lead\n'}
[9.663730] (motion_capture_tracking) StderrLine: {'line': b'  to problems in calling code that expects `find_package` result variables\n'}
[9.663793] (motion_capture_tracking) StderrLine: {'line': b'  (e.g., `_FOUND`) to follow a certain pattern.\n'}
[9.663862] (motion_capture_tracking) StderrLine: {'line': b'Call Stack (most recent call first):\n'}
[9.663927] (motion_capture_tracking) StderrLine: {'line': b'  deps/libmotioncapture/deps/vrpn/cmake/Findlibi2c-dev.cmake:43 (find_package_handle_standard_args)\n'}
[9.663989] (motion_capture_tracking) StderrLine: {'line': b'  deps/libmotioncapture/deps/vrpn/CMakeLists.txt:518 (find_package)\n'}
[9.664050] (motion_capture_tracking) StderrLine: {'line': b'This warning is for project developers.  Use -Wno-dev to suppress it.\n'}
[9.664111] (motion_capture_tracking) StderrLine: {'line': b'\x1b[0m\n'}
[9.664172] (motion_capture_tracking) StdoutLine: {'line': b'-- Found I2CDEV: /usr/include  \n'}
[9.676741] (motion_capture_tracking) StdoutLine: {'line': b'-- Looking for C++ include linux/joystick.h\n'}
[9.717008] (-) TimerEvent: {}
[9.745128] (motion_capture_tracking) StdoutLine: {'line': b'-- Looking for C++ include linux/joystick.h - found\n'}
[9.745416] (motion_capture_tracking) StdoutLine: {'line': b'-- Looking for C++ include linux/input.h\n'}
[9.812751] (motion_capture_tracking) StdoutLine: {'line': b'-- Looking for C++ include linux/input.h - found\n'}
[9.817089] (-) TimerEvent: {}
[9.835627] (motion_capture_tracking) StdoutLine: {'line': b'-- Found quatlib: quat  \n'}
[9.840656] (motion_capture_tracking) StderrLine: {'line': b'\x1b[0mCMake Deprecation Warning at deps/libmotioncapture/deps/vrpn/client_src/CMakeLists.txt:1 (cmake_minimum_required):\n'}
[9.840741] (motion_capture_tracking) StderrLine: {'line': b'  Compatibility with CMake < 3.5 will be removed from a future version of\n'}
[9.840783] (motion_capture_tracking) StderrLine: {'line': b'  CMake.\n'}
[9.840823] (motion_capture_tracking) StderrLine: {'line': b'\n'}
[9.840862] (motion_capture_tracking) StderrLine: {'line': b'  Update the VERSION argument <min> value or use a ...<max> suffix to tell\n'}
[9.840900] (motion_capture_tracking) StderrLine: {'line': b'  CMake that the project does not need compatibility with older versions.\n'}
[9.840937] (motion_capture_tracking) StderrLine: {'line': b'\n'}
[9.840973] (motion_capture_tracking) StderrLine: {'line': b'\x1b[0m\n'}
[9.843847] (motion_capture_tracking) StderrLine: {'line': b'\x1b[0mincluding fzmotion\x1b[0m\n'}
[9.917198] (-) TimerEvent: {}
[10.000411] (motion_capture_tracking) StdoutLine: {'line': b'-- Found Python3: /usr/bin/python3 (found version "3.12.3") found components: Interpreter Development Development.Module Development.Embed \n'}
[10.002425] (motion_capture_tracking) StderrLine: {'line': b'\x1b[0mCMake Deprecation Warning at deps/libmotioncapture/deps/pybind11/CMakeLists.txt:8 (cmake_minimum_required):\n'}
[10.002524] (motion_capture_tracking) StderrLine: {'line': b'  Compatibility with CMake < 3.5 will be removed from a future version of\n'}
[10.002602] (motion_capture_tracking) StderrLine: {'line': b'  CMake.\n'}
[10.002675] (motion_capture_tracking) StderrLine: {'line': b'\n'}
[10.002738] (motion_capture_tracking) StderrLine: {'line': b'  Update the VERSION argument <min> value or use a ...<max> suffix to tell\n'}
[10.002799] (motion_capture_tracking) StderrLine: {'line': b'  CMake that the project does not need compatibility with older versions.\n'}
[10.002861] (motion_capture_tracking) StderrLine: {'line': b'\n'}
[10.002922] (motion_capture_tracking) StderrLine: {'line': b'\x1b[0m\n'}
[10.004772] (motion_capture_tracking) StdoutLine: {'line': b'-- pybind11 v2.11.0 dev1\n'}
[10.017289] (-) TimerEvent: {}
[10.033772] (motion_capture_tracking) StdoutLine: {'line': b'-- Performing Test HAS_FLTO\n'}
[10.117386] (-) TimerEvent: {}
[10.140741] (motion_capture_tracking) StdoutLine: {'line': b'-- Performing Test HAS_FLTO - Success\n'}
[10.203416] (motion_capture_tracking) StdoutLine: {'line': b'-- Configuring done (5.0s)\n'}
[10.217471] (-) TimerEvent: {}
[10.283955] (motion_capture_tracking) StdoutLine: {'line': b'-- Generating done (0.1s)\n'}
[10.299289] (motion_capture_tracking) StdoutLine: {'line': b'-- Build files have been written to: /home/bajdus/Desktop/complete-velocity-messages/ros_ws/build/motion_capture_tracking\n'}
[10.317561] (-) TimerEvent: {}
[10.318404] (motion_capture_tracking) CommandEnded: {'returncode': 0}
[10.318879] (motion_capture_tracking) JobProgress: {'identifier': 'motion_capture_tracking', 'progress': 'build'}
[10.319162] (motion_capture_tracking) Command: {'cmd': ['/usr/bin/cmake', '--build', '/home/bajdus/Desktop/complete-velocity-messages/ros_ws/build/motion_capture_tracking', '--', '-j20', '-l20'], 'cwd': '/home/bajdus/Desktop/complete-velocity-messages/ros_ws/build/motion_capture_tracking', 'env': OrderedDict({'GJS_DEBUG_TOPICS': 'JS ERROR;JS LOG', 'XDG_ACTIVATION_TOKEN': 'gnome-shell/Terminator/3846-2-LC2075-LIN_TIME4383425', 'LESSOPEN': '| /usr/bin/lesspipe %s', 'USER': 'bajdus', 'XDG_SESSION_TYPE': 'x11', 'SHLVL': '1', 'LD_LIBRARY_PATH': '/home/bajdus/Desktop/complete-velocity-messages/ros_ws/install/motion_capture_tracking_interfaces/lib:/usr/local/lib:/opt/ros/jazzy/opt/rviz_ogre_vendor/lib:/opt/ros/jazzy/lib/x86_64-linux-gnu:/opt/ros/jazzy/opt/gz_math_vendor/lib:/opt/ros/jazzy/opt/gz_utils_vendor/lib:/opt/ros/jazzy/opt/gz_cmake_vendor/lib:/opt/ros/jazzy/lib', 'HOME': '/home/bajdus', 'OLDPWD': '/home/bajdus/Desktop/complete-velocity-messages', 'DESKTOP_SESSION': 'ubuntu', 'GIO_LAUNCHED_DESKTOP_FILE': '/usr/share/applications/terminator.desktop', 'ROS_PYTHON_VERSION': '3', 'GNOME_SHELL_SESSION_MODE': 'ubuntu', 'GTK_MODULES': 'gail:atk-bridge', 'MANAGERPID': '3285', 'SYSTEMD_EXEC_PID': '3846', 'GSM_SKIP_SSH_AGENT_WORKAROUND': 'true', 'DBUS_SESSION_BUS_ADDRESS': 'unix:path=/run/user/59016586/bus', 'COLORTERM': 'truecolor', 'TERMINATOR_DBUS_NAME': 'net.tenshu.Terminator23558193cd9818af7fe4d2c2f5bd9d00f', 'GIO_LAUNCHED_DESKTOP_FILE_PID': '9876', 'DEBUGINFOD_URLS': 'https://debuginfod.ubuntu.com', 'ROS_DISTRO': 'jazzy', 'LOGNAME': 'bajdus', 'JOURNAL_STREAM': '9:12286', '_': '/usr/bin/colcon', 'ROS_VERSION': '2', 'MEMORY_PRESSURE_WATCH': '/sys/fs/cgroup/user.slice/user-59016586.slice/user@59016586.service/session.slice/org.gnome.Shell@x11.service/memory.pressure', 'XDG_SESSION_CLASS': 'user', 'USERNAME': 'bajdus', 'TERM': 'xterm-256color', 'GNOME_DESKTOP_SESSION_ID': 'this-is-deprecated', 'WINDOWPATH': '2', 'PATH': '/opt/ros/jazzy/bin:/usr/local/sbin:/usr/local/bin:/usr/sbin:/usr/bin:/sbin:/bin:/usr/games:/usr/local/games:/snap/bin:/snap/bin', 'SESSION_MANAGER': 'local/LC2075-LIN:@/tmp/.ICE-unix/3791,unix/LC2075-LIN:/tmp/.ICE-unix/3791', 'INVOCATION_ID': 'f7d2e5f172f547d6a5a038ef75785c03', 'XDG_MENU_PREFIX': 'gnome-', 'XDG_RUNTIME_DIR': '/run/user/59016586', 'DISPLAY': ':1', 'TERMINATOR_DBUS_PATH': '/net/tenshu/Terminator2', 'LANG': 'en_US.UTF-8', 'XDG_CURRENT_DESKTOP': 'ubuntu:GNOME', 'XMODIFIERS': '@im=ibus', 'XDG_SESSION_DESKTOP': 'ubuntu', 'XAUTHORITY': '/run/user/59016586/gdm/Xauthority', 'LS_COLORS': 'rs=0:di=01;34:ln=01;36:mh=00:pi=40;33:so=01;35:do=01;35:bd=40;33;01:cd=40;33;01:or=40;31;01:mi=00:su=37;41:sg=30;43:ca=00:tw=30;42:ow=34;42:st=37;44:ex=01;32:*.tar=01;31:*.tgz=01;31:*.arc=01;31:*.arj=01;31:*.taz=01;31:*.lha=01;31:*.lz4=01;31:*.lzh=01;31:*.lzma=01;31:*.tlz=01;31:*.txz=01;31:*.tzo=01;31:*.t7z=01;31:*.zip=01;31:*.z=01;31:*.dz=01;31:*.gz=01;31:*.lrz=01;31:*.lz=01;31:*.lzo=01;31:*.xz=01;31:*.zst=01;31:*.tzst=01;31:*.bz2=01;31:*.bz=01;31:*.tbz=01;31:*.tbz2=01;31:*.tz=01;31:*.deb=01;31:*.rpm=01;31:*.jar=01;31:*.war=01;31:*.ear=01;31:*.sar=01;31:*.rar=01;31:*.alz=01;31:*.ace=01;31:*.zoo=01;31:*.cpio=01;31:*.7z=01;31:*.rz=01;31:*.cab=01;31:*.wim=01;31:*.swm=01;31:*.dwm=01;31:*.esd=01;31:*.avif=01;35:*.jpg=01;35:*.jpeg=01;35:*.mjpg=01;35:*.mjpeg=01;35:*.gif=01;35:*.bmp=01;35:*.pbm=01;35:*.pgm=01;35:*.ppm=01;35:*.tga=01;35:*.xbm=01;35:*.xpm=01;35:*.tif=01;35:*.tiff=01;35:*.png=01;35:*.svg=01;35:*.svgz=01;35:*.mng=01;35:*.pcx=01;35:*.mov=01;35:*.mpg=01;35:*.mpeg=01;35:*.m2v=01;35:*.mkv=01;35:*.webm=01;35:*.webp=01;35:*.ogm=01;35:*.mp4=01;35:*.m4v=01;35:*.mp4v=01;35:*.vob=01;35:*.qt=01;35:*.nuv=01;35:*.wmv=01;35:*.asf=01;35:*.rm=01;35:*.rmvb=01;35:*.flc=01;35:*.avi=01;35:*.fli=01;35:*.flv=01;35:*.gl=01;35:*.dl=01;35:*.xcf=01;35:*.xwd=01;35:*.yuv=01;35:*.cgm=01;35:*.emf=01;35:*.ogv=01;35:*.ogx=01;35:*.aac=00;36:*.au=00;36:*.flac=00;36:*.m4a=00;36:*.mid=00;36:*.midi=00;36:*.mka=00;36:*.mp3=00;36:*.mpc=00;36:*.ogg=00;36:*.ra=00;36:*.wav=00;36:*.oga=00;36:*.opus=00;36:*.spx=00;36:*.xspf=00;36:*~=00;90:*#=00;90:*.bak=00;90:*.crdownload=00;90:*.dpkg-dist=00;90:*.dpkg-new=00;90:*.dpkg-old=00;90:*.dpkg-tmp=00;90:*.old=00;90:*.orig=00;90:*.part=00;90:*.rej=00;90:*.rpmnew=00;90:*.rpmorig=00;90:*.rpmsave=00;90:*.swp=00;90:*.tmp=00;90:*.ucf-dist=00;90:*.ucf-new=00;90:*.ucf-old=00;90:', 'SSH_AUTH_SOCK': '/run/user/59016586/keyring/ssh', 'AMENT_PREFIX_PATH': '/home/bajdus/Desktop/complete-velocity-messages/ros_ws/install/motion_capture_tracking_interfaces:/opt/ros/jazzy', 'SHELL': '/bin/bash', 'TERMINATOR_UUID': 'urn:uuid:d8dcc6fc-fd5d-48e5-b95e-beca1d5e4672', 'KRB5CCNAME': 'FILE:/tmp/krb5cc_59016586_mxG3pu', 'QT_ACCESSIBILITY': '1', 'GDMSESSION': 'ubuntu', 'LESSCLOSE': '/usr/bin/lesspipe %s %s', 'GPG_AGENT_INFO': '/run/user/59016586/gnupg/S.gpg-agent:0:1', 'GJS_DEBUG_OUTPUT': 'stderr', 'ROS_AUTOMATIC_DISCOVERY_RANGE': 'SUBNET', 'QT_IM_MODULE': 'ibus', 'PWD': '/home/bajdus/Desktop/complete-velocity-messages/ros_ws/build/motion_capture_tracking', 'LC_ALL': 'en_US.UTF-8', 'XDG_CONFIG_DIRS': '/etc/xdg/xdg-ubuntu:/etc/xdg', 'XDG_DATA_DIRS': '/usr/share/ubuntu:/usr/share/gnome:/usr/local/share/:/usr/share/:/var/lib/snapd/desktop', 'PYTHONPATH': '/home/bajdus/Desktop/complete-velocity-messages/ros_ws/install/motion_capture_tracking_interfaces/lib/python3.12/site-packages:/opt/ros/jazzy/lib/python3.12/site-packages', 'COLCON': '1', 'MEMORY_PRESSURE_WRITE': 'c29tZSAyMDAwMDAgMjAwMDAwMAA=', 'VTE_VERSION': '7600', 'CMAKE_PREFIX_PATH': '/home/bajdus/Desktop/complete-velocity-messages/ros_ws/install/motion_capture_tracking_interfaces:/usr/local:/opt/ros/jazzy/opt/gz_math_vendor:/opt/ros/jazzy/opt/gz_utils_vendor:/opt/ros/jazzy/opt/gz_cmake_vendor:/opt/ros/jazzy'}), 'shell': False}
[10.363301] (motion_capture_tracking) StdoutLine: {'line': b'[ 14%] \x1b[32mBuilding C object deps/libmotioncapture/deps/vrpn/quat/CMakeFiles/quat.dir/quat.c.o\x1b[0m\n'}
[10.363589] (motion_capture_tracking) StdoutLine: {'line': b'[ 14%] \x1b[32mBuilding CXX object deps/librigidbodytracker/CMakeFiles/librigidbodytracker.dir/src/rigid_body_tracker.cpp.o\x1b[0m\n'}
[10.363713] (motion_capture_tracking) StdoutLine: {'line': b'[ 14%] \x1b[32mBuilding CXX object deps/libmotioncapture/deps/qualisys_cpp_sdk/CMakeFiles/qualisys_cpp_sdk.dir/Markup.cpp.o\x1b[0m\n'}
[10.363792] (motion_capture_tracking) StdoutLine: {'line': b'[ 14%] \x1b[32mBuilding CXX object deps/libmotioncapture/deps/vicon-datastream-sdk/CMakeFiles/ViconDataStreamSDK_CPP.dir/Vicon/CrossMarket/DataStream/ViconDataStreamSDKCore/WirelessConfiguration.cpp.o\x1b[0m\n'}
[10.363864] (motion_capture_tracking) StdoutLine: {'line': b'[ 14%] \x1b[32mBuilding CXX object deps/libmotioncapture/deps/vicon-datastream-sdk/CMakeFiles/ViconDataStreamSDK_CPP.dir/Vicon/CrossMarket/DataStream/ViconDataStreamSDKCore/CoreClientTimingLog.cpp.o\x1b[0m\n'}
[10.363945] (motion_capture_tracking) StdoutLine: {'line': b'[ 14%] \x1b[32mBuilding CXX object deps/libmotioncapture/deps/vicon-datastream-sdk/CMakeFiles/ViconDataStreamSDK_CPP.dir/Vicon/CrossMarket/DataStream/ViconDataStreamSDKCore/CoreClient.cpp.o\x1b[0m\n'}
[10.364020] (motion_capture_tracking) StdoutLine: {'line': b'[ 14%] \x1b[32mBuilding CXX object deps/libmotioncapture/deps/vicon-datastream-sdk/CMakeFiles/ViconDataStreamSDK_CPP.dir/Vicon/CrossMarket/DataStream/ViconCGStreamClient/CGStreamReaderWriter.cpp.o\x1b[0m\n'}
[10.364091] (motion_capture_tracking) StdoutLine: {'line': b'[ 14%] \x1b[32mBuilding CXX object deps/libmotioncapture/deps/vicon-datastream-sdk/CMakeFiles/ViconDataStreamSDK_CPP.dir/Vicon/CrossMarket/DataStream/ViconCGStreamClient/ViconCGStreamClient.cpp.o\x1b[0m\n'}
[10.364163] (motion_capture_tracking) StdoutLine: {'line': b'[ 14%] \x1b[32mBuilding CXX object deps/libmotioncapture/deps/vicon-datastream-sdk/CMakeFiles/ViconDataStreamSDK_CPP.dir/Vicon/CrossMarket/DataStream/ViconDataStreamSDKCoreUtils/ClientUtils.cpp.o\x1b[0m\n'}
[10.365485] (motion_capture_tracking) StdoutLine: {'line': b'[ 17%] \x1b[32mBuilding CXX object deps/libmotioncapture/deps/vicon-datastream-sdk/CMakeFiles/ViconDataStreamSDK_CPP.dir/Vicon/CrossMarket/DataStream/ViconDataStreamSDKCoreUtils/AxisMapping.cpp.o\x1b[0m\n'}
[10.365860] (motion_capture_tracking) StdoutLine: {'line': b'[ 19%] \x1b[32mBuilding C object deps/libmotioncapture/deps/vrpn/quat/CMakeFiles/quat.dir/xyzquat.c.o\x1b[0m\n'}
[10.366013] (motion_capture_tracking) StdoutLine: {'line': b'[ 20%] \x1b[32mBuilding C object deps/libmotioncapture/deps/vrpn/quat/CMakeFiles/quat.dir/matrix.c.o\x1b[0m\n'}
[10.366140] (motion_capture_tracking) StdoutLine: {'line': b'[ 17%] \x1b[32mBuilding CXX object deps/libmotioncapture/deps/qualisys_cpp_sdk/CMakeFiles/qualisys_cpp_sdk.dir/RTPacket.cpp.o\x1b[0m\n'}
[10.366266] (motion_capture_tracking) StdoutLine: {'line': b'[ 23%] \x1b[32mBuilding C object deps/libmotioncapture/deps/vrpn/quat/CMakeFiles/quat.dir/vector.c.o\x1b[0m\n'}
[10.366394] (motion_capture_tracking) StdoutLine: {'line': b'[ 23%] \x1b[32mBuilding CXX object deps/libmotioncapture/deps/qualisys_cpp_sdk/CMakeFiles/qualisys_cpp_sdk.dir/Network.cpp.o\x1b[0m\n'}
[10.366501] (motion_capture_tracking) StdoutLine: {'line': b'[ 26%] \x1b[32mBuilding CXX object deps/libmotioncapture/deps/vicon-datastream-sdk/CMakeFiles/ViconDataStreamSDK_CPP.dir/Vicon/CrossMarket/DataStream/ViconCGStreamClientSDK/CGClient.cpp.o\x1b[0m\n'}
[10.366605] (motion_capture_tracking) StdoutLine: {'line': b'[ 26%] \x1b[32mBuilding CXX object deps/libmotioncapture/deps/vicon-datastream-sdk/CMakeFiles/ViconDataStreamSDK_CPP.dir/Vicon/CrossMarket/DataStream/ViconCGStreamClient/ViconCGStreamBayer.cpp.o\x1b[0m\n'}
[10.368032] (motion_capture_tracking) StdoutLine: {'line': b'[ 30%] \x1b[32mBuilding CXX object deps/libmotioncapture/deps/qualisys_cpp_sdk/CMakeFiles/qualisys_cpp_sdk.dir/RTProtocol.cpp.o\x1b[0m\n'}
[10.368375] (motion_capture_tracking) StdoutLine: {'line': b'[ 30%] \x1b[32mBuilding CXX object deps/libmotioncapture/deps/vicon-datastream-sdk/CMakeFiles/ViconDataStreamSDK_CPP.dir/Vicon/CrossMarket/DataStream/ViconDataStreamSDK_CPP/DataStreamClient.cpp.o\x1b[0m\n'}
[10.417721] (-) TimerEvent: {}
[10.455071] (motion_capture_tracking) StdoutLine: {'line': b'[ 31%] \x1b[32m\x1b[1mLinking C static library libquat.a\x1b[0m\n'}
[10.490853] (motion_capture_tracking) StderrLine: {'line': b'In file included from \x1b[01m\x1b[K/home/bajdus/Desktop/complete-velocity-messages/ros_ws/src/motion_capture_tracking/motion_capture_tracking/deps/libmotioncapture/deps/qualisys_cpp_sdk/Markup.cpp:18\x1b[m\x1b[K:\n'}
[10.491133] (motion_capture_tracking) StderrLine: {'line': b'\x1b[01m\x1b[K/home/bajdus/Desktop/complete-velocity-messages/ros_ws/src/motion_capture_tracking/motion_capture_tracking/deps/libmotioncapture/deps/qualisys_cpp_sdk/Markup.h:\x1b[m\x1b[K In copy constructor \xe2\x80\x98\x1b[01m\x1b[KCMarkup::ElemPos::\x1b[01;32m\x1b[KElemPos\x1b[m\x1b[K(const CMarkup::ElemPos&)\x1b[m\x1b[K\xe2\x80\x99:\n'}
[10.491230] (motion_capture_tracking) StderrLine: {'line': b'\x1b[01m\x1b[K/home/bajdus/Desktop/complete-velocity-messages/ros_ws/src/motion_capture_tracking/motion_capture_tracking/deps/libmotioncapture/deps/qualisys_cpp_sdk/Markup.h:89:55:\x1b[m\x1b[K \x1b[01;35m\x1b[Kwarning: \x1b[m\x1b[Kimplicitly-declared \xe2\x80\x98\x1b[01m\x1b[Kconstexpr CMarkup::ElemPos& CMarkup::ElemPos::\x1b[01;32m\x1b[Koperator=\x1b[m\x1b[K(const CMarkup::ElemPos&)\x1b[m\x1b[K\xe2\x80\x99 is deprecated [\x1b[01;35m\x1b[K\x1b]8;;https://gcc.gnu.org/onlinedocs/gcc/Warning-Options.html#index-Wdeprecated-copy\x07-Wdeprecated-copy\x1b]8;;\x07\x1b[m\x1b[K]\n'}
[10.491317] (motion_capture_tracking) StderrLine: {'line': b'   89 |                 ElemPos(const ElemPos& pos) { *this = \x1b[01;35m\x1b[Kpos\x1b[m\x1b[K; };\n'}
[10.491387] (motion_capture_tracking) StderrLine: {'line': b'      |                                                       \x1b[01;35m\x1b[K^~~\x1b[m\x1b[K\n'}
[10.491447] (motion_capture_tracking) StderrLine: {'line': b'\x1b[01m\x1b[K/home/bajdus/Desktop/complete-velocity-messages/ros_ws/src/motion_capture_tracking/motion_capture_tracking/deps/libmotioncapture/deps/qualisys_cpp_sdk/Markup.h:89:17:\x1b[m\x1b[K \x1b[01;36m\x1b[Knote: \x1b[m\x1b[Kbecause \xe2\x80\x98\x1b[01m\x1b[KCMarkup::ElemPos\x1b[m\x1b[K\xe2\x80\x99 has user-provided \xe2\x80\x98\x1b[01m\x1b[KCMarkup::ElemPos::\x1b[01;32m\x1b[KElemPos\x1b[m\x1b[K(const CMarkup::ElemPos&)\x1b[m\x1b[K\xe2\x80\x99\n'}
[10.491503] (motion_capture_tracking) StderrLine: {'line': b'   89 |                 \x1b[01;36m\x1b[KElemPos\x1b[m\x1b[K(const ElemPos& pos) { *this = pos; };\n'}
[10.491544] (motion_capture_tracking) StderrLine: {'line': b'      |                 \x1b[01;36m\x1b[K^~~~~~~\x1b[m\x1b[K\n'}
[10.498998] (motion_capture_tracking) StdoutLine: {'line': b'[ 31%] Built target quat\n'}
[10.518991] (-) TimerEvent: {}
[10.524369] (motion_capture_tracking) StdoutLine: {'line': b'[ 33%] \x1b[32mBuilding CXX object deps/libmotioncapture/deps/vrpn/CMakeFiles/vrpn.dir/vrpn_Analog.C.o\x1b[0m\n'}
[10.526027] (motion_capture_tracking) StdoutLine: {'line': b'[ 34%] \x1b[32mBuilding CXX object deps/libmotioncapture/deps/vrpn/CMakeFiles/vrpn.dir/vrpn_Analog_Output.C.o\x1b[0m\n'}
[10.530201] (motion_capture_tracking) StdoutLine: {'line': b'[ 36%] \x1b[32mBuilding CXX object deps/libmotioncapture/deps/vrpn/CMakeFiles/vrpn.dir/vrpn_BaseClass.C.o\x1b[0m\n'}
[10.531160] (motion_capture_tracking) StdoutLine: {'line': b'[ 38%] \x1b[32mBuilding CXX object deps/libmotioncapture/deps/vrpn/CMakeFiles/vrpn.dir/vrpn_Assert.C.o\x1b[0m\n'}
[10.531447] (motion_capture_tracking) StdoutLine: {'line': b'[ 39%] \x1b[32mBuilding CXX object deps/libmotioncapture/deps/vrpn/CMakeFiles/vrpn.dir/vrpn_Auxiliary_Logger.C.o\x1b[0m\n'}
[10.531555] (motion_capture_tracking) StdoutLine: {'line': b'[ 41%] \x1b[32mBuilding CXX object deps/libmotioncapture/deps/vrpn/CMakeFiles/vrpn.dir/vrpn_Button.C.o\x1b[0m\n'}
[10.585554] (motion_capture_tracking) StdoutLine: {'line': b'[ 42%] \x1b[32mBuilding CXX object deps/libmotioncapture/deps/vrpn/CMakeFiles/vrpn.dir/vrpn_Connection.C.o\x1b[0m\n'}
[10.605809] (motion_capture_tracking) StdoutLine: {'line': b'[ 44%] \x1b[32mBuilding CXX object deps/libmotioncapture/deps/vrpn/CMakeFiles/vrpn.dir/vrpn_Dial.C.o\x1b[0m\n'}
[10.622414] (-) TimerEvent: {}
[10.706646] (motion_capture_tracking) StdoutLine: {'line': b'[ 46%] \x1b[32mBuilding CXX object deps/libmotioncapture/deps/vrpn/CMakeFiles/vrpn.dir/vrpn_EndpointContainer.C.o\x1b[0m\n'}
[10.722550] (-) TimerEvent: {}
[10.729454] (motion_capture_tracking) StdoutLine: {'line': b'[ 47%] \x1b[32mBuilding CXX object deps/libmotioncapture/deps/vrpn/CMakeFiles/vrpn.dir/vrpn_FileConnection.C.o\x1b[0m\n'}
[10.746640] (motion_capture_tracking) StdoutLine: {'line': b'[ 49%] \x1b[32mBuilding CXX object deps/libmotioncapture/deps/vrpn/CMakeFiles/vrpn.dir/vrpn_ForceDevice.C.o\x1b[0m\n'}
[10.746998] (motion_capture_tracking) StdoutLine: {'line': b'[ 50%] \x1b[32mBuilding CXX object deps/libmotioncapture/deps/vrpn/CMakeFiles/vrpn.dir/vrpn_FileController.C.o\x1b[0m\n'}
[10.768449] (motion_capture_tracking) StdoutLine: {'line': b'[ 52%] \x1b[32mBuilding CXX object deps/libmotioncapture/deps/vrpn/CMakeFiles/vrpn.dir/vrpn_Forwarder.C.o\x1b[0m\n'}
[10.774718] (motion_capture_tracking) StdoutLine: {'line': b'[ 53%] \x1b[32mBuilding CXX object deps/libmotioncapture/deps/vrpn/CMakeFiles/vrpn.dir/vrpn_FunctionGenerator.C.o\x1b[0m\n'}
[10.775192] (motion_capture_tracking) StdoutLine: {'line': b'[ 55%] \x1b[32mBuilding CXX object deps/libmotioncapture/deps/vrpn/CMakeFiles/vrpn.dir/vrpn_ForwarderController.C.o\x1b[0m\n'}
[10.784346] (motion_capture_tracking) StdoutLine: {'line': b'[ 57%] \x1b[32mBuilding CXX object deps/libmotioncapture/deps/vrpn/CMakeFiles/vrpn.dir/vrpn_Imager.C.o\x1b[0m\n'}
[10.796138] (motion_capture_tracking) StdoutLine: {'line': b'[ 58%] \x1b[32mBuilding CXX object deps/libmotioncapture/deps/vrpn/CMakeFiles/vrpn.dir/vrpn_LamportClock.C.o\x1b[0m\n'}
[10.822679] (-) TimerEvent: {}
[10.843636] (motion_capture_tracking) StdoutLine: {'line': b'[ 60%] \x1b[32mBuilding CXX object deps/libmotioncapture/deps/vrpn/CMakeFiles/vrpn.dir/vrpn_Mutex.C.o\x1b[0m\n'}
[10.849264] (motion_capture_tracking) StderrLine: {'line': b'\x1b[01m\x1b[K/home/bajdus/Desktop/complete-velocity-messages/ros_ws/src/motion_capture_tracking/motion_capture_tracking/deps/libmotioncapture/deps/vrpn/vrpn_EndpointContainer.C:\x1b[m\x1b[K In member function \xe2\x80\x98\x1b[01m\x1b[Kvoid vrpn::EndpointContainer::\x1b[01;32m\x1b[Kcompact_\x1b[m\x1b[K()\x1b[m\x1b[K\xe2\x80\x99:\n'}
[10.849680] (motion_capture_tracking) StderrLine: {'line': b'\x1b[01m\x1b[K/home/bajdus/Desktop/complete-velocity-messages/ros_ws/src/motion_capture_tracking/motion_capture_tracking/deps/libmotioncapture/deps/vrpn/vrpn_EndpointContainer.C:91:19:\x1b[m\x1b[K \x1b[01;35m\x1b[Kwarning: \x1b[m\x1b[Kunused variable \xe2\x80\x98\x1b[01m\x1b[Kbefore\x1b[m\x1b[K\xe2\x80\x99 [\x1b[01;35m\x1b[K\x1b]8;;https://gcc.gnu.org/onlinedocs/gcc/Warning-Options.html#index-Wunused-variable\x07-Wunused-variable\x1b]8;;\x07\x1b[m\x1b[K]\n'}
[10.849791] (motion_capture_tracking) StderrLine: {'line': b'   91 |         size_type \x1b[01;35m\x1b[Kbefore\x1b[m\x1b[K = get_full_container_size();\n'}
[10.849874] (motion_capture_tracking) StderrLine: {'line': b'      |                   \x1b[01;35m\x1b[K^~~~~~\x1b[m\x1b[K\n'}
[10.854813] (motion_capture_tracking) StderrLine: {'line': b'In file included from \x1b[01m\x1b[K/home/bajdus/Desktop/complete-velocity-messages/ros_ws/src/motion_capture_tracking/motion_capture_tracking/deps/libmotioncapture/deps/qualisys_cpp_sdk/RTProtocol.cpp:17\x1b[m\x1b[K:\n'}
[10.855124] (motion_capture_tracking) StderrLine: {'line': b'\x1b[01m\x1b[K/home/bajdus/Desktop/complete-velocity-messages/ros_ws/src/motion_capture_tracking/motion_capture_tracking/deps/libmotioncapture/deps/qualisys_cpp_sdk/Markup.h:\x1b[m\x1b[K In copy constructor \xe2\x80\x98\x1b[01m\x1b[KCMarkup::ElemPos::\x1b[01;32m\x1b[KElemPos\x1b[m\x1b[K(const CMarkup::ElemPos&)\x1b[m\x1b[K\xe2\x80\x99:\n'}
[10.855207] (motion_capture_tracking) StderrLine: {'line': b'\x1b[01m\x1b[K/home/bajdus/Desktop/complete-velocity-messages/ros_ws/src/motion_capture_tracking/motion_capture_tracking/deps/libmotioncapture/deps/qualisys_cpp_sdk/Markup.h:89:55:\x1b[m\x1b[K \x1b[01;35m\x1b[Kwarning: \x1b[m\x1b[Kimplicitly-declared \xe2\x80\x98\x1b[01m\x1b[Kconstexpr CMarkup::ElemPos& CMarkup::ElemPos::\x1b[01;32m\x1b[Koperator=\x1b[m\x1b[K(const CMarkup::ElemPos&)\x1b[m\x1b[K\xe2\x80\x99 is deprecated [\x1b[01;35m\x1b[K\x1b]8;;https://gcc.gnu.org/onlinedocs/gcc/Warning-Options.html#index-Wdeprecated-copy\x07-Wdeprecated-copy\x1b]8;;\x07\x1b[m\x1b[K]\n'}
[10.855288] (motion_capture_tracking) StderrLine: {'line': b'   89 |                 ElemPos(const ElemPos& pos) { *this = \x1b[01;35m\x1b[Kpos\x1b[m\x1b[K; };\n'}
[10.855408] (motion_capture_tracking) StderrLine: {'line': b'      |                                                       \x1b[01;35m\x1b[K^~~\x1b[m\x1b[K\n'}
[10.855475] (motion_capture_tracking) StderrLine: {'line': b'\x1b[01m\x1b[K/home/bajdus/Desktop/complete-velocity-messages/ros_ws/src/motion_capture_tracking/motion_capture_tracking/deps/libmotioncapture/deps/qualisys_cpp_sdk/Markup.h:89:17:\x1b[m\x1b[K \x1b[01;36m\x1b[Knote: \x1b[m\x1b[Kbecause \xe2\x80\x98\x1b[01m\x1b[KCMarkup::ElemPos\x1b[m\x1b[K\xe2\x80\x99 has user-provided \xe2\x80\x98\x1b[01m\x1b[KCMarkup::ElemPos::\x1b[01;32m\x1b[KElemPos\x1b[m\x1b[K(const CMarkup::ElemPos&)\x1b[m\x1b[K\xe2\x80\x99\n'}
[10.855542] (motion_capture_tracking) StderrLine: {'line': b'   89 |                 \x1b[01;36m\x1b[KElemPos\x1b[m\x1b[K(const ElemPos& pos) { *this = pos; };\n'}
[10.855601] (motion_capture_tracking) StderrLine: {'line': b'      |                 \x1b[01;36m\x1b[K^~~~~~~\x1b[m\x1b[K\n'}
[10.871767] (motion_capture_tracking) StderrLine: {'line': b'\x1b[01m\x1b[K/home/bajdus/Desktop/complete-velocity-messages/ros_ws/src/motion_capture_tracking/motion_capture_tracking/deps/libmotioncapture/deps/qualisys_cpp_sdk/RTProtocol.cpp:\x1b[m\x1b[K In member function \xe2\x80\x98\x1b[01m\x1b[Kbool CRTProtocol::\x1b[01;32m\x1b[KSetVersion\x1b[m\x1b[K(int, int)\x1b[m\x1b[K\xe2\x80\x99:\n'}
[10.872557] (motion_capture_tracking) StderrLine: {'line': b'\x1b[01m\x1b[K/home/bajdus/Desktop/complete-velocity-messages/ros_ws/src/motion_capture_tracking/motion_capture_tracking/deps/libmotioncapture/deps/qualisys_cpp_sdk/RTProtocol.cpp:263:13:\x1b[m\x1b[K \x1b[01;35m\x1b[Kwarning: \x1b[m\x1b[Kthe address of \xe2\x80\x98\x1b[01m\x1b[KpResponseStr\x1b[m\x1b[K\xe2\x80\x99 will never be NULL [\x1b[01;35m\x1b[K\x1b]8;;https://gcc.gnu.org/onlinedocs/gcc/Warning-Options.html#index-Waddress\x07-Waddress\x1b]8;;\x07\x1b[m\x1b[K]\n'}
[10.872854] (motion_capture_tracking) StderrLine: {'line': b'  263 |         if (\x1b[01;35m\x1b[KpResponseStr\x1b[m\x1b[K)\n'}
[10.873008] (motion_capture_tracking) StderrLine: {'line': b'      |             \x1b[01;35m\x1b[K^~~~~~~~~~~~\x1b[m\x1b[K\n'}
[10.873368] (motion_capture_tracking) StderrLine: {'line': b'\x1b[01m\x1b[K/home/bajdus/Desktop/complete-velocity-messages/ros_ws/src/motion_capture_tracking/motion_capture_tracking/deps/libmotioncapture/deps/qualisys_cpp_sdk/RTProtocol.cpp:247:10:\x1b[m\x1b[K \x1b[01;36m\x1b[Knote: \x1b[m\x1b[K\xe2\x80\x98\x1b[01m\x1b[KpResponseStr\x1b[m\x1b[K\xe2\x80\x99 declared here\n'}
[10.873543] (motion_capture_tracking) StderrLine: {'line': b'  247 |     char \x1b[01;36m\x1b[KpResponseStr\x1b[m\x1b[K[256];\n'}
[10.873674] (motion_capture_tracking) StderrLine: {'line': b'      |          \x1b[01;36m\x1b[K^~~~~~~~~~~~\x1b[m\x1b[K\n'}
[10.875699] (motion_capture_tracking) StdoutLine: {'line': b'[ 61%] \x1b[32mBuilding CXX object deps/libmotioncapture/deps/vrpn/CMakeFiles/vrpn.dir/vrpn_Poser.C.o\x1b[0m\n'}
[10.884363] (motion_capture_tracking) StderrLine: {'line': b'\x1b[01m\x1b[K/home/bajdus/Desktop/complete-velocity-messages/ros_ws/src/motion_capture_tracking/motion_capture_tracking/deps/libmotioncapture/deps/qualisys_cpp_sdk/RTProtocol.cpp:\x1b[m\x1b[K In member function \xe2\x80\x98\x1b[01m\x1b[Kbool CRTProtocol::\x1b[01;32m\x1b[KSendTrig\x1b[m\x1b[K()\x1b[m\x1b[K\xe2\x80\x99:\n'}
[10.884741] (motion_capture_tracking) StderrLine: {'line': b'\x1b[01m\x1b[K/home/bajdus/Desktop/complete-velocity-messages/ros_ws/src/motion_capture_tracking/motion_capture_tracking/deps/libmotioncapture/deps/qualisys_cpp_sdk/RTProtocol.cpp:685:9:\x1b[m\x1b[K \x1b[01;35m\x1b[Kwarning: \x1b[m\x1b[Kthe address of \xe2\x80\x98\x1b[01m\x1b[KpResponseStr\x1b[m\x1b[K\xe2\x80\x99 will never be NULL [\x1b[01;35m\x1b[K\x1b]8;;https://gcc.gnu.org/onlinedocs/gcc/Warning-Options.html#index-Waddress\x07-Waddress\x1b]8;;\x07\x1b[m\x1b[K]\n'}
[10.884874] (motion_capture_tracking) StderrLine: {'line': b'  685 |     if (\x1b[01;35m\x1b[KpResponseStr\x1b[m\x1b[K)\n'}
[10.884957] (motion_capture_tracking) StderrLine: {'line': b'      |         \x1b[01;35m\x1b[K^~~~~~~~~~~~\x1b[m\x1b[K\n'}
[10.885033] (motion_capture_tracking) StderrLine: {'line': b'\x1b[01m\x1b[K/home/bajdus/Desktop/complete-velocity-messages/ros_ws/src/motion_capture_tracking/motion_capture_tracking/deps/libmotioncapture/deps/qualisys_cpp_sdk/RTProtocol.cpp:676:10:\x1b[m\x1b[K \x1b[01;36m\x1b[Knote: \x1b[m\x1b[K\xe2\x80\x98\x1b[01m\x1b[KpResponseStr\x1b[m\x1b[K\xe2\x80\x99 declared here\n'}
[10.885111] (motion_capture_tracking) StderrLine: {'line': b'  676 |     char \x1b[01;36m\x1b[KpResponseStr\x1b[m\x1b[K[256];\n'}
[10.885206] (motion_capture_tracking) StderrLine: {'line': b'      |          \x1b[01;36m\x1b[K^~~~~~~~~~~~\x1b[m\x1b[K\n'}
[10.885286] (motion_capture_tracking) StderrLine: {'line': b'\x1b[01m\x1b[K/home/bajdus/Desktop/complete-velocity-messages/ros_ws/src/motion_capture_tracking/motion_capture_tracking/deps/libmotioncapture/deps/qualisys_cpp_sdk/RTProtocol.cpp:\x1b[m\x1b[K In member function \xe2\x80\x98\x1b[01m\x1b[Kbool CRTProtocol::\x1b[01;32m\x1b[KSetQTMEvent\x1b[m\x1b[K(const char*)\x1b[m\x1b[K\xe2\x80\x99:\n'}
[10.885393] (motion_capture_tracking) StderrLine: {'line': b'\x1b[01m\x1b[K/home/bajdus/Desktop/complete-velocity-messages/ros_ws/src/motion_capture_tracking/motion_capture_tracking/deps/libmotioncapture/deps/qualisys_cpp_sdk/RTProtocol.cpp:713:13:\x1b[m\x1b[K \x1b[01;35m\x1b[Kwarning: \x1b[m\x1b[Kthe address of \xe2\x80\x98\x1b[01m\x1b[KpResponseStr\x1b[m\x1b[K\xe2\x80\x99 will never be NULL [\x1b[01;35m\x1b[K\x1b]8;;https://gcc.gnu.org/onlinedocs/gcc/Warning-Options.html#index-Waddress\x07-Waddress\x1b]8;;\x07\x1b[m\x1b[K]\n'}
[10.885507] (motion_capture_tracking) StderrLine: {'line': b'  713 |         if (\x1b[01;35m\x1b[KpResponseStr\x1b[m\x1b[K)\n'}
[10.885595] (motion_capture_tracking) StderrLine: {'line': b'      |             \x1b[01;35m\x1b[K^~~~~~~~~~~~\x1b[m\x1b[K\n'}
[10.885682] (motion_capture_tracking) StderrLine: {'line': b'\x1b[01m\x1b[K/home/bajdus/Desktop/complete-velocity-messages/ros_ws/src/motion_capture_tracking/motion_capture_tracking/deps/libmotioncapture/deps/qualisys_cpp_sdk/RTProtocol.cpp:700:10:\x1b[m\x1b[K \x1b[01;36m\x1b[Knote: \x1b[m\x1b[K\xe2\x80\x98\x1b[01m\x1b[KpResponseStr\x1b[m\x1b[K\xe2\x80\x99 declared here\n'}
[10.885773] (motion_capture_tracking) StderrLine: {'line': b'  700 |     char \x1b[01;36m\x1b[KpResponseStr\x1b[m\x1b[K[256];\n'}
[10.885855] (motion_capture_tracking) StderrLine: {'line': b'      |          \x1b[01;36m\x1b[K^~~~~~~~~~~~\x1b[m\x1b[K\n'}
[10.885938] (motion_capture_tracking) StderrLine: {'line': b'\x1b[01m\x1b[K/home/bajdus/Desktop/complete-velocity-messages/ros_ws/src/motion_capture_tracking/motion_capture_tracking/deps/libmotioncapture/deps/qualisys_cpp_sdk/RTProtocol.cpp:\x1b[m\x1b[K In member function \xe2\x80\x98\x1b[01m\x1b[Kbool CRTProtocol::\x1b[01;32m\x1b[KTakeControl\x1b[m\x1b[K(const char*)\x1b[m\x1b[K\xe2\x80\x99:\n'}
[10.886021] (motion_capture_tracking) StderrLine: {'line': b'\x1b[01m\x1b[K/home/bajdus/Desktop/complete-velocity-messages/ros_ws/src/motion_capture_tracking/motion_capture_tracking/deps/libmotioncapture/deps/qualisys_cpp_sdk/RTProtocol.cpp:754:9:\x1b[m\x1b[K \x1b[01;35m\x1b[Kwarning: \x1b[m\x1b[Kthe address of \xe2\x80\x98\x1b[01m\x1b[KpResponseStr\x1b[m\x1b[K\xe2\x80\x99 will never be NULL [\x1b[01;35m\x1b[K\x1b]8;;https://gcc.gnu.org/onlinedocs/gcc/Warning-Options.html#index-Waddress\x07-Waddress\x1b]8;;\x07\x1b[m\x1b[K]\n'}
[10.886109] (motion_capture_tracking) StderrLine: {'line': b'  754 |     if (\x1b[01;35m\x1b[KpResponseStr\x1b[m\x1b[K)\n'}
[10.886194] (motion_capture_tracking) StderrLine: {'line': b'      |         \x1b[01;35m\x1b[K^~~~~~~~~~~~\x1b[m\x1b[K\n'}
[10.886272] (motion_capture_tracking) StderrLine: {'line': b'\x1b[01m\x1b[K/home/bajdus/Desktop/complete-velocity-messages/ros_ws/src/motion_capture_tracking/motion_capture_tracking/deps/libmotioncapture/deps/qualisys_cpp_sdk/RTProtocol.cpp:732:10:\x1b[m\x1b[K \x1b[01;36m\x1b[Knote: \x1b[m\x1b[K\xe2\x80\x98\x1b[01m\x1b[KpResponseStr\x1b[m\x1b[K\xe2\x80\x99 declared here\n'}
[10.886451] (motion_capture_tracking) StderrLine: {'line': b'  732 |     char \x1b[01;36m\x1b[KpResponseStr\x1b[m\x1b[K[256];\n'}
[10.886537] (motion_capture_tracking) StderrLine: {'line': b'      |          \x1b[01;36m\x1b[K^~~~~~~~~~~~\x1b[m\x1b[K\n'}
[10.886611] (motion_capture_tracking) StderrLine: {'line': b'\x1b[01m\x1b[K/home/bajdus/Desktop/complete-velocity-messages/ros_ws/src/motion_capture_tracking/motion_capture_tracking/deps/libmotioncapture/deps/qualisys_cpp_sdk/RTProtocol.cpp:\x1b[m\x1b[K In member function \xe2\x80\x98\x1b[01m\x1b[Kbool CRTProtocol::\x1b[01;32m\x1b[KReleaseControl\x1b[m\x1b[K()\x1b[m\x1b[K\xe2\x80\x99:\n'}
[10.886689] (motion_capture_tracking) StderrLine: {'line': b'\x1b[01m\x1b[K/home/bajdus/Desktop/complete-velocity-messages/ros_ws/src/motion_capture_tracking/motion_capture_tracking/deps/libmotioncapture/deps/qualisys_cpp_sdk/RTProtocol.cpp:780:9:\x1b[m\x1b[K \x1b[01;35m\x1b[Kwarning: \x1b[m\x1b[Kthe address of \xe2\x80\x98\x1b[01m\x1b[KpResponseStr\x1b[m\x1b[K\xe2\x80\x99 will never be NULL [\x1b[01;35m\x1b[K\x1b]8;;https://gcc.gnu.org/onlinedocs/gcc/Warning-Options.html#index-Waddress\x07-Waddress\x1b]8;;\x07\x1b[m\x1b[K]\n'}
[10.886767] (motion_capture_tracking) StderrLine: {'line': b'  780 |     if (\x1b[01;35m\x1b[KpResponseStr\x1b[m\x1b[K)\n'}
[10.886834] (motion_capture_tracking) StderrLine: {'line': b'      |         \x1b[01;35m\x1b[K^~~~~~~~~~~~\x1b[m\x1b[K\n'}
[10.886901] (motion_capture_tracking) StderrLine: {'line': b'\x1b[01m\x1b[K/home/bajdus/Desktop/complete-velocity-messages/ros_ws/src/motion_capture_tracking/motion_capture_tracking/deps/libmotioncapture/deps/qualisys_cpp_sdk/RTProtocol.cpp:769:10:\x1b[m\x1b[K \x1b[01;36m\x1b[Knote: \x1b[m\x1b[K\xe2\x80\x98\x1b[01m\x1b[KpResponseStr\x1b[m\x1b[K\xe2\x80\x99 declared here\n'}
[10.886981] (motion_capture_tracking) StderrLine: {'line': b'  769 |     char \x1b[01;36m\x1b[KpResponseStr\x1b[m\x1b[K[256];\n'}
[10.887048] (motion_capture_tracking) StderrLine: {'line': b'      |          \x1b[01;36m\x1b[K^~~~~~~~~~~~\x1b[m\x1b[K\n'}
[10.887117] (motion_capture_tracking) StderrLine: {'line': b'\x1b[01m\x1b[K/home/bajdus/Desktop/complete-velocity-messages/ros_ws/src/motion_capture_tracking/motion_capture_tracking/deps/libmotioncapture/deps/qualisys_cpp_sdk/RTProtocol.cpp:\x1b[m\x1b[K In member function \xe2\x80\x98\x1b[01m\x1b[Kbool CRTProtocol::\x1b[01;32m\x1b[KNewMeasurement\x1b[m\x1b[K()\x1b[m\x1b[K\xe2\x80\x99:\n'}
[10.887192] (motion_capture_tracking) StderrLine: {'line': b'\x1b[01m\x1b[K/home/bajdus/Desktop/complete-velocity-messages/ros_ws/src/motion_capture_tracking/motion_capture_tracking/deps/libmotioncapture/deps/qualisys_cpp_sdk/RTProtocol.cpp:810:9:\x1b[m\x1b[K \x1b[01;35m\x1b[Kwarning: \x1b[m\x1b[Kthe address of \xe2\x80\x98\x1b[01m\x1b[KpResponseStr\x1b[m\x1b[K\xe2\x80\x99 will never be NULL [\x1b[01;35m\x1b[K\x1b]8;;https://gcc.gnu.org/onlinedocs/gcc/Warning-Options.html#index-Waddress\x07-Waddress\x1b]8;;\x07\x1b[m\x1b[K]\n'}
[10.887261] (motion_capture_tracking) StderrLine: {'line': b'  810 |     if (\x1b[01;35m\x1b[KpResponseStr\x1b[m\x1b[K)\n'}
[10.887351] (motion_capture_tracking) StderrLine: {'line': b'      |         \x1b[01;35m\x1b[K^~~~~~~~~~~~\x1b[m\x1b[K\n'}
[10.887421] (motion_capture_tracking) StderrLine: {'line': b'\x1b[01m\x1b[K/home/bajdus/Desktop/complete-velocity-messages/ros_ws/src/motion_capture_tracking/motion_capture_tracking/deps/libmotioncapture/deps/qualisys_cpp_sdk/RTProtocol.cpp:800:10:\x1b[m\x1b[K \x1b[01;36m\x1b[Knote: \x1b[m\x1b[K\xe2\x80\x98\x1b[01m\x1b[KpResponseStr\x1b[m\x1b[K\xe2\x80\x99 declared here\n'}
[10.887487] (motion_capture_tracking) StderrLine: {'line': b'  800 |     char \x1b[01;36m\x1b[KpResponseStr\x1b[m\x1b[K[256];\n'}
[10.887551] (motion_capture_tracking) StderrLine: {'line': b'      |          \x1b[01;36m\x1b[K^~~~~~~~~~~~\x1b[m\x1b[K\n'}
[10.887612] (motion_capture_tracking) StderrLine: {'line': b'\x1b[01m\x1b[K/home/bajdus/Desktop/complete-velocity-messages/ros_ws/src/motion_capture_tracking/motion_capture_tracking/deps/libmotioncapture/deps/qualisys_cpp_sdk/RTProtocol.cpp:\x1b[m\x1b[K In member function \xe2\x80\x98\x1b[01m\x1b[Kbool CRTProtocol::\x1b[01;32m\x1b[KCloseMeasurement\x1b[m\x1b[K()\x1b[m\x1b[K\xe2\x80\x99:\n'}
[10.887675] (motion_capture_tracking) StderrLine: {'line': b'\x1b[01m\x1b[K/home/bajdus/Desktop/complete-velocity-messages/ros_ws/src/motion_capture_tracking/motion_capture_tracking/deps/libmotioncapture/deps/qualisys_cpp_sdk/RTProtocol.cpp:835:9:\x1b[m\x1b[K \x1b[01;35m\x1b[Kwarning: \x1b[m\x1b[Kthe address of \xe2\x80\x98\x1b[01m\x1b[KpResponseStr\x1b[m\x1b[K\xe2\x80\x99 will never be NULL [\x1b[01;35m\x1b[K\x1b]8;;https://gcc.gnu.org/onlinedocs/gcc/Warning-Options.html#index-Waddress\x07-Waddress\x1b]8;;\x07\x1b[m\x1b[K]\n'}
[10.887747] (motion_capture_tracking) StderrLine: {'line': b'  835 |     if (\x1b[01;35m\x1b[KpResponseStr\x1b[m\x1b[K)\n'}
[10.887813] (motion_capture_tracking) StderrLine: {'line': b'      |         \x1b[01;35m\x1b[K^~~~~~~~~~~~\x1b[m\x1b[K\n'}
[10.887878] (motion_capture_tracking) StderrLine: {'line': b'\x1b[01m\x1b[K/home/bajdus/Desktop/complete-velocity-messages/ros_ws/src/motion_capture_tracking/motion_capture_tracking/deps/libmotioncapture/deps/qualisys_cpp_sdk/RTProtocol.cpp:823:10:\x1b[m\x1b[K \x1b[01;36m\x1b[Knote: \x1b[m\x1b[K\xe2\x80\x98\x1b[01m\x1b[KpResponseStr\x1b[m\x1b[K\xe2\x80\x99 declared here\n'}
[10.887946] (motion_capture_tracking) StderrLine: {'line': b'  823 |     char \x1b[01;36m\x1b[KpResponseStr\x1b[m\x1b[K[256];\n'}
[10.888012] (motion_capture_tracking) StderrLine: {'line': b'      |          \x1b[01;36m\x1b[K^~~~~~~~~~~~\x1b[m\x1b[K\n'}
[10.888086] (motion_capture_tracking) StderrLine: {'line': b'\x1b[01m\x1b[K/home/bajdus/Desktop/complete-velocity-messages/ros_ws/src/motion_capture_tracking/motion_capture_tracking/deps/libmotioncapture/deps/qualisys_cpp_sdk/RTProtocol.cpp:\x1b[m\x1b[K In member function \xe2\x80\x98\x1b[01m\x1b[Kbool CRTProtocol::\x1b[01;32m\x1b[KStartCapture\x1b[m\x1b[K()\x1b[m\x1b[K\xe2\x80\x99:\n'}
[10.888160] (motion_capture_tracking) StderrLine: {'line': b'\x1b[01m\x1b[K/home/bajdus/Desktop/complete-velocity-messages/ros_ws/src/motion_capture_tracking/motion_capture_tracking/deps/libmotioncapture/deps/qualisys_cpp_sdk/RTProtocol.cpp:858:9:\x1b[m\x1b[K \x1b[01;35m\x1b[Kwarning: \x1b[m\x1b[Kthe address of \xe2\x80\x98\x1b[01m\x1b[KpResponseStr\x1b[m\x1b[K\xe2\x80\x99 will never be NULL [\x1b[01;35m\x1b[K\x1b]8;;https://gcc.gnu.org/onlinedocs/gcc/Warning-Options.html#index-Waddress\x07-Waddress\x1b]8;;\x07\x1b[m\x1b[K]\n'}
[10.888230] (motion_capture_tracking) StderrLine: {'line': b'  858 |     if (\x1b[01;35m\x1b[KpResponseStr\x1b[m\x1b[K)\n'}
[10.888298] (motion_capture_tracking) StderrLine: {'line': b'      |         \x1b[01;35m\x1b[K^~~~~~~~~~~~\x1b[m\x1b[K\n'}
[10.888396] (motion_capture_tracking) StderrLine: {'line': b'\x1b[01m\x1b[K/home/bajdus/Desktop/complete-velocity-messages/ros_ws/src/motion_capture_tracking/motion_capture_tracking/deps/libmotioncapture/deps/qualisys_cpp_sdk/RTProtocol.cpp:849:10:\x1b[m\x1b[K \x1b[01;36m\x1b[Knote: \x1b[m\x1b[K\xe2\x80\x98\x1b[01m\x1b[KpResponseStr\x1b[m\x1b[K\xe2\x80\x99 declared here\n'}
[10.888468] (motion_capture_tracking) StderrLine: {'line': b'  849 |     char \x1b[01;36m\x1b[KpResponseStr\x1b[m\x1b[K[256];\n'}
[10.888536] (motion_capture_tracking) StderrLine: {'line': b'      |          \x1b[01;36m\x1b[K^~~~~~~~~~~~\x1b[m\x1b[K\n'}
[10.888600] (motion_capture_tracking) StderrLine: {'line': b'\x1b[01m\x1b[K/home/bajdus/Desktop/complete-velocity-messages/ros_ws/src/motion_capture_tracking/motion_capture_tracking/deps/libmotioncapture/deps/qualisys_cpp_sdk/RTProtocol.cpp:\x1b[m\x1b[K In member function \xe2\x80\x98\x1b[01m\x1b[Kbool CRTProtocol::\x1b[01;32m\x1b[KStartRTOnFile\x1b[m\x1b[K()\x1b[m\x1b[K\xe2\x80\x99:\n'}
[10.888667] (motion_capture_tracking) StderrLine: {'line': b'\x1b[01m\x1b[K/home/bajdus/Desktop/complete-velocity-messages/ros_ws/src/motion_capture_tracking/motion_capture_tracking/deps/libmotioncapture/deps/qualisys_cpp_sdk/RTProtocol.cpp:881:9:\x1b[m\x1b[K \x1b[01;35m\x1b[Kwarning: \x1b[m\x1b[Kthe address of \xe2\x80\x98\x1b[01m\x1b[KpResponseStr\x1b[m\x1b[K\xe2\x80\x99 will never be NULL [\x1b[01;35m\x1b[K\x1b]8;;https://gcc.gnu.org/onlinedocs/gcc/Warning-Options.html#index-Waddress\x07-Waddress\x1b]8;;\x07\x1b[m\x1b[K]\n'}
[10.888738] (motion_capture_tracking) StderrLine: {'line': b'  881 |     if (\x1b[01;35m\x1b[KpResponseStr\x1b[m\x1b[K)\n'}
[10.888802] (motion_capture_tracking) StderrLine: {'line': b'      |         \x1b[01;35m\x1b[K^~~~~~~~~~~~\x1b[m\x1b[K\n'}
[10.888865] (motion_capture_tracking) StderrLine: {'line': b'\x1b[01m\x1b[K/home/bajdus/Desktop/complete-velocity-messages/ros_ws/src/motion_capture_tracking/motion_capture_tracking/deps/libmotioncapture/deps/qualisys_cpp_sdk/RTProtocol.cpp:872:10:\x1b[m\x1b[K \x1b[01;36m\x1b[Knote: \x1b[m\x1b[K\xe2\x80\x98\x1b[01m\x1b[KpResponseStr\x1b[m\x1b[K\xe2\x80\x99 declared here\n'}
[10.888936] (motion_capture_tracking) StderrLine: {'line': b'  872 |     char \x1b[01;36m\x1b[KpResponseStr\x1b[m\x1b[K[256];\n'}
[10.888999] (motion_capture_tracking) StderrLine: {'line': b'      |          \x1b[01;36m\x1b[K^~~~~~~~~~~~\x1b[m\x1b[K\n'}
[10.889063] (motion_capture_tracking) StderrLine: {'line': b'\x1b[01m\x1b[K/home/bajdus/Desktop/complete-velocity-messages/ros_ws/src/motion_capture_tracking/motion_capture_tracking/deps/libmotioncapture/deps/qualisys_cpp_sdk/RTProtocol.cpp:\x1b[m\x1b[K In member function \xe2\x80\x98\x1b[01m\x1b[Kbool CRTProtocol::\x1b[01;32m\x1b[KStopCapture\x1b[m\x1b[K()\x1b[m\x1b[K\xe2\x80\x99:\n'}
[10.889135] (motion_capture_tracking) StderrLine: {'line': b'\x1b[01m\x1b[K/home/bajdus/Desktop/complete-velocity-messages/ros_ws/src/motion_capture_tracking/motion_capture_tracking/deps/libmotioncapture/deps/qualisys_cpp_sdk/RTProtocol.cpp:908:9:\x1b[m\x1b[K \x1b[01;35m\x1b[Kwarning: \x1b[m\x1b[Kthe address of \xe2\x80\x98\x1b[01m\x1b[KpResponseStr\x1b[m\x1b[K\xe2\x80\x99 will never be NULL [\x1b[01;35m\x1b[K\x1b]8;;https://gcc.gnu.org/onlinedocs/gcc/Warning-Options.html#index-Waddress\x07-Waddress\x1b]8;;\x07\x1b[m\x1b[K]\n'}
[10.889212] (motion_capture_tracking) StderrLine: {'line': b'  908 |     if (\x1b[01;35m\x1b[KpResponseStr\x1b[m\x1b[K)\n'}
[10.889282] (motion_capture_tracking) StderrLine: {'line': b'      |         \x1b[01;35m\x1b[K^~~~~~~~~~~~\x1b[m\x1b[K\n'}
[10.889366] (motion_capture_tracking) StderrLine: {'line': b'\x1b[01m\x1b[K/home/bajdus/Desktop/complete-velocity-messages/ros_ws/src/motion_capture_tracking/motion_capture_tracking/deps/libmotioncapture/deps/qualisys_cpp_sdk/RTProtocol.cpp:899:10:\x1b[m\x1b[K \x1b[01;36m\x1b[Knote: \x1b[m\x1b[K\xe2\x80\x98\x1b[01m\x1b[KpResponseStr\x1b[m\x1b[K\xe2\x80\x99 declared here\n'}
[10.889433] (motion_capture_tracking) StderrLine: {'line': b'  899 |     char \x1b[01;36m\x1b[KpResponseStr\x1b[m\x1b[K[256];\n'}
[10.889498] (motion_capture_tracking) StderrLine: {'line': b'      |          \x1b[01;36m\x1b[K^~~~~~~~~~~~\x1b[m\x1b[K\n'}
[10.889560] (motion_capture_tracking) StderrLine: {'line': b'\x1b[01m\x1b[K/home/bajdus/Desktop/complete-velocity-messages/ros_ws/src/motion_capture_tracking/motion_capture_tracking/deps/libmotioncapture/deps/qualisys_cpp_sdk/RTProtocol.cpp:\x1b[m\x1b[K In member function \xe2\x80\x98\x1b[01m\x1b[Kbool CRTProtocol::\x1b[01;32m\x1b[KCalibrate\x1b[m\x1b[K(bool, SCalibration&, int)\x1b[m\x1b[K\xe2\x80\x99:\n'}
[10.889636] (motion_capture_tracking) StderrLine: {'line': b'\x1b[01m\x1b[K/home/bajdus/Desktop/complete-velocity-messages/ros_ws/src/motion_capture_tracking/motion_capture_tracking/deps/libmotioncapture/deps/qualisys_cpp_sdk/RTProtocol.cpp:939:9:\x1b[m\x1b[K \x1b[01;35m\x1b[Kwarning: \x1b[m\x1b[Kthe address of \xe2\x80\x98\x1b[01m\x1b[KpResponseStr\x1b[m\x1b[K\xe2\x80\x99 will never be NULL [\x1b[01;35m\x1b[K\x1b]8;;https://gcc.gnu.org/onlinedocs/gcc/Warning-Options.html#index-Waddress\x07-Waddress\x1b]8;;\x07\x1b[m\x1b[K]\n'}
[10.889701] (motion_capture_tracking) StderrLine: {'line': b'  939 |     if (\x1b[01;35m\x1b[KpResponseStr\x1b[m\x1b[K)\n'}
[10.889764] (motion_capture_tracking) StderrLine: {'line': b'      |         \x1b[01;35m\x1b[K^~~~~~~~~~~~\x1b[m\x1b[K\n'}
[10.889826] (motion_capture_tracking) StderrLine: {'line': b'\x1b[01m\x1b[K/home/bajdus/Desktop/complete-velocity-messages/ros_ws/src/motion_capture_tracking/motion_capture_tracking/deps/libmotioncapture/deps/qualisys_cpp_sdk/RTProtocol.cpp:922:10:\x1b[m\x1b[K \x1b[01;36m\x1b[Knote: \x1b[m\x1b[K\xe2\x80\x98\x1b[01m\x1b[KpResponseStr\x1b[m\x1b[K\xe2\x80\x99 declared here\n'}
[10.889895] (motion_capture_tracking) StderrLine: {'line': b'  922 |     char \x1b[01;36m\x1b[KpResponseStr\x1b[m\x1b[K[256];\n'}
[10.889960] (motion_capture_tracking) StderrLine: {'line': b'      |          \x1b[01;36m\x1b[K^~~~~~~~~~~~\x1b[m\x1b[K\n'}
[10.894405] (motion_capture_tracking) StderrLine: {'line': b'\x1b[01m\x1b[K/home/bajdus/Desktop/complete-velocity-messages/ros_ws/src/motion_capture_tracking/motion_capture_tracking/deps/libmotioncapture/deps/qualisys_cpp_sdk/RTProtocol.cpp:\x1b[m\x1b[K In member function \xe2\x80\x98\x1b[01m\x1b[Kbool CRTProtocol::\x1b[01;32m\x1b[KSaveCapture\x1b[m\x1b[K(const char*, bool, char*, int)\x1b[m\x1b[K\xe2\x80\x99:\n'}
[10.898747] (motion_capture_tracking) StderrLine: {'line': b'\x1b[01m\x1b[K/home/bajdus/Desktop/complete-velocity-messages/ros_ws/src/motion_capture_tracking/motion_capture_tracking/deps/libmotioncapture/deps/qualisys_cpp_sdk/RTProtocol.cpp:1016:13:\x1b[m\x1b[K \x1b[01;35m\x1b[Kwarning: \x1b[m\x1b[Kthe address of \xe2\x80\x98\x1b[01m\x1b[KpResponseStr\x1b[m\x1b[K\xe2\x80\x99 will never be NULL [\x1b[01;35m\x1b[K\x1b]8;;https://gcc.gnu.org/onlinedocs/gcc/Warning-Options.html#index-Waddress\x07-Waddress\x1b]8;;\x07\x1b[m\x1b[K]\n'}
[10.898895] (motion_capture_tracking) StderrLine: {'line': b' 1016 |         if (\x1b[01;35m\x1b[KpResponseStr\x1b[m\x1b[K && strlen(pResponseStr) > 0)\n'}
[10.898978] (motion_capture_tracking) StderrLine: {'line': b'      |             \x1b[01;35m\x1b[K^~~~~~~~~~~~\x1b[m\x1b[K\n'}
[10.899050] (motion_capture_tracking) StderrLine: {'line': b'\x1b[01m\x1b[K/home/bajdus/Desktop/complete-velocity-messages/ros_ws/src/motion_capture_tracking/motion_capture_tracking/deps/libmotioncapture/deps/qualisys_cpp_sdk/RTProtocol.cpp:988:10:\x1b[m\x1b[K \x1b[01;36m\x1b[Knote: \x1b[m\x1b[K\xe2\x80\x98\x1b[01m\x1b[KpResponseStr\x1b[m\x1b[K\xe2\x80\x99 declared here\n'}
[10.899118] (motion_capture_tracking) StderrLine: {'line': b'  988 |     char \x1b[01;36m\x1b[KpResponseStr\x1b[m\x1b[K[256];\n'}
[10.899183] (motion_capture_tracking) StderrLine: {'line': b'      |          \x1b[01;36m\x1b[K^~~~~~~~~~~~\x1b[m\x1b[K\n'}
[10.899247] (motion_capture_tracking) StderrLine: {'line': b'\x1b[01m\x1b[K/home/bajdus/Desktop/complete-velocity-messages/ros_ws/src/motion_capture_tracking/motion_capture_tracking/deps/libmotioncapture/deps/qualisys_cpp_sdk/RTProtocol.cpp:\x1b[m\x1b[K In member function \xe2\x80\x98\x1b[01m\x1b[Kbool CRTProtocol::\x1b[01;32m\x1b[KLoadProject\x1b[m\x1b[K(const char*)\x1b[m\x1b[K\xe2\x80\x99:\n'}
[10.899334] (motion_capture_tracking) StderrLine: {'line': b'\x1b[01m\x1b[K/home/bajdus/Desktop/complete-velocity-messages/ros_ws/src/motion_capture_tracking/motion_capture_tracking/deps/libmotioncapture/deps/qualisys_cpp_sdk/RTProtocol.cpp:1049:13:\x1b[m\x1b[K \x1b[01;35m\x1b[Kwarning: \x1b[m\x1b[Kthe address of \xe2\x80\x98\x1b[01m\x1b[KpResponseStr\x1b[m\x1b[K\xe2\x80\x99 will never be NULL [\x1b[01;35m\x1b[K\x1b]8;;https://gcc.gnu.org/onlinedocs/gcc/Warning-Options.html#index-Waddress\x07-Waddress\x1b]8;;\x07\x1b[m\x1b[K]\n'}
[10.899407] (motion_capture_tracking) StderrLine: {'line': b' 1049 |         if (\x1b[01;35m\x1b[KpResponseStr\x1b[m\x1b[K)\n'}
[10.899468] (motion_capture_tracking) StderrLine: {'line': b'      |             \x1b[01;35m\x1b[K^~~~~~~~~~~~\x1b[m\x1b[K\n'}
[10.899532] (motion_capture_tracking) StderrLine: {'line': b'\x1b[01m\x1b[K/home/bajdus/Desktop/complete-velocity-messages/ros_ws/src/motion_capture_tracking/motion_capture_tracking/deps/libmotioncapture/deps/qualisys_cpp_sdk/RTProtocol.cpp:1036:10:\x1b[m\x1b[K \x1b[01;36m\x1b[Knote: \x1b[m\x1b[K\xe2\x80\x98\x1b[01m\x1b[KpResponseStr\x1b[m\x1b[K\xe2\x80\x99 declared here\n'}
[10.899594] (motion_capture_tracking) StderrLine: {'line': b' 1036 |     char \x1b[01;36m\x1b[KpResponseStr\x1b[m\x1b[K[256];\n'}
[10.899664] (motion_capture_tracking) StderrLine: {'line': b'      |          \x1b[01;36m\x1b[K^~~~~~~~~~~~\x1b[m\x1b[K\n'}
[10.899730] (motion_capture_tracking) StderrLine: {'line': b'\x1b[01m\x1b[K/home/bajdus/Desktop/complete-velocity-messages/ros_ws/src/motion_capture_tracking/motion_capture_tracking/deps/libmotioncapture/deps/qualisys_cpp_sdk/RTProtocol.cpp:\x1b[m\x1b[K In member function \xe2\x80\x98\x1b[01m\x1b[Kbool CRTProtocol::\x1b[01;32m\x1b[KReprocess\x1b[m\x1b[K()\x1b[m\x1b[K\xe2\x80\x99:\n'}
[10.899801] (motion_capture_tracking) StderrLine: {'line': b'\x1b[01m\x1b[K/home/bajdus/Desktop/complete-velocity-messages/ros_ws/src/motion_capture_tracking/motion_capture_tracking/deps/libmotioncapture/deps/qualisys_cpp_sdk/RTProtocol.cpp:1077:9:\x1b[m\x1b[K \x1b[01;35m\x1b[Kwarning: \x1b[m\x1b[Kthe address of \xe2\x80\x98\x1b[01m\x1b[KpResponseStr\x1b[m\x1b[K\xe2\x80\x99 will never be NULL [\x1b[01;35m\x1b[K\x1b]8;;https://gcc.gnu.org/onlinedocs/gcc/Warning-Options.html#index-Waddress\x07-Waddress\x1b]8;;\x07\x1b[m\x1b[K]\n'}
[10.899880] (motion_capture_tracking) StderrLine: {'line': b' 1077 |     if (\x1b[01;35m\x1b[KpResponseStr\x1b[m\x1b[K)\n'}
[10.899944] (motion_capture_tracking) StderrLine: {'line': b'      |         \x1b[01;35m\x1b[K^~~~~~~~~~~~\x1b[m\x1b[K\n'}
[10.900017] (motion_capture_tracking) StderrLine: {'line': b'\x1b[01m\x1b[K/home/bajdus/Desktop/complete-velocity-messages/ros_ws/src/motion_capture_tracking/motion_capture_tracking/deps/libmotioncapture/deps/qualisys_cpp_sdk/RTProtocol.cpp:1068:10:\x1b[m\x1b[K \x1b[01;36m\x1b[Knote: \x1b[m\x1b[K\xe2\x80\x98\x1b[01m\x1b[KpResponseStr\x1b[m\x1b[K\xe2\x80\x99 declared here\n'}
[10.900088] (motion_capture_tracking) StderrLine: {'line': b' 1068 |     char \x1b[01;36m\x1b[KpResponseStr\x1b[m\x1b[K[256];\n'}
[10.900152] (motion_capture_tracking) StderrLine: {'line': b'      |          \x1b[01;36m\x1b[K^~~~~~~~~~~~\x1b[m\x1b[K\n'}
[10.922808] (-) TimerEvent: {}
[10.923408] (motion_capture_tracking) StdoutLine: {'line': b'[ 63%] \x1b[32mBuilding CXX object deps/libmotioncapture/deps/vrpn/CMakeFiles/vrpn.dir/vrpn_RedundantTransmission.C.o\x1b[0m\n'}
[10.971804] (motion_capture_tracking) StdoutLine: {'line': b'[ 65%] \x1b[32mBuilding CXX object deps/libmotioncapture/deps/vrpn/CMakeFiles/vrpn.dir/vrpn_Serial.C.o\x1b[0m\n'}
[10.973153] (motion_capture_tracking) StdoutLine: {'line': b'[ 66%] \x1b[32mBuilding CXX object deps/libmotioncapture/deps/vrpn/CMakeFiles/vrpn.dir/vrpn_SerialPort.C.o\x1b[0m\n'}
[10.992392] (motion_capture_tracking) StdoutLine: {'line': b'[ 68%] \x1b[32mBuilding CXX object deps/libmotioncapture/deps/vrpn/CMakeFiles/vrpn.dir/vrpn_Shared.C.o\x1b[0m\n'}
[10.994170] (motion_capture_tracking) StdoutLine: {'line': b'[ 69%] \x1b[32mBuilding CXX object deps/libmotioncapture/deps/vrpn/CMakeFiles/vrpn.dir/vrpn_SharedObject.C.o\x1b[0m\n'}
[11.022942] (-) TimerEvent: {}
[11.059481] (motion_capture_tracking) StdoutLine: {'line': b'[ 71%] \x1b[32mBuilding CXX object deps/libmotioncapture/deps/vrpn/CMakeFiles/vrpn.dir/vrpn_Sound.C.o\x1b[0m\n'}
[11.097432] (motion_capture_tracking) StdoutLine: {'line': b'[ 73%] \x1b[32mBuilding CXX object deps/libmotioncapture/deps/vrpn/CMakeFiles/vrpn.dir/vrpn_Text.C.o\x1b[0m\n'}
[11.123058] (-) TimerEvent: {}
[11.151572] (motion_capture_tracking) StdoutLine: {'line': b'[ 74%] \x1b[32mBuilding CXX object deps/libmotioncapture/deps/vrpn/CMakeFiles/vrpn.dir/vrpn_Thread.C.o\x1b[0m\n'}
[11.155105] (motion_capture_tracking) StdoutLine: {'line': b'[ 76%] \x1b[32mBuilding CXX object deps/libmotioncapture/deps/vrpn/CMakeFiles/vrpn.dir/vrpn_Tracker.C.o\x1b[0m\n'}
[11.223218] (-) TimerEvent: {}
[11.323630] (-) TimerEvent: {}
[11.411725] (motion_capture_tracking) StdoutLine: {'line': b'[ 77%] \x1b[32m\x1b[1mLinking CXX static library libvrpn.a\x1b[0m\n'}
[11.423762] (-) TimerEvent: {}
[11.466344] (motion_capture_tracking) StdoutLine: {'line': b'[ 77%] Built target vrpn\n'}
[11.484434] (motion_capture_tracking) StderrLine: {'line': b'\x1b[01m\x1b[K/home/bajdus/Desktop/complete-velocity-messages/ros_ws/src/motion_capture_tracking/motion_capture_tracking/deps/libmotioncapture/deps/qualisys_cpp_sdk/RTProtocol.cpp:\x1b[m\x1b[K In member function \xe2\x80\x98\x1b[01m\x1b[Kbool CRTProtocol::\x1b[01;32m\x1b[KGetCapture\x1b[m\x1b[K(const char*, bool)\x1b[m\x1b[K\xe2\x80\x99:\n'}
[11.484725] (motion_capture_tracking) StderrLine: {'line': b'\x1b[01m\x1b[K/home/bajdus/Desktop/complete-velocity-messages/ros_ws/src/motion_capture_tracking/motion_capture_tracking/deps/libmotioncapture/deps/qualisys_cpp_sdk/RTProtocol.cpp:651:66:\x1b[m\x1b[K \x1b[01;35m\x1b[Kwarning: \x1b[m\x1b[K\xe2\x80\x98\x1b[01m\x1b[K%s\x1b[m\x1b[K\xe2\x80\x99 directive writing up to 1023 bytes into a region of size 1004 [\x1b[01;35m\x1b[K\x1b]8;;https://gcc.gnu.org/onlinedocs/gcc/Warning-Options.html#index-Wformat-overflow=\x07-Wformat-overflow=\x1b]8;;\x07\x1b[m\x1b[K]\n'}
[11.484829] (motion_capture_tracking) StderrLine: {'line': b'  651 |                         sprintf(maErrorStr, "No packet received. \x1b[01;35m\x1b[K%s\x1b[m\x1b[K.", maErrorStr);\n'}
[11.484900] (motion_capture_tracking) StderrLine: {'line': b'      |                                                                  \x1b[01;35m\x1b[K^~\x1b[m\x1b[K\n'}
[11.484970] (motion_capture_tracking) StderrLine: {'line': b'\x1b[01m\x1b[K/home/bajdus/Desktop/complete-velocity-messages/ros_ws/src/motion_capture_tracking/motion_capture_tracking/deps/libmotioncapture/deps/qualisys_cpp_sdk/RTProtocol.cpp:651:32:\x1b[m\x1b[K \x1b[01;36m\x1b[Knote: \x1b[m\x1b[K\xe2\x80\x98\x1b[01m\x1b[Ksprintf\x1b[m\x1b[K\xe2\x80\x99 output between 22 and 1045 bytes into a destination of size 1024\n'}
[11.485060] (motion_capture_tracking) StderrLine: {'line': b'  651 |                         \x1b[01;36m\x1b[Ksprintf(maErrorStr, "No packet received. %s.", maErrorStr)\x1b[m\x1b[K;\n'}
[11.485134] (motion_capture_tracking) StderrLine: {'line': b'      |                         \x1b[01;36m\x1b[K~~~~~~~^~~~~~~~~~~~~~~~~~~~~~~~~~~~~~~~~~~~~~~~~~~~~~~~~~~\x1b[m\x1b[K\n'}
[11.485204] (motion_capture_tracking) StderrLine: {'line': b'\x1b[01m\x1b[K/home/bajdus/Desktop/complete-velocity-messages/ros_ws/src/motion_capture_tracking/motion_capture_tracking/deps/libmotioncapture/deps/qualisys_cpp_sdk/RTProtocol.cpp:651:32:\x1b[m\x1b[K \x1b[01;35m\x1b[Kwarning: \x1b[m\x1b[K\xe2\x80\x98\x1b[01m\x1b[Ksprintf\x1b[m\x1b[K\xe2\x80\x99 argument 3 overlaps destination object \xe2\x80\x98\x1b[01m\x1b[Kthis\x1b[m\x1b[K\xe2\x80\x99 [\x1b[01;35m\x1b[K\x1b]8;;https://gcc.gnu.org/onlinedocs/gcc/Warning-Options.html#index-Wrestrict\x07-Wrestrict\x1b]8;;\x07\x1b[m\x1b[K]\n'}
[11.485277] (motion_capture_tracking) StderrLine: {'line': b'\x1b[01m\x1b[K/home/bajdus/Desktop/complete-velocity-messages/ros_ws/src/motion_capture_tracking/motion_capture_tracking/deps/libmotioncapture/deps/qualisys_cpp_sdk/RTProtocol.cpp:580:62:\x1b[m\x1b[K \x1b[01;36m\x1b[Knote: \x1b[m\x1b[Kdestination object referenced by \xe2\x80\x98\x1b[01m\x1b[Krestrict\x1b[m\x1b[K\xe2\x80\x99-qualified argument 1 was declared here\n'}
[11.485360] (motion_capture_tracking) StderrLine: {'line': b'  580 | bool CRTProtocol::GetCapture(const char* pFileName, bool bC3D\x1b[01;36m\x1b[K)\x1b[m\x1b[K\n'}
[11.485432] (motion_capture_tracking) StderrLine: {'line': b'      |                                                              \x1b[01;36m\x1b[K^\x1b[m\x1b[K\n'}
[11.523887] (-) TimerEvent: {}
[11.624290] (-) TimerEvent: {}
[11.724690] (-) TimerEvent: {}
[11.825021] (-) TimerEvent: {}
[11.925374] (-) TimerEvent: {}
[12.025681] (-) TimerEvent: {}
[12.126036] (-) TimerEvent: {}
[12.226413] (-) TimerEvent: {}
[12.326793] (-) TimerEvent: {}
[12.427092] (-) TimerEvent: {}
[12.483054] (motion_capture_tracking) StdoutLine: {'line': b'[ 79%] \x1b[32m\x1b[1mLinking CXX static library libqualisys_cpp_sdk.a\x1b[0m\n'}
[12.527214] (-) TimerEvent: {}
[12.542921] (motion_capture_tracking) StdoutLine: {'line': b'[ 79%] Built target qualisys_cpp_sdk\n'}
[12.627371] (-) TimerEvent: {}
[12.727711] (-) TimerEvent: {}
[12.828128] (-) TimerEvent: {}
[12.928551] (-) TimerEvent: {}
[13.028950] (-) TimerEvent: {}
[13.129368] (-) TimerEvent: {}
[13.229719] (-) TimerEvent: {}
[13.330090] (-) TimerEvent: {}
[13.430433] (-) TimerEvent: {}
[13.530753] (-) TimerEvent: {}
[13.631082] (-) TimerEvent: {}
[13.731422] (-) TimerEvent: {}
[13.831728] (-) TimerEvent: {}
[13.932269] (-) TimerEvent: {}
[14.032561] (-) TimerEvent: {}
[14.034162] (motion_capture_tracking) StderrLine: {'line': b'In file included from \x1b[01m\x1b[K/home/bajdus/Desktop/complete-velocity-messages/ros_ws/src/motion_capture_tracking/motion_capture_tracking/deps/librigidbodytracker/src/rigid_body_tracker.cpp:14\x1b[m\x1b[K:\n'}
[14.034393] (motion_capture_tracking) StderrLine: {'line': b'\x1b[01m\x1b[K/home/bajdus/Desktop/complete-velocity-messages/ros_ws/src/motion_capture_tracking/motion_capture_tracking/deps/librigidbodytracker/src/cbs_group_constraint.hpp:\x1b[m\x1b[K In function \xe2\x80\x98\x1b[01m\x1b[Kvoid\x1b[01;32m\x1b[K createConstraintsFromConflict\x1b[m\x1b[K(const std::map<std::__cxx11::basic_string<char>, std::set<std::__cxx11::basic_string<char> > >&, const std::string&, std::set<std::set<Constraint> >&)\x1b[m\x1b[K\xe2\x80\x99:\n'}
[14.034507] (motion_capture_tracking) StderrLine: {'line': b'\x1b[01m\x1b[K/home/bajdus/Desktop/complete-velocity-messages/ros_ws/src/motion_capture_tracking/motion_capture_tracking/deps/librigidbodytracker/src/cbs_group_constraint.hpp:148:7:\x1b[m\x1b[K \x1b[01;35m\x1b[Kwarning: \x1b[m\x1b[Kunused variable \xe2\x80\x98\x1b[01m\x1b[Kcount\x1b[m\x1b[K\xe2\x80\x99 [\x1b[01;35m\x1b[K\x1b]8;;https://gcc.gnu.org/onlinedocs/gcc/Warning-Options.html#index-Wunused-variable\x07-Wunused-variable\x1b]8;;\x07\x1b[m\x1b[K]\n'}
[14.034619] (motion_capture_tracking) StderrLine: {'line': b'  148 |   int \x1b[01;35m\x1b[Kcount\x1b[m\x1b[K = 0;\n'}
[14.034711] (motion_capture_tracking) StderrLine: {'line': b'      |       \x1b[01;35m\x1b[K^~~~~\x1b[m\x1b[K\n'}
[14.110180] (motion_capture_tracking) StderrLine: {'line': b'In file included from \x1b[01m\x1b[K/home/bajdus/Desktop/complete-velocity-messages/ros_ws/src/motion_capture_tracking/motion_capture_tracking/deps/librigidbodytracker/src/rigid_body_tracker.cpp:1\x1b[m\x1b[K:\n'}
[14.110419] (motion_capture_tracking) StderrLine: {'line': b'\x1b[01m\x1b[K/home/bajdus/Desktop/complete-velocity-messages/ros_ws/src/motion_capture_tracking/motion_capture_tracking/deps/librigidbodytracker/include/librigidbodytracker/rigid_body_tracker.h:\x1b[m\x1b[K In constructor \xe2\x80\x98\x1b[01m\x1b[Klibrigidbodytracker::RigidBodyTracker::\x1b[01;32m\x1b[KRigidBodyTracker\x1b[m\x1b[K(const std::vector<librigidbodytracker::DynamicsConfiguration>&, const std::vector<std::shared_ptr<pcl::PointCloud<pcl::PointXYZ> > >&, const std::vector<librigidbodytracker::RigidBody>&)\x1b[m\x1b[K\xe2\x80\x99:\n'}
[14.110536] (motion_capture_tracking) StderrLine: {'line': b'\x1b[01m\x1b[K/home/bajdus/Desktop/complete-velocity-messages/ros_ws/src/motion_capture_tracking/motion_capture_tracking/deps/librigidbodytracker/include/librigidbodytracker/rigid_body_tracker.h:126:18:\x1b[m\x1b[K \x1b[01;35m\x1b[Kwarning: \x1b[m\x1b[K\xe2\x80\x98\x1b[01m\x1b[Klibrigidbodytracker::RigidBodyTracker::m_trackingMode\x1b[m\x1b[K\xe2\x80\x99 will be initialized after [\x1b[01;35m\x1b[K\x1b]8;;https://gcc.gnu.org/onlinedocs/gcc/Warning-Options.html#index-Wreorder\x07-Wreorder\x1b]8;;\x07\x1b[m\x1b[K]\n'}
[14.110629] (motion_capture_tracking) StderrLine: {'line': b'  126 |     TrackingMode \x1b[01;35m\x1b[Km_trackingMode\x1b[m\x1b[K;\n'}
[14.110717] (motion_capture_tracking) StderrLine: {'line': b'      |                  \x1b[01;35m\x1b[K^~~~~~~~~~~~~~\x1b[m\x1b[K\n'}
[14.110802] (motion_capture_tracking) StderrLine: {'line': b'\x1b[01m\x1b[K/home/bajdus/Desktop/complete-velocity-messages/ros_ws/src/motion_capture_tracking/motion_capture_tracking/deps/librigidbodytracker/include/librigidbodytracker/rigid_body_tracker.h:123:10:\x1b[m\x1b[K \x1b[01;35m\x1b[Kwarning: \x1b[m\x1b[K  \xe2\x80\x98\x1b[01m\x1b[Kbool librigidbodytracker::RigidBodyTracker::m_initialized\x1b[m\x1b[K\xe2\x80\x99 [\x1b[01;35m\x1b[K\x1b]8;;https://gcc.gnu.org/onlinedocs/gcc/Warning-Options.html#index-Wreorder\x07-Wreorder\x1b]8;;\x07\x1b[m\x1b[K]\n'}
[14.110892] (motion_capture_tracking) StderrLine: {'line': b'  123 |     bool \x1b[01;35m\x1b[Km_initialized\x1b[m\x1b[K;\n'}
[14.110977] (motion_capture_tracking) StderrLine: {'line': b'      |          \x1b[01;35m\x1b[K^~~~~~~~~~~~~\x1b[m\x1b[K\n'}
[14.111061] (motion_capture_tracking) StderrLine: {'line': b'\x1b[01m\x1b[K/home/bajdus/Desktop/complete-velocity-messages/ros_ws/src/motion_capture_tracking/motion_capture_tracking/deps/librigidbodytracker/src/rigid_body_tracker.cpp:77:1:\x1b[m\x1b[K \x1b[01;35m\x1b[Kwarning: \x1b[m\x1b[K  when initialized here [\x1b[01;35m\x1b[K\x1b]8;;https://gcc.gnu.org/onlinedocs/gcc/Warning-Options.html#index-Wreorder\x07-Wreorder\x1b]8;;\x07\x1b[m\x1b[K]\n'}
[14.111149] (motion_capture_tracking) StderrLine: {'line': b'   77 | \x1b[01;35m\x1b[KRigidBodyTracker\x1b[m\x1b[K::RigidBodyTracker(\n'}
[14.111233] (motion_capture_tracking) StderrLine: {'line': b'      | \x1b[01;35m\x1b[K^~~~~~~~~~~~~~~~\x1b[m\x1b[K\n'}
[14.113800] (motion_capture_tracking) StderrLine: {'line': b'\x1b[01m\x1b[K/home/bajdus/Desktop/complete-velocity-messages/ros_ws/src/motion_capture_tracking/motion_capture_tracking/deps/librigidbodytracker/src/rigid_body_tracker.cpp:\x1b[m\x1b[K In member function \xe2\x80\x98\x1b[01m\x1b[Kbool librigidbodytracker::RigidBodyTracker::\x1b[01;32m\x1b[KinitializePose\x1b[m\x1b[K(pcl::PointCloud<pcl::PointXYZ>::ConstPtr)\x1b[m\x1b[K\xe2\x80\x99:\n'}
[14.113947] (motion_capture_tracking) StderrLine: {'line': b'\x1b[01m\x1b[K/home/bajdus/Desktop/complete-velocity-messages/ros_ws/src/motion_capture_tracking/motion_capture_tracking/deps/librigidbodytracker/src/rigid_body_tracker.cpp:167:21:\x1b[m\x1b[K \x1b[01;35m\x1b[Kwarning: \x1b[m\x1b[Kcomparison of integer expressions of different signedness: \xe2\x80\x98\x1b[01m\x1b[Kint\x1b[m\x1b[K\xe2\x80\x99 and \xe2\x80\x98\x1b[01m\x1b[Kconst size_t\x1b[m\x1b[K\xe2\x80\x99 {aka \xe2\x80\x98\x1b[01m\x1b[Kconst long unsigned int\x1b[m\x1b[K\xe2\x80\x99} [\x1b[01;35m\x1b[K\x1b]8;;https://gcc.gnu.org/onlinedocs/gcc/Warning-Options.html#index-Wsign-compare\x07-Wsign-compare\x1b]8;;\x07\x1b[m\x1b[K]\n'}
[14.114051] (motion_capture_tracking) StderrLine: {'line': b'  167 |   for (int i = 0; \x1b[01;35m\x1b[Ki < numRigidBodies\x1b[m\x1b[K; ++i) {\n'}
[14.114138] (motion_capture_tracking) StderrLine: {'line': b'      |                   \x1b[01;35m\x1b[K~~^~~~~~~~~~~~~~~~\x1b[m\x1b[K\n'}
[14.114224] (motion_capture_tracking) StderrLine: {'line': b'\x1b[01m\x1b[K/home/bajdus/Desktop/complete-velocity-messages/ros_ws/src/motion_capture_tracking/motion_capture_tracking/deps/librigidbodytracker/src/rigid_body_tracker.cpp:169:27:\x1b[m\x1b[K \x1b[01;35m\x1b[Kwarning: \x1b[m\x1b[Kcomparison of integer expressions of different signedness: \xe2\x80\x98\x1b[01m\x1b[Kint\x1b[m\x1b[K\xe2\x80\x99 and \xe2\x80\x98\x1b[01m\x1b[Kconst size_t\x1b[m\x1b[K\xe2\x80\x99 {aka \xe2\x80\x98\x1b[01m\x1b[Kconst long unsigned int\x1b[m\x1b[K\xe2\x80\x99} [\x1b[01;35m\x1b[K\x1b]8;;https://gcc.gnu.org/onlinedocs/gcc/Warning-Options.html#index-Wsign-compare\x07-Wsign-compare\x1b]8;;\x07\x1b[m\x1b[K]\n'}
[14.114317] (motion_capture_tracking) StderrLine: {'line': b'  169 |     for (int j = i + 1; \x1b[01;35m\x1b[Kj < numRigidBodies\x1b[m\x1b[K; ++j) {\n'}
[14.114408] (motion_capture_tracking) StderrLine: {'line': b'      |                         \x1b[01;35m\x1b[K~~^~~~~~~~~~~~~~~~\x1b[m\x1b[K\n'}
[14.118505] (motion_capture_tracking) StderrLine: {'line': b'\x1b[01m\x1b[K/home/bajdus/Desktop/complete-velocity-messages/ros_ws/src/motion_capture_tracking/motion_capture_tracking/deps/librigidbodytracker/src/rigid_body_tracker.cpp:180:25:\x1b[m\x1b[K \x1b[01;35m\x1b[Kwarning: \x1b[m\x1b[Kcomparison of integer expressions of different signedness: \xe2\x80\x98\x1b[01m\x1b[Kint\x1b[m\x1b[K\xe2\x80\x99 and \xe2\x80\x98\x1b[01m\x1b[Kconst size_t\x1b[m\x1b[K\xe2\x80\x99 {aka \xe2\x80\x98\x1b[01m\x1b[Kconst long unsigned int\x1b[m\x1b[K\xe2\x80\x99} [\x1b[01;35m\x1b[K\x1b]8;;https://gcc.gnu.org/onlinedocs/gcc/Warning-Options.html#index-Wsign-compare\x07-Wsign-compare\x1b]8;;\x07\x1b[m\x1b[K]\n'}
[14.118686] (motion_capture_tracking) StderrLine: {'line': b'  180 |   for (int iRb = 0; \x1b[01;35m\x1b[KiRb < numRigidBodies\x1b[m\x1b[K; ++iRb) {\n'}
[14.118785] (motion_capture_tracking) StderrLine: {'line': b'      |                     \x1b[01;35m\x1b[K~~~~^~~~~~~~~~~~~~~~\x1b[m\x1b[K\n'}
[14.118876] (motion_capture_tracking) StderrLine: {'line': b'\x1b[01m\x1b[K/home/bajdus/Desktop/complete-velocity-messages/ros_ws/src/motion_capture_tracking/motion_capture_tracking/deps/librigidbodytracker/src/rigid_body_tracker.cpp:195:16:\x1b[m\x1b[K \x1b[01;35m\x1b[Kwarning: \x1b[m\x1b[Kcomparison of integer expressions of different signedness: \xe2\x80\x98\x1b[01m\x1b[Kint\x1b[m\x1b[K\xe2\x80\x99 and \xe2\x80\x98\x1b[01m\x1b[Kconst size_t\x1b[m\x1b[K\xe2\x80\x99 {aka \xe2\x80\x98\x1b[01m\x1b[Kconst long unsigned int\x1b[m\x1b[K\xe2\x80\x99} [\x1b[01;35m\x1b[K\x1b]8;;https://gcc.gnu.org/onlinedocs/gcc/Warning-Options.html#index-Wsign-compare\x07-Wsign-compare\x1b]8;;\x07\x1b[m\x1b[K]\n'}
[14.118973] (motion_capture_tracking) StderrLine: {'line': b'  195 |     if (\x1b[01;35m\x1b[KnFound < rbNpts\x1b[m\x1b[K) {\n'}
[14.119091] (motion_capture_tracking) StderrLine: {'line': b'      |         \x1b[01;35m\x1b[K~~~~~~~^~~~~~~~\x1b[m\x1b[K\n'}
[14.119175] (motion_capture_tracking) StderrLine: {'line': b'\x1b[01m\x1b[K/home/bajdus/Desktop/complete-velocity-messages/ros_ws/src/motion_capture_tracking/motion_capture_tracking/deps/librigidbodytracker/src/rigid_body_tracker.cpp:208:23:\x1b[m\x1b[K \x1b[01;35m\x1b[Kwarning: \x1b[m\x1b[Kcomparison of integer expressions of different signedness: \xe2\x80\x98\x1b[01m\x1b[Kint\x1b[m\x1b[K\xe2\x80\x99 and \xe2\x80\x98\x1b[01m\x1b[Kconst size_t\x1b[m\x1b[K\xe2\x80\x99 {aka \xe2\x80\x98\x1b[01m\x1b[Kconst long unsigned int\x1b[m\x1b[K\xe2\x80\x99} [\x1b[01;35m\x1b[K\x1b]8;;https://gcc.gnu.org/onlinedocs/gcc/Warning-Options.html#index-Wsign-compare\x07-Wsign-compare\x1b]8;;\x07\x1b[m\x1b[K]\n'}
[14.119265] (motion_capture_tracking) StderrLine: {'line': b'  208 |     for (int i = 0; \x1b[01;35m\x1b[Ki < rbNpts\x1b[m\x1b[K; ++i) {\n'}
[14.119359] (motion_capture_tracking) StderrLine: {'line': b'      |                     \x1b[01;35m\x1b[K~~^~~~~~~~\x1b[m\x1b[K\n'}
[14.132687] (-) TimerEvent: {}
[14.214657] (motion_capture_tracking) StderrLine: {'line': b'\x1b[01m\x1b[K/home/bajdus/Desktop/complete-velocity-messages/ros_ws/src/motion_capture_tracking/motion_capture_tracking/deps/librigidbodytracker/src/rigid_body_tracker.cpp:\x1b[m\x1b[K In member function \xe2\x80\x98\x1b[01m\x1b[Kbool librigidbodytracker::RigidBodyTracker::\x1b[01;32m\x1b[KinitializePosition\x1b[m\x1b[K(std::chrono::_V2::system_clock::time_point, pcl::PointCloud<pcl::PointXYZ>::ConstPtr)\x1b[m\x1b[K\xe2\x80\x99:\n'}
[14.214885] (motion_capture_tracking) StderrLine: {'line': b'\x1b[01m\x1b[K/home/bajdus/Desktop/complete-velocity-messages/ros_ws/src/motion_capture_tracking/motion_capture_tracking/deps/librigidbodytracker/src/rigid_body_tracker.cpp:426:8:\x1b[m\x1b[K \x1b[01;35m\x1b[Kwarning: \x1b[m\x1b[Kunused variable \xe2\x80\x98\x1b[01m\x1b[KtotalCost\x1b[m\x1b[K\xe2\x80\x99 [\x1b[01;35m\x1b[K\x1b]8;;https://gcc.gnu.org/onlinedocs/gcc/Warning-Options.html#index-Wunused-variable\x07-Wunused-variable\x1b]8;;\x07\x1b[m\x1b[K]\n'}
[14.214985] (motion_capture_tracking) StderrLine: {'line': b'  426 |   long \x1b[01;35m\x1b[KtotalCost\x1b[m\x1b[K = assignment.solve(solution);\n'}
[14.215076] (motion_capture_tracking) StderrLine: {'line': b'      |        \x1b[01;35m\x1b[K^~~~~~~~~\x1b[m\x1b[K\n'}
[14.215591] (motion_capture_tracking) StderrLine: {'line': b'\x1b[01m\x1b[K/home/bajdus/Desktop/complete-velocity-messages/ros_ws/src/motion_capture_tracking/motion_capture_tracking/deps/librigidbodytracker/src/rigid_body_tracker.cpp:\x1b[m\x1b[K In member function \xe2\x80\x98\x1b[01m\x1b[Kvoid librigidbodytracker::RigidBodyTracker::\x1b[01;32m\x1b[KupdatePosition\x1b[m\x1b[K(std::chrono::_V2::system_clock::time_point, pcl::PointCloud<pcl::PointXYZ>::ConstPtr)\x1b[m\x1b[K\xe2\x80\x99:\n'}
[14.215729] (motion_capture_tracking) StderrLine: {'line': b'\x1b[01m\x1b[K/home/bajdus/Desktop/complete-velocity-messages/ros_ws/src/motion_capture_tracking/motion_capture_tracking/deps/librigidbodytracker/src/rigid_body_tracker.cpp:481:25:\x1b[m\x1b[K \x1b[01;35m\x1b[Kwarning: \x1b[m\x1b[Kcomparison of integer expressions of different signedness: \xe2\x80\x98\x1b[01m\x1b[Kint\x1b[m\x1b[K\xe2\x80\x99 and \xe2\x80\x98\x1b[01m\x1b[Kconst size_t\x1b[m\x1b[K\xe2\x80\x99 {aka \xe2\x80\x98\x1b[01m\x1b[Kconst long unsigned int\x1b[m\x1b[K\xe2\x80\x99} [\x1b[01;35m\x1b[K\x1b]8;;https://gcc.gnu.org/onlinedocs/gcc/Warning-Options.html#index-Wsign-compare\x07-Wsign-compare\x1b]8;;\x07\x1b[m\x1b[K]\n'}
[14.215837] (motion_capture_tracking) StderrLine: {'line': b'  481 |   for (int iRb = 0; \x1b[01;35m\x1b[KiRb < numRigidBodies\x1b[m\x1b[K; ++iRb) {\n'}
[14.215933] (motion_capture_tracking) StderrLine: {'line': b'      |                     \x1b[01;35m\x1b[K~~~~^~~~~~~~~~~~~~~~\x1b[m\x1b[K\n'}
[14.225795] (motion_capture_tracking) StderrLine: {'line': b'\x1b[01m\x1b[K/home/bajdus/Desktop/complete-velocity-messages/ros_ws/src/motion_capture_tracking/motion_capture_tracking/deps/librigidbodytracker/src/rigid_body_tracker.cpp:537:8:\x1b[m\x1b[K \x1b[01;35m\x1b[Kwarning: \x1b[m\x1b[Kunused variable \xe2\x80\x98\x1b[01m\x1b[KtotalCost\x1b[m\x1b[K\xe2\x80\x99 [\x1b[01;35m\x1b[K\x1b]8;;https://gcc.gnu.org/onlinedocs/gcc/Warning-Options.html#index-Wunused-variable\x07-Wunused-variable\x1b]8;;\x07\x1b[m\x1b[K]\n'}
[14.225946] (motion_capture_tracking) StderrLine: {'line': b'  537 |   long \x1b[01;35m\x1b[KtotalCost\x1b[m\x1b[K = assignment.solve(solution);\n'}
[14.226040] (motion_capture_tracking) StderrLine: {'line': b'      |        \x1b[01;35m\x1b[K^~~~~~~~~\x1b[m\x1b[K\n'}
[14.226339] (motion_capture_tracking) StderrLine: {'line': b'\x1b[01m\x1b[K/home/bajdus/Desktop/complete-velocity-messages/ros_ws/src/motion_capture_tracking/motion_capture_tracking/deps/librigidbodytracker/src/rigid_body_tracker.cpp:\x1b[m\x1b[K In member function \xe2\x80\x98\x1b[01m\x1b[Kbool librigidbodytracker::RigidBodyTracker::\x1b[01;32m\x1b[KinitializeHybrid\x1b[m\x1b[K(std::chrono::_V2::system_clock::time_point, pcl::PointCloud<pcl::PointXYZ>::ConstPtr)\x1b[m\x1b[K\xe2\x80\x99:\n'}
[14.226666] (motion_capture_tracking) StderrLine: {'line': b'\x1b[01m\x1b[K/home/bajdus/Desktop/complete-velocity-messages/ros_ws/src/motion_capture_tracking/motion_capture_tracking/deps/librigidbodytracker/src/rigid_body_tracker.cpp:582:21:\x1b[m\x1b[K \x1b[01;35m\x1b[Kwarning: \x1b[m\x1b[Kcomparison of integer expressions of different signedness: \xe2\x80\x98\x1b[01m\x1b[Kint\x1b[m\x1b[K\xe2\x80\x99 and \xe2\x80\x98\x1b[01m\x1b[Kconst size_t\x1b[m\x1b[K\xe2\x80\x99 {aka \xe2\x80\x98\x1b[01m\x1b[Kconst long unsigned int\x1b[m\x1b[K\xe2\x80\x99} [\x1b[01;35m\x1b[K\x1b]8;;https://gcc.gnu.org/onlinedocs/gcc/Warning-Options.html#index-Wsign-compare\x07-Wsign-compare\x1b]8;;\x07\x1b[m\x1b[K]\n'}
[14.226784] (motion_capture_tracking) StderrLine: {'line': b'  582 |   for (int i = 0; \x1b[01;35m\x1b[Ki < numRigidBodies\x1b[m\x1b[K; ++i) {\n'}
[14.226875] (motion_capture_tracking) StderrLine: {'line': b'      |                   \x1b[01;35m\x1b[K~~^~~~~~~~~~~~~~~~\x1b[m\x1b[K\n'}
[14.226962] (motion_capture_tracking) StderrLine: {'line': b'\x1b[01m\x1b[K/home/bajdus/Desktop/complete-velocity-messages/ros_ws/src/motion_capture_tracking/motion_capture_tracking/deps/librigidbodytracker/src/rigid_body_tracker.cpp:584:27:\x1b[m\x1b[K \x1b[01;35m\x1b[Kwarning: \x1b[m\x1b[Kcomparison of integer expressions of different signedness: \xe2\x80\x98\x1b[01m\x1b[Kint\x1b[m\x1b[K\xe2\x80\x99 and \xe2\x80\x98\x1b[01m\x1b[Kconst size_t\x1b[m\x1b[K\xe2\x80\x99 {aka \xe2\x80\x98\x1b[01m\x1b[Kconst long unsigned int\x1b[m\x1b[K\xe2\x80\x99} [\x1b[01;35m\x1b[K\x1b]8;;https://gcc.gnu.org/onlinedocs/gcc/Warning-Options.html#index-Wsign-compare\x07-Wsign-compare\x1b]8;;\x07\x1b[m\x1b[K]\n'}
[14.227079] (motion_capture_tracking) StderrLine: {'line': b'  584 |     for (int j = i + 1; \x1b[01;35m\x1b[Kj < numRigidBodies\x1b[m\x1b[K; ++j) {\n'}
[14.227167] (motion_capture_tracking) StderrLine: {'line': b'      |                         \x1b[01;35m\x1b[K~~^~~~~~~~~~~~~~~~\x1b[m\x1b[K\n'}
[14.227251] (motion_capture_tracking) StderrLine: {'line': b'\x1b[01m\x1b[K/home/bajdus/Desktop/complete-velocity-messages/ros_ws/src/motion_capture_tracking/motion_capture_tracking/deps/librigidbodytracker/src/rigid_body_tracker.cpp:595:25:\x1b[m\x1b[K \x1b[01;35m\x1b[Kwarning: \x1b[m\x1b[Kcomparison of integer expressions of different signedness: \xe2\x80\x98\x1b[01m\x1b[Kint\x1b[m\x1b[K\xe2\x80\x99 and \xe2\x80\x98\x1b[01m\x1b[Kconst size_t\x1b[m\x1b[K\xe2\x80\x99 {aka \xe2\x80\x98\x1b[01m\x1b[Kconst long unsigned int\x1b[m\x1b[K\xe2\x80\x99} [\x1b[01;35m\x1b[K\x1b]8;;https://gcc.gnu.org/onlinedocs/gcc/Warning-Options.html#index-Wsign-compare\x07-Wsign-compare\x1b]8;;\x07\x1b[m\x1b[K]\n'}
[14.227426] (motion_capture_tracking) StderrLine: {'line': b'  595 |   for (int iRb = 0; \x1b[01;35m\x1b[KiRb < numRigidBodies\x1b[m\x1b[K; ++iRb) {\n'}
[14.227555] (motion_capture_tracking) StderrLine: {'line': b'      |                     \x1b[01;35m\x1b[K~~~~^~~~~~~~~~~~~~~~\x1b[m\x1b[K\n'}
[14.227647] (motion_capture_tracking) StderrLine: {'line': b'\x1b[01m\x1b[K/home/bajdus/Desktop/complete-velocity-messages/ros_ws/src/motion_capture_tracking/motion_capture_tracking/deps/librigidbodytracker/src/rigid_body_tracker.cpp:610:16:\x1b[m\x1b[K \x1b[01;35m\x1b[Kwarning: \x1b[m\x1b[Kcomparison of integer expressions of different signedness: \xe2\x80\x98\x1b[01m\x1b[Kint\x1b[m\x1b[K\xe2\x80\x99 and \xe2\x80\x98\x1b[01m\x1b[Kconst size_t\x1b[m\x1b[K\xe2\x80\x99 {aka \xe2\x80\x98\x1b[01m\x1b[Kconst long unsigned int\x1b[m\x1b[K\xe2\x80\x99} [\x1b[01;35m\x1b[K\x1b]8;;https://gcc.gnu.org/onlinedocs/gcc/Warning-Options.html#index-Wsign-compare\x07-Wsign-compare\x1b]8;;\x07\x1b[m\x1b[K]\n'}
[14.227753] (motion_capture_tracking) StderrLine: {'line': b'  610 |     if (\x1b[01;35m\x1b[KnFound < rbNpts\x1b[m\x1b[K) {\n'}
[14.227840] (motion_capture_tracking) StderrLine: {'line': b'      |         \x1b[01;35m\x1b[K~~~~~~~^~~~~~~~\x1b[m\x1b[K\n'}
[14.227925] (motion_capture_tracking) StderrLine: {'line': b'\x1b[01m\x1b[K/home/bajdus/Desktop/complete-velocity-messages/ros_ws/src/motion_capture_tracking/motion_capture_tracking/deps/librigidbodytracker/src/rigid_body_tracker.cpp:623:13:\x1b[m\x1b[K \x1b[01;35m\x1b[Kwarning: \x1b[m\x1b[Kunused variable \xe2\x80\x98\x1b[01m\x1b[Kdist\x1b[m\x1b[K\xe2\x80\x99 [\x1b[01;35m\x1b[K\x1b]8;;https://gcc.gnu.org/onlinedocs/gcc/Warning-Options.html#index-Wunused-variable\x07-Wunused-variable\x1b]8;;\x07\x1b[m\x1b[K]\n'}
[14.228014] (motion_capture_tracking) StderrLine: {'line': b'  623 |       float \x1b[01;35m\x1b[Kdist\x1b[m\x1b[K = (pi - marker).norm();\n'}
[14.228099] (motion_capture_tracking) StderrLine: {'line': b'      |             \x1b[01;35m\x1b[K^~~~\x1b[m\x1b[K\n'}
[14.228184] (motion_capture_tracking) StderrLine: {'line': b'\x1b[01m\x1b[K/home/bajdus/Desktop/complete-velocity-messages/ros_ws/src/motion_capture_tracking/motion_capture_tracking/deps/librigidbodytracker/src/rigid_body_tracker.cpp:644:23:\x1b[m\x1b[K \x1b[01;35m\x1b[Kwarning: \x1b[m\x1b[Kcomparison of integer expressions of different signedness: \xe2\x80\x98\x1b[01m\x1b[Kint\x1b[m\x1b[K\xe2\x80\x99 and \xe2\x80\x98\x1b[01m\x1b[Kconst size_t\x1b[m\x1b[K\xe2\x80\x99 {aka \xe2\x80\x98\x1b[01m\x1b[Kconst long unsigned int\x1b[m\x1b[K\xe2\x80\x99} [\x1b[01;35m\x1b[K\x1b]8;;https://gcc.gnu.org/onlinedocs/gcc/Warning-Options.html#index-Wsign-compare\x07-Wsign-compare\x1b]8;;\x07\x1b[m\x1b[K]\n'}
[14.228272] (motion_capture_tracking) StderrLine: {'line': b'  644 |     for (int i = 0; \x1b[01;35m\x1b[Ki < rbNpts\x1b[m\x1b[K; ++i) {\n'}
[14.228365] (motion_capture_tracking) StderrLine: {'line': b'      |                     \x1b[01;35m\x1b[K~~^~~~~~~~\x1b[m\x1b[K\n'}
[14.232624] (motion_capture_tracking) StderrLine: {'line': b'\x1b[01m\x1b[K/home/bajdus/Desktop/complete-velocity-messages/ros_ws/src/motion_capture_tracking/motion_capture_tracking/deps/librigidbodytracker/src/rigid_body_tracker.cpp:\x1b[m\x1b[K In member function \xe2\x80\x98\x1b[01m\x1b[Kvoid librigidbodytracker::RigidBodyTracker::\x1b[01;32m\x1b[KupdateHybrid\x1b[m\x1b[K(std::chrono::_V2::system_clock::time_point, pcl::PointCloud<pcl::PointXYZ>::ConstPtr)\x1b[m\x1b[K\xe2\x80\x99:\n'}
[14.232772] (-) TimerEvent: {}
[14.232872] (motion_capture_tracking) StderrLine: {'line': b'\x1b[01m\x1b[K/home/bajdus/Desktop/complete-velocity-messages/ros_ws/src/motion_capture_tracking/motion_capture_tracking/deps/librigidbodytracker/src/rigid_body_tracker.cpp:756:25:\x1b[m\x1b[K \x1b[01;35m\x1b[Kwarning: \x1b[m\x1b[Kcomparison of integer expressions of different signedness: \xe2\x80\x98\x1b[01m\x1b[Kint\x1b[m\x1b[K\xe2\x80\x99 and \xe2\x80\x98\x1b[01m\x1b[Kconst size_t\x1b[m\x1b[K\xe2\x80\x99 {aka \xe2\x80\x98\x1b[01m\x1b[Kconst long unsigned int\x1b[m\x1b[K\xe2\x80\x99} [\x1b[01;35m\x1b[K\x1b]8;;https://gcc.gnu.org/onlinedocs/gcc/Warning-Options.html#index-Wsign-compare\x07-Wsign-compare\x1b]8;;\x07\x1b[m\x1b[K]\n'}
[14.232992] (motion_capture_tracking) StderrLine: {'line': b'  756 |   for (int iRb = 0; \x1b[01;35m\x1b[KiRb < numRigidBodies\x1b[m\x1b[K; ++iRb) {\n'}
[14.233085] (motion_capture_tracking) StderrLine: {'line': b'      |                     \x1b[01;35m\x1b[K~~~~^~~~~~~~~~~~~~~~\x1b[m\x1b[K\n'}
[14.233895] (motion_capture_tracking) StderrLine: {'line': b'\x1b[01m\x1b[K/home/bajdus/Desktop/complete-velocity-messages/ros_ws/src/motion_capture_tracking/motion_capture_tracking/deps/librigidbodytracker/src/rigid_body_tracker.cpp:830:26:\x1b[m\x1b[K \x1b[01;35m\x1b[Kwarning: \x1b[m\x1b[Kcomparison of integer expressions of different signedness: \xe2\x80\x98\x1b[01m\x1b[Ksize_t\x1b[m\x1b[K\xe2\x80\x99 {aka \xe2\x80\x98\x1b[01m\x1b[Klong unsigned int\x1b[m\x1b[K\xe2\x80\x99} and \xe2\x80\x98\x1b[01m\x1b[Kint\x1b[m\x1b[K\xe2\x80\x99 [\x1b[01;35m\x1b[K\x1b]8;;https://gcc.gnu.org/onlinedocs/gcc/Warning-Options.html#index-Wsign-compare\x07-Wsign-compare\x1b]8;;\x07\x1b[m\x1b[K]\n'}
[14.234064] (motion_capture_tracking) StderrLine: {'line': b'  830 |     for (size_t i = 0; \x1b[01;35m\x1b[Ki < k\x1b[m\x1b[K; ++i)  {\n'}
[14.234168] (motion_capture_tracking) StderrLine: {'line': b'      |                        \x1b[01;35m\x1b[K~~^~~\x1b[m\x1b[K\n'}
[14.246776] (motion_capture_tracking) StderrLine: {'line': b'\x1b[01m\x1b[K/home/bajdus/Desktop/complete-velocity-messages/ros_ws/src/motion_capture_tracking/motion_capture_tracking/deps/librigidbodytracker/src/rigid_body_tracker.cpp:1038:27:\x1b[m\x1b[K \x1b[01;35m\x1b[Kwarning: \x1b[m\x1b[Kcomparison of integer expressions of different signedness: \xe2\x80\x98\x1b[01m\x1b[Kint\x1b[m\x1b[K\xe2\x80\x99 and \xe2\x80\x98\x1b[01m\x1b[Kconst size_t\x1b[m\x1b[K\xe2\x80\x99 {aka \xe2\x80\x98\x1b[01m\x1b[Kconst long unsigned int\x1b[m\x1b[K\xe2\x80\x99} [\x1b[01;35m\x1b[K\x1b]8;;https://gcc.gnu.org/onlinedocs/gcc/Warning-Options.html#index-Wsign-compare\x07-Wsign-compare\x1b]8;;\x07\x1b[m\x1b[K]\n'}
[14.246956] (motion_capture_tracking) StderrLine: {'line': b' 1038 |     for (int iRb = 0; \x1b[01;35m\x1b[KiRb < numRigidBodies\x1b[m\x1b[K; ++iRb) {\n'}
[14.247045] (motion_capture_tracking) StderrLine: {'line': b'      |                       \x1b[01;35m\x1b[K~~~~^~~~~~~~~~~~~~~~\x1b[m\x1b[K\n'}
[14.247289] (motion_capture_tracking) StderrLine: {'line': b'\x1b[01m\x1b[K/home/bajdus/Desktop/complete-velocity-messages/ros_ws/src/motion_capture_tracking/motion_capture_tracking/deps/librigidbodytracker/src/rigid_body_tracker.cpp:943:8:\x1b[m\x1b[K \x1b[01;35m\x1b[Kwarning: \x1b[m\x1b[Kvariable \xe2\x80\x98\x1b[01m\x1b[KoutputToFile\x1b[m\x1b[K\xe2\x80\x99 set but not used [\x1b[01;35m\x1b[K\x1b]8;;https://gcc.gnu.org/onlinedocs/gcc/Warning-Options.html#index-Wunused-but-set-variable\x07-Wunused-but-set-variable\x1b]8;;\x07\x1b[m\x1b[K]\n'}
[14.247396] (motion_capture_tracking) StderrLine: {'line': b'  943 |   bool \x1b[01;35m\x1b[KoutputToFile\x1b[m\x1b[K = false;\n'}
[14.247481] (motion_capture_tracking) StderrLine: {'line': b'      |        \x1b[01;35m\x1b[K^~~~~~~~~~~~\x1b[m\x1b[K\n'}
[14.247565] (motion_capture_tracking) StderrLine: {'line': b'\x1b[01m\x1b[K/home/bajdus/Desktop/complete-velocity-messages/ros_ws/src/motion_capture_tracking/motion_capture_tracking/deps/librigidbodytracker/src/rigid_body_tracker.cpp:948:7:\x1b[m\x1b[K \x1b[01;35m\x1b[Kwarning: \x1b[m\x1b[Kunused variable \xe2\x80\x98\x1b[01m\x1b[Km_lowLevelExpanded\x1b[m\x1b[K\xe2\x80\x99 [\x1b[01;35m\x1b[K\x1b]8;;https://gcc.gnu.org/onlinedocs/gcc/Warning-Options.html#index-Wunused-variable\x07-Wunused-variable\x1b]8;;\x07\x1b[m\x1b[K]\n'}
[14.247651] (motion_capture_tracking) StderrLine: {'line': b'  948 |   int \x1b[01;35m\x1b[Km_lowLevelExpanded\x1b[m\x1b[K = 0;\n'}
[14.247734] (motion_capture_tracking) StderrLine: {'line': b'      |       \x1b[01;35m\x1b[K^~~~~~~~~~~~~~~~~~\x1b[m\x1b[K\n'}
[14.247819] (motion_capture_tracking) StderrLine: {'line': b'\x1b[01m\x1b[K/home/bajdus/Desktop/complete-velocity-messages/ros_ws/src/motion_capture_tracking/motion_capture_tracking/deps/librigidbodytracker/src/rigid_body_tracker.cpp:949:7:\x1b[m\x1b[K \x1b[01;35m\x1b[Kwarning: \x1b[m\x1b[Kunused variable \xe2\x80\x98\x1b[01m\x1b[Kduplicate\x1b[m\x1b[K\xe2\x80\x99 [\x1b[01;35m\x1b[K\x1b]8;;https://gcc.gnu.org/onlinedocs/gcc/Warning-Options.html#index-Wunused-variable\x07-Wunused-variable\x1b]8;;\x07\x1b[m\x1b[K]\n'}
[14.247905] (motion_capture_tracking) StderrLine: {'line': b'  949 |   int \x1b[01;35m\x1b[Kduplicate\x1b[m\x1b[K = 0;\n'}
[14.247990] (motion_capture_tracking) StderrLine: {'line': b'      |       \x1b[01;35m\x1b[K^~~~~~~~~\x1b[m\x1b[K\n'}
[14.332904] (-) TimerEvent: {}
[14.433246] (-) TimerEvent: {}
[14.533527] (-) TimerEvent: {}
[14.633894] (-) TimerEvent: {}
[14.734258] (-) TimerEvent: {}
[14.834542] (-) TimerEvent: {}
[14.934829] (-) TimerEvent: {}
[15.035197] (-) TimerEvent: {}
[15.135496] (-) TimerEvent: {}
[15.235879] (-) TimerEvent: {}
[15.336184] (-) TimerEvent: {}
[15.436489] (-) TimerEvent: {}
[15.536781] (-) TimerEvent: {}
[15.637144] (-) TimerEvent: {}
[15.737508] (-) TimerEvent: {}
[15.837875] (-) TimerEvent: {}
[15.938163] (-) TimerEvent: {}
[16.038547] (-) TimerEvent: {}
[16.138919] (-) TimerEvent: {}
[16.239297] (-) TimerEvent: {}
[16.324367] (motion_capture_tracking) StdoutLine: {'line': b'[ 80%] \x1b[32m\x1b[1mLinking CXX static library libViconDataStreamSDK_CPP.a\x1b[0m\n'}
[16.339365] (-) TimerEvent: {}
[16.439651] (-) TimerEvent: {}
[16.486869] (motion_capture_tracking) StdoutLine: {'line': b'[ 80%] Built target ViconDataStreamSDK_CPP\n'}
[16.503580] (motion_capture_tracking) StdoutLine: {'line': b'[ 82%] \x1b[32mBuilding CXX object deps/libmotioncapture/CMakeFiles/libmotioncapture.dir/src/optitrack.cpp.o\x1b[0m\n'}
[16.503954] (motion_capture_tracking) StdoutLine: {'line': b'[ 87%] \x1b[32mBuilding CXX object deps/libmotioncapture/CMakeFiles/libmotioncapture.dir/src/vrpn.cpp.o\x1b[0m\n'}
[16.504043] (motion_capture_tracking) StdoutLine: {'line': b'[ 87%] \x1b[32mBuilding CXX object deps/libmotioncapture/CMakeFiles/libmotioncapture.dir/src/qualisys.cpp.o\x1b[0m\n'}
[16.504097] (motion_capture_tracking) StdoutLine: {'line': b'[ 87%] \x1b[32mBuilding CXX object deps/libmotioncapture/CMakeFiles/libmotioncapture.dir/src/fzmotion.cpp.o\x1b[0m\n'}
[16.505330] (motion_capture_tracking) StdoutLine: {'line': b'[ 90%] \x1b[32mBuilding CXX object deps/libmotioncapture/CMakeFiles/libmotioncapture.dir/src/motioncapture.cpp.o\x1b[0m\n'}
[16.505592] (motion_capture_tracking) StdoutLine: {'line': b'[ 90%] \x1b[32mBuilding CXX object deps/libmotioncapture/CMakeFiles/libmotioncapture.dir/src/mock.cpp.o\x1b[0m\n'}
[16.505870] (motion_capture_tracking) StdoutLine: {'line': b'[ 93%] \x1b[32mBuilding CXX object deps/libmotioncapture/CMakeFiles/libmotioncapture.dir/src/vicon.cpp.o\x1b[0m\n'}
[16.505990] (motion_capture_tracking) StdoutLine: {'line': b'[ 93%] \x1b[32mBuilding CXX object deps/libmotioncapture/CMakeFiles/libmotioncapture.dir/src/optitrack_closed_source.cpp.o\x1b[0m\n'}
[16.539771] (-) TimerEvent: {}
[16.640093] (-) TimerEvent: {}
[16.740370] (-) TimerEvent: {}
[16.840671] (-) TimerEvent: {}
[16.941001] (-) TimerEvent: {}
[17.041299] (-) TimerEvent: {}
[17.141608] (-) TimerEvent: {}
[17.206088] (motion_capture_tracking) StderrLine: {'line': b'\x1b[01m\x1b[K/home/bajdus/Desktop/complete-velocity-messages/ros_ws/src/motion_capture_tracking/motion_capture_tracking/deps/libmotioncapture/src/optitrack_closed_source.cpp:\x1b[m\x1b[K In member function \xe2\x80\x98\x1b[01m\x1b[Kvoid libmotioncapture::MotionCaptureOptitrackClosedSourceImpl::\x1b[01;32m\x1b[KFrameReceivedCallback\x1b[m\x1b[K(sFrameOfMocapData*)\x1b[m\x1b[K\xe2\x80\x99:\n'}
[17.206381] (motion_capture_tracking) StderrLine: {'line': b'\x1b[01m\x1b[K/home/bajdus/Desktop/complete-velocity-messages/ros_ws/src/motion_capture_tracking/motion_capture_tracking/deps/libmotioncapture/src/optitrack_closed_source.cpp:27:28:\x1b[m\x1b[K \x1b[01;35m\x1b[Kwarning: \x1b[m\x1b[Kcomparison of integer expressions of different signedness: \xe2\x80\x98\x1b[01m\x1b[Ksize_t\x1b[m\x1b[K\xe2\x80\x99 {aka \xe2\x80\x98\x1b[01m\x1b[Klong unsigned int\x1b[m\x1b[K\xe2\x80\x99} and \xe2\x80\x98\x1b[01m\x1b[Kint32_t\x1b[m\x1b[K\xe2\x80\x99 {aka \xe2\x80\x98\x1b[01m\x1b[Kint\x1b[m\x1b[K\xe2\x80\x99} [\x1b[01;35m\x1b[K\x1b]8;;https://gcc.gnu.org/onlinedocs/gcc/Warning-Options.html#index-Wsign-compare\x07-Wsign-compare\x1b]8;;\x07\x1b[m\x1b[K]\n'}
[17.206505] (motion_capture_tracking) StderrLine: {'line': b'   27 |       for (size_t i = 0; \x1b[01;35m\x1b[Ki < data->nRigidBodies\x1b[m\x1b[K; ++i) {\n'}
[17.206619] (motion_capture_tracking) StderrLine: {'line': b'      |                          \x1b[01;35m\x1b[K~~^~~~~~~~~~~~~~~~~~~~\x1b[m\x1b[K\n'}
[17.210304] (motion_capture_tracking) StderrLine: {'line': b'\x1b[01m\x1b[K/home/bajdus/Desktop/complete-velocity-messages/ros_ws/src/motion_capture_tracking/motion_capture_tracking/deps/libmotioncapture/src/optitrack_closed_source.cpp:48:28:\x1b[m\x1b[K \x1b[01;35m\x1b[Kwarning: \x1b[m\x1b[Kcomparison of integer expressions of different signedness: \xe2\x80\x98\x1b[01m\x1b[Ksize_t\x1b[m\x1b[K\xe2\x80\x99 {aka \xe2\x80\x98\x1b[01m\x1b[Klong unsigned int\x1b[m\x1b[K\xe2\x80\x99} and \xe2\x80\x98\x1b[01m\x1b[Kint32_t\x1b[m\x1b[K\xe2\x80\x99 {aka \xe2\x80\x98\x1b[01m\x1b[Kint\x1b[m\x1b[K\xe2\x80\x99} [\x1b[01;35m\x1b[K\x1b]8;;https://gcc.gnu.org/onlinedocs/gcc/Warning-Options.html#index-Wsign-compare\x07-Wsign-compare\x1b]8;;\x07\x1b[m\x1b[K]\n'}
[17.210436] (motion_capture_tracking) StderrLine: {'line': b'   48 |       for (size_t r = 0; \x1b[01;35m\x1b[Kr < data->nOtherMarkers\x1b[m\x1b[K; ++r)\n'}
[17.210536] (motion_capture_tracking) StderrLine: {'line': b'      |                          \x1b[01;35m\x1b[K~~^~~~~~~~~~~~~~~~~~~~~\x1b[m\x1b[K\n'}
[17.219615] (motion_capture_tracking) StderrLine: {'line': b'\x1b[01m\x1b[K/home/bajdus/Desktop/complete-velocity-messages/ros_ws/src/motion_capture_tracking/motion_capture_tracking/deps/libmotioncapture/src/optitrack_closed_source.cpp:\x1b[m\x1b[K In member function \xe2\x80\x98\x1b[01m\x1b[Kconst std::string& libmotioncapture::MotionCaptureOptitrackClosedSource::\x1b[01;32m\x1b[Kversion\x1b[m\x1b[K() const\x1b[m\x1b[K\xe2\x80\x99:\n'}
[17.219835] (motion_capture_tracking) StderrLine: {'line': b'\x1b[01m\x1b[K/home/bajdus/Desktop/complete-velocity-messages/ros_ws/src/motion_capture_tracking/motion_capture_tracking/deps/libmotioncapture/src/optitrack_closed_source.cpp:184:3:\x1b[m\x1b[K \x1b[01;35m\x1b[Kwarning: \x1b[m\x1b[Kno return statement in function returning non-void [\x1b[01;35m\x1b[K\x1b]8;;https://gcc.gnu.org/onlinedocs/gcc/Warning-Options.html#index-Wreturn-type\x07-Wreturn-type\x1b]8;;\x07\x1b[m\x1b[K]\n'}
[17.219940] (motion_capture_tracking) StderrLine: {'line': b'  184 |   \x1b[01;35m\x1b[K}\x1b[m\x1b[K\n'}
[17.220031] (motion_capture_tracking) StderrLine: {'line': b'      |   \x1b[01;35m\x1b[K^\x1b[m\x1b[K\n'}
[17.241814] (-) TimerEvent: {}
[17.322857] (motion_capture_tracking) StdoutLine: {'line': b'[ 95%] \x1b[32m\x1b[1mLinking CXX static library liblibrigidbodytracker.a\x1b[0m\n'}
[17.341922] (-) TimerEvent: {}
[17.419542] (motion_capture_tracking) StdoutLine: {'line': b'[ 95%] Built target librigidbodytracker\n'}
[17.442050] (-) TimerEvent: {}
[17.542397] (-) TimerEvent: {}
[17.642768] (-) TimerEvent: {}
[17.743094] (-) TimerEvent: {}
[17.790531] (motion_capture_tracking) StderrLine: {'line': b'\x1b[01m\x1b[K/home/bajdus/Desktop/complete-velocity-messages/ros_ws/src/motion_capture_tracking/motion_capture_tracking/deps/libmotioncapture/src/optitrack.cpp:\x1b[m\x1b[K In member function \xe2\x80\x98\x1b[01m\x1b[Kvirtual void libmotioncapture::MotionCaptureOptitrack::\x1b[01;32m\x1b[KwaitForNextFrame\x1b[m\x1b[K()\x1b[m\x1b[K\xe2\x80\x99:\n'}
[17.790765] (motion_capture_tracking) StderrLine: {'line': b'\x1b[01m\x1b[K/home/bajdus/Desktop/complete-velocity-messages/ros_ws/src/motion_capture_tracking/motion_capture_tracking/deps/libmotioncapture/src/optitrack.cpp:706:14:\x1b[m\x1b[K \x1b[01;35m\x1b[Kwarning: \x1b[m\x1b[Kunused variable \xe2\x80\x98\x1b[01m\x1b[KbTrackedModelsChanged\x1b[m\x1b[K\xe2\x80\x99 [\x1b[01;35m\x1b[K\x1b]8;;https://gcc.gnu.org/onlinedocs/gcc/Warning-Options.html#index-Wunused-variable\x07-Wunused-variable\x1b]8;;\x07\x1b[m\x1b[K]\n'}
[17.790876] (motion_capture_tracking) StderrLine: {'line': b'  706 |         bool \x1b[01;35m\x1b[KbTrackedModelsChanged\x1b[m\x1b[K = (params & 0x02) != 0;         // 0x02 Actively tracked model list has changed\n'}
[17.790967] (motion_capture_tracking) StderrLine: {'line': b'      |              \x1b[01;35m\x1b[K^~~~~~~~~~~~~~~~~~~~~\x1b[m\x1b[K\n'}
[17.843299] (-) TimerEvent: {}
[17.896939] (motion_capture_tracking) StderrLine: {'line': b'In file included from \x1b[01m\x1b[K/usr/include/boost/system/detail/requires_cxx11.hpp:9\x1b[m\x1b[K,\n'}
[17.897167] (motion_capture_tracking) StderrLine: {'line': b'                 from \x1b[01m\x1b[K/usr/include/boost/system/detail/config.hpp:11\x1b[m\x1b[K,\n'}
[17.897264] (motion_capture_tracking) StderrLine: {'line': b'                 from \x1b[01m\x1b[K/usr/include/boost/system/detail/error_category.hpp:13\x1b[m\x1b[K,\n'}
[17.897373] (motion_capture_tracking) StderrLine: {'line': b'                 from \x1b[01m\x1b[K/usr/include/boost/system/detail/error_code.hpp:14\x1b[m\x1b[K,\n'}
[17.897461] (motion_capture_tracking) StderrLine: {'line': b'                 from \x1b[01m\x1b[K/usr/include/boost/system/error_code.hpp:13\x1b[m\x1b[K,\n'}
[17.897546] (motion_capture_tracking) StderrLine: {'line': b'                 from \x1b[01m\x1b[K/usr/include/boost/asio/detail/throw_error.hpp:20\x1b[m\x1b[K,\n'}
[17.897629] (motion_capture_tracking) StderrLine: {'line': b'                 from \x1b[01m\x1b[K/usr/include/boost/asio/detail/impl/posix_event.ipp:23\x1b[m\x1b[K,\n'}
[17.897712] (motion_capture_tracking) StderrLine: {'line': b'                 from \x1b[01m\x1b[K/usr/include/boost/asio/detail/posix_event.hpp:172\x1b[m\x1b[K,\n'}
[17.897795] (motion_capture_tracking) StderrLine: {'line': b'                 from \x1b[01m\x1b[K/usr/include/boost/asio/detail/event.hpp:25\x1b[m\x1b[K,\n'}
[17.897876] (motion_capture_tracking) StderrLine: {'line': b'                 from \x1b[01m\x1b[K/usr/include/boost/asio/execution/blocking_adaptation.hpp:19\x1b[m\x1b[K,\n'}
[17.897959] (motion_capture_tracking) StderrLine: {'line': b'                 from \x1b[01m\x1b[K/usr/include/boost/asio/execution.hpp:22\x1b[m\x1b[K,\n'}
[17.898041] (motion_capture_tracking) StderrLine: {'line': b'                 from \x1b[01m\x1b[K/usr/include/boost/asio/any_completion_executor.hpp:22\x1b[m\x1b[K,\n'}
[17.898123] (motion_capture_tracking) StderrLine: {'line': b'                 from \x1b[01m\x1b[K/usr/include/boost/asio.hpp:20\x1b[m\x1b[K,\n'}
[17.898205] (motion_capture_tracking) StderrLine: {'line': b'                 from \x1b[01m\x1b[K/home/bajdus/Desktop/complete-velocity-messages/ros_ws/src/motion_capture_tracking/motion_capture_tracking/deps/libmotioncapture/include/libmotioncapture/fzmotion.h:7\x1b[m\x1b[K,\n'}
[17.898290] (motion_capture_tracking) StderrLine: {'line': b'                 from \x1b[01m\x1b[K/home/bajdus/Desktop/complete-velocity-messages/ros_ws/src/motion_capture_tracking/motion_capture_tracking/deps/libmotioncapture/src/fzmotion.cpp:1\x1b[m\x1b[K:\n'}
[17.898383] (motion_capture_tracking) StderrLine: {'line': b'\x1b[01m\x1b[K/usr/include/boost/bind.hpp:36:1:\x1b[m\x1b[K \x1b[01;36m\x1b[Knote: \x1b[m\x1b[K\xe2\x80\x98\x1b[01m\x1b[K#pragma message: The practice of declaring the Bind placeholders (_1, _2, ...) in the global namespace is deprecated. Please use <boost/bind/bind.hpp> + using namespace boost::placeholders, or define BOOST_BIND_GLOBAL_PLACEHOLDERS to retain the current behavior.\x1b[m\x1b[K\xe2\x80\x99\n'}
[17.898479] (motion_capture_tracking) StderrLine: {'line': b'   36 | \x1b[01;36m\x1b[KBOOST_PRAGMA_MESSAGE\x1b[m\x1b[K(\n'}
[17.898562] (motion_capture_tracking) StderrLine: {'line': b'      | \x1b[01;36m\x1b[K^~~~~~~~~~~~~~~~~~~~\x1b[m\x1b[K\n'}
[17.905405] (motion_capture_tracking) StderrLine: {'line': b'\x1b[01m\x1b[K/home/bajdus/Desktop/complete-velocity-messages/ros_ws/src/motion_capture_tracking/motion_capture_tracking/deps/libmotioncapture/include/libmotioncapture/fzmotion.h:133:32:\x1b[m\x1b[K \x1b[01;35m\x1b[Kwarning: \x1b[m\x1b[KISO C++ prohibits anonymous structs [\x1b[01;35m\x1b[K\x1b]8;;https://gcc.gnu.org/onlinedocs/gcc/Warning-Options.html#index-Wpedantic\x07-Wpedantic\x1b]8;;\x07\x1b[m\x1b[K]\n'}
[17.905625] (motion_capture_tracking) StderrLine: {'line': b'  133 |                         struct \x1b[01;35m\x1b[K{\x1b[m\x1b[K uint8 v1; uint8 v2; uint8 v3; uint8 v4; };\n'}
[17.905723] (motion_capture_tracking) StderrLine: {'line': b'      |                                \x1b[01;35m\x1b[K^\x1b[m\x1b[K\n'}
[17.905822] (motion_capture_tracking) StderrLine: {'line': b'\x1b[01m\x1b[K/home/bajdus/Desktop/complete-velocity-messages/ros_ws/src/motion_capture_tracking/motion_capture_tracking/deps/libmotioncapture/include/libmotioncapture/fzmotion.h:138:32:\x1b[m\x1b[K \x1b[01;35m\x1b[Kwarning: \x1b[m\x1b[KISO C++ prohibits anonymous structs [\x1b[01;35m\x1b[K\x1b]8;;https://gcc.gnu.org/onlinedocs/gcc/Warning-Options.html#index-Wpedantic\x07-Wpedantic\x1b]8;;\x07\x1b[m\x1b[K]\n'}
[17.905912] (motion_capture_tracking) StderrLine: {'line': b'  138 |                         struct \x1b[01;35m\x1b[K{\x1b[m\x1b[K uint8 v1; uint8 v2; uint8 v3; uint8 v4; };\n'}
[17.905996] (motion_capture_tracking) StderrLine: {'line': b'      |                                \x1b[01;35m\x1b[K^\x1b[m\x1b[K\n'}
[17.906080] (motion_capture_tracking) StderrLine: {'line': b'\x1b[01m\x1b[K/home/bajdus/Desktop/complete-velocity-messages/ros_ws/src/motion_capture_tracking/motion_capture_tracking/deps/libmotioncapture/include/libmotioncapture/fzmotion.h:145:32:\x1b[m\x1b[K \x1b[01;35m\x1b[Kwarning: \x1b[m\x1b[KISO C++ prohibits anonymous structs [\x1b[01;35m\x1b[K\x1b]8;;https://gcc.gnu.org/onlinedocs/gcc/Warning-Options.html#index-Wpedantic\x07-Wpedantic\x1b]8;;\x07\x1b[m\x1b[K]\n'}
[17.906168] (motion_capture_tracking) StderrLine: {'line': b'  145 |                         struct \x1b[01;35m\x1b[K{\x1b[m\x1b[K octet h1; octet h2; octet l1; octet l2; };\n'}
[17.906254] (motion_capture_tracking) StderrLine: {'line': b'      |                                \x1b[01;35m\x1b[K^\x1b[m\x1b[K\n'}
[17.912252] (motion_capture_tracking) StderrLine: {'line': b'\x1b[01m\x1b[K/home/bajdus/Desktop/complete-velocity-messages/ros_ws/src/motion_capture_tracking/motion_capture_tracking/deps/libmotioncapture/include/libmotioncapture/fzmotion.h:\x1b[m\x1b[K In constructor \xe2\x80\x98\x1b[01m\x1b[Klibmotioncapture::MotionCaptureFZMotion::\x1b[01;32m\x1b[KMotionCaptureFZMotion\x1b[m\x1b[K(const std::string&, int, const std::string&, int)\x1b[m\x1b[K\xe2\x80\x99:\n'}
[17.912563] (motion_capture_tracking) StderrLine: {'line': b'\x1b[01m\x1b[K/home/bajdus/Desktop/complete-velocity-messages/ros_ws/src/motion_capture_tracking/motion_capture_tracking/deps/libmotioncapture/include/libmotioncapture/fzmotion.h:165:29:\x1b[m\x1b[K \x1b[01;35m\x1b[Kwarning: \x1b[m\x1b[K\xe2\x80\x98\x1b[01m\x1b[Klibmotioncapture::MotionCaptureFZMotion::m_ConnectionSocket\x1b[m\x1b[K\xe2\x80\x99 will be initialized after [\x1b[01;35m\x1b[K\x1b]8;;https://gcc.gnu.org/onlinedocs/gcc/Warning-Options.html#index-Wreorder\x07-Wreorder\x1b]8;;\x07\x1b[m\x1b[K]\n'}
[17.912641] (motion_capture_tracking) StderrLine: {'line': b'  165 |                 udp::socket \x1b[01;35m\x1b[Km_ConnectionSocket\x1b[m\x1b[K;\n'}
[17.912686] (motion_capture_tracking) StderrLine: {'line': b'      |                             \x1b[01;35m\x1b[K^~~~~~~~~~~~~~~~~~\x1b[m\x1b[K\n'}
[17.912726] (motion_capture_tracking) StderrLine: {'line': b'\x1b[01m\x1b[K/home/bajdus/Desktop/complete-velocity-messages/ros_ws/src/motion_capture_tracking/motion_capture_tracking/deps/libmotioncapture/include/libmotioncapture/fzmotion.h:164:29:\x1b[m\x1b[K \x1b[01;35m\x1b[Kwarning: \x1b[m\x1b[K  \xe2\x80\x98\x1b[01m\x1b[Kboost::asio::ip::udp::socket libmotioncapture::MotionCaptureFZMotion::m_TransmissionSocket\x1b[m\x1b[K\xe2\x80\x99 [\x1b[01;35m\x1b[K\x1b]8;;https://gcc.gnu.org/onlinedocs/gcc/Warning-Options.html#index-Wreorder\x07-Wreorder\x1b]8;;\x07\x1b[m\x1b[K]\n'}
[17.912769] (motion_capture_tracking) StderrLine: {'line': b'  164 |                 udp::socket \x1b[01;35m\x1b[Km_TransmissionSocket\x1b[m\x1b[K;\n'}
[17.912807] (motion_capture_tracking) StderrLine: {'line': b'      |                             \x1b[01;35m\x1b[K^~~~~~~~~~~~~~~~~~~~\x1b[m\x1b[K\n'}
[17.912843] (motion_capture_tracking) StderrLine: {'line': b'\x1b[01m\x1b[K/home/bajdus/Desktop/complete-velocity-messages/ros_ws/src/motion_capture_tracking/motion_capture_tracking/deps/libmotioncapture/src/fzmotion.cpp:5:5:\x1b[m\x1b[K \x1b[01;35m\x1b[Kwarning: \x1b[m\x1b[K  when initialized here [\x1b[01;35m\x1b[K\x1b]8;;https://gcc.gnu.org/onlinedocs/gcc/Warning-Options.html#index-Wreorder\x07-Wreorder\x1b]8;;\x07\x1b[m\x1b[K]\n'}
[17.912884] (motion_capture_tracking) StderrLine: {'line': b'    5 |     \x1b[01;35m\x1b[KMotionCaptureFZMotion\x1b[m\x1b[K::MotionCaptureFZMotion(\n'}
[17.912921] (motion_capture_tracking) StderrLine: {'line': b'      |     \x1b[01;35m\x1b[K^~~~~~~~~~~~~~~~~~~~~\x1b[m\x1b[K\n'}
[17.913818] (motion_capture_tracking) StderrLine: {'line': b'In file included from \x1b[01m\x1b[K/usr/include/boost/system/detail/requires_cxx11.hpp:9\x1b[m\x1b[K,\n'}
[17.913868] (motion_capture_tracking) StderrLine: {'line': b'                 from \x1b[01m\x1b[K/usr/include/boost/system/detail/config.hpp:11\x1b[m\x1b[K,\n'}
[17.913906] (motion_capture_tracking) StderrLine: {'line': b'                 from \x1b[01m\x1b[K/usr/include/boost/system/detail/error_category.hpp:13\x1b[m\x1b[K,\n'}
[17.913942] (motion_capture_tracking) StderrLine: {'line': b'                 from \x1b[01m\x1b[K/usr/include/boost/system/detail/error_code.hpp:14\x1b[m\x1b[K,\n'}
[17.913980] (motion_capture_tracking) StderrLine: {'line': b'                 from \x1b[01m\x1b[K/usr/include/boost/system/error_code.hpp:13\x1b[m\x1b[K,\n'}
[17.914015] (motion_capture_tracking) StderrLine: {'line': b'                 from \x1b[01m\x1b[K/usr/include/boost/asio/detail/throw_error.hpp:20\x1b[m\x1b[K,\n'}
[17.914053] (motion_capture_tracking) StderrLine: {'line': b'                 from \x1b[01m\x1b[K/usr/include/boost/asio/detail/impl/posix_event.ipp:23\x1b[m\x1b[K,\n'}
[17.914088] (motion_capture_tracking) StderrLine: {'line': b'                 from \x1b[01m\x1b[K/usr/include/boost/asio/detail/posix_event.hpp:172\x1b[m\x1b[K,\n'}
[17.914124] (motion_capture_tracking) StderrLine: {'line': b'                 from \x1b[01m\x1b[K/usr/include/boost/asio/detail/event.hpp:25\x1b[m\x1b[K,\n'}
[17.914160] (motion_capture_tracking) StderrLine: {'line': b'                 from \x1b[01m\x1b[K/usr/include/boost/asio/execution/blocking_adaptation.hpp:19\x1b[m\x1b[K,\n'}
[17.914196] (motion_capture_tracking) StderrLine: {'line': b'                 from \x1b[01m\x1b[K/usr/include/boost/asio/execution.hpp:22\x1b[m\x1b[K,\n'}
[17.914232] (motion_capture_tracking) StderrLine: {'line': b'                 from \x1b[01m\x1b[K/usr/include/boost/asio/any_completion_executor.hpp:22\x1b[m\x1b[K,\n'}
[17.914268] (motion_capture_tracking) StderrLine: {'line': b'                 from \x1b[01m\x1b[K/usr/include/boost/asio.hpp:20\x1b[m\x1b[K,\n'}
[17.914303] (motion_capture_tracking) StderrLine: {'line': b'                 from \x1b[01m\x1b[K/home/bajdus/Desktop/complete-velocity-messages/ros_ws/src/motion_capture_tracking/motion_capture_tracking/deps/libmotioncapture/include/libmotioncapture/fzmotion.h:7\x1b[m\x1b[K,\n'}
[17.914348] (motion_capture_tracking) StderrLine: {'line': b'                 from \x1b[01m\x1b[K/home/bajdus/Desktop/complete-velocity-messages/ros_ws/src/motion_capture_tracking/motion_capture_tracking/deps/libmotioncapture/src/motioncapture.cpp:25\x1b[m\x1b[K:\n'}
[17.914384] (motion_capture_tracking) StderrLine: {'line': b'\x1b[01m\x1b[K/usr/include/boost/bind.hpp:36:1:\x1b[m\x1b[K \x1b[01;36m\x1b[Knote: \x1b[m\x1b[K\xe2\x80\x98\x1b[01m\x1b[K#pragma message: The practice of declaring the Bind placeholders (_1, _2, ...) in the global namespace is deprecated. Please use <boost/bind/bind.hpp> + using namespace boost::placeholders, or define BOOST_BIND_GLOBAL_PLACEHOLDERS to retain the current behavior.\x1b[m\x1b[K\xe2\x80\x99\n'}
[17.914426] (motion_capture_tracking) StderrLine: {'line': b'   36 | \x1b[01;36m\x1b[KBOOST_PRAGMA_MESSAGE\x1b[m\x1b[K(\n'}
[17.914463] (motion_capture_tracking) StderrLine: {'line': b'      | \x1b[01;36m\x1b[K^~~~~~~~~~~~~~~~~~~~\x1b[m\x1b[K\n'}
[17.920779] (motion_capture_tracking) StderrLine: {'line': b'\x1b[01m\x1b[K/home/bajdus/Desktop/complete-velocity-messages/ros_ws/src/motion_capture_tracking/motion_capture_tracking/deps/libmotioncapture/src/fzmotion.cpp:\x1b[m\x1b[K In member function \xe2\x80\x98\x1b[01m\x1b[Kvoid libmotioncapture::MotionCaptureFZMotion::\x1b[01;32m\x1b[KreceiveFrameData\x1b[m\x1b[K()\x1b[m\x1b[K\xe2\x80\x99:\n'}
[17.920915] (motion_capture_tracking) StderrLine: {'line': b'\x1b[01m\x1b[K/home/bajdus/Desktop/complete-velocity-messages/ros_ws/src/motion_capture_tracking/motion_capture_tracking/deps/libmotioncapture/src/fzmotion.cpp:295:9:\x1b[m\x1b[K \x1b[01;35m\x1b[Kwarning: \x1b[m\x1b[Klabel \xe2\x80\x98\x1b[01m\x1b[Kboost\x1b[m\x1b[K\xe2\x80\x99 defined but not used [\x1b[01;35m\x1b[K\x1b]8;;https://gcc.gnu.org/onlinedocs/gcc/Warning-Options.html#index-Wunused-label\x07-Wunused-label\x1b]8;;\x07\x1b[m\x1b[K]\n'}
[17.920968] (motion_capture_tracking) StderrLine: {'line': b'  295 |         \x1b[01;35m\x1b[Kboost\x1b[m\x1b[K:system::error_code ec;\n'}
[17.921013] (motion_capture_tracking) StderrLine: {'line': b'      |         \x1b[01;35m\x1b[K^~~~~\x1b[m\x1b[K\n'}
[17.922462] (motion_capture_tracking) StderrLine: {'line': b'\x1b[01m\x1b[K/home/bajdus/Desktop/complete-velocity-messages/ros_ws/src/motion_capture_tracking/motion_capture_tracking/deps/libmotioncapture/include/libmotioncapture/fzmotion.h:133:32:\x1b[m\x1b[K \x1b[01;35m\x1b[Kwarning: \x1b[m\x1b[KISO C++ prohibits anonymous structs [\x1b[01;35m\x1b[K\x1b]8;;https://gcc.gnu.org/onlinedocs/gcc/Warning-Options.html#index-Wpedantic\x07-Wpedantic\x1b]8;;\x07\x1b[m\x1b[K]\n'}
[17.922509] (motion_capture_tracking) StderrLine: {'line': b'  133 |                         struct \x1b[01;35m\x1b[K{\x1b[m\x1b[K uint8 v1; uint8 v2; uint8 v3; uint8 v4; };\n'}
[17.922546] (motion_capture_tracking) StderrLine: {'line': b'      |                                \x1b[01;35m\x1b[K^\x1b[m\x1b[K\n'}
[17.922584] (motion_capture_tracking) StderrLine: {'line': b'\x1b[01m\x1b[K/home/bajdus/Desktop/complete-velocity-messages/ros_ws/src/motion_capture_tracking/motion_capture_tracking/deps/libmotioncapture/include/libmotioncapture/fzmotion.h:138:32:\x1b[m\x1b[K \x1b[01;35m\x1b[Kwarning: \x1b[m\x1b[KISO C++ prohibits anonymous structs [\x1b[01;35m\x1b[K\x1b]8;;https://gcc.gnu.org/onlinedocs/gcc/Warning-Options.html#index-Wpedantic\x07-Wpedantic\x1b]8;;\x07\x1b[m\x1b[K]\n'}
[17.922622] (motion_capture_tracking) StderrLine: {'line': b'  138 |                         struct \x1b[01;35m\x1b[K{\x1b[m\x1b[K uint8 v1; uint8 v2; uint8 v3; uint8 v4; };\n'}
[17.922660] (motion_capture_tracking) StderrLine: {'line': b'      |                                \x1b[01;35m\x1b[K^\x1b[m\x1b[K\n'}
[17.922696] (motion_capture_tracking) StderrLine: {'line': b'\x1b[01m\x1b[K/home/bajdus/Desktop/complete-velocity-messages/ros_ws/src/motion_capture_tracking/motion_capture_tracking/deps/libmotioncapture/include/libmotioncapture/fzmotion.h:145:32:\x1b[m\x1b[K \x1b[01;35m\x1b[Kwarning: \x1b[m\x1b[KISO C++ prohibits anonymous structs [\x1b[01;35m\x1b[K\x1b]8;;https://gcc.gnu.org/onlinedocs/gcc/Warning-Options.html#index-Wpedantic\x07-Wpedantic\x1b]8;;\x07\x1b[m\x1b[K]\n'}
[17.922734] (motion_capture_tracking) StderrLine: {'line': b'  145 |                         struct \x1b[01;35m\x1b[K{\x1b[m\x1b[K octet h1; octet h2; octet l1; octet l2; };\n'}
[17.922771] (motion_capture_tracking) StderrLine: {'line': b'      |                                \x1b[01;35m\x1b[K^\x1b[m\x1b[K\n'}
[17.923187] (motion_capture_tracking) StderrLine: {'line': b'\x1b[01m\x1b[K/home/bajdus/Desktop/complete-velocity-messages/ros_ws/src/motion_capture_tracking/motion_capture_tracking/deps/libmotioncapture/src/fzmotion.cpp:\x1b[m\x1b[K In member function \xe2\x80\x98\x1b[01m\x1b[Kvirtual const libmotioncapture::PointCloud& libmotioncapture::MotionCaptureFZMotion::\x1b[01;32m\x1b[KpointCloud\x1b[m\x1b[K() const\x1b[m\x1b[K\xe2\x80\x99:\n'}
[17.923249] (motion_capture_tracking) StderrLine: {'line': b'\x1b[01m\x1b[K/home/bajdus/Desktop/complete-velocity-messages/ros_ws/src/motion_capture_tracking/motion_capture_tracking/deps/libmotioncapture/src/fzmotion.cpp:414:32:\x1b[m\x1b[K \x1b[01;35m\x1b[Kwarning: \x1b[m\x1b[Kcomparison of integer expressions of different signedness: \xe2\x80\x98\x1b[01m\x1b[KEigen::EigenBase<Eigen::Matrix<float, -1, 3, 1> >::Index\x1b[m\x1b[K\xe2\x80\x99 {aka \xe2\x80\x98\x1b[01m\x1b[Klong int\x1b[m\x1b[K\xe2\x80\x99} and \xe2\x80\x98\x1b[01m\x1b[Kstd::vector<libmotioncapture::LMarker>::size_type\x1b[m\x1b[K\xe2\x80\x99 {aka \xe2\x80\x98\x1b[01m\x1b[Klong unsigned int\x1b[m\x1b[K\xe2\x80\x99} [\x1b[01;35m\x1b[K\x1b]8;;https://gcc.gnu.org/onlinedocs/gcc/Warning-Options.html#index-Wsign-compare\x07-Wsign-compare\x1b]8;;\x07\x1b[m\x1b[K]\n'}
[17.923291] (motion_capture_tracking) StderrLine: {'line': b'  414 |         if (\x1b[01;35m\x1b[Kpointcloud_.size() != this->m_vctMarkData.size()\x1b[m\x1b[K) {\n'}
[17.923333] (motion_capture_tracking) StderrLine: {'line': b'      |             \x1b[01;35m\x1b[K~~~~~~~~~~~~~~~~~~~^~~~~~~~~~~~~~~~~~~~~~~~~~~~~\x1b[m\x1b[K\n'}
[17.943382] (-) TimerEvent: {}
[18.043594] (-) TimerEvent: {}
[18.143862] (-) TimerEvent: {}
[18.244100] (-) TimerEvent: {}
[18.344344] (-) TimerEvent: {}
[18.444549] (-) TimerEvent: {}
[18.544839] (-) TimerEvent: {}
[18.645135] (-) TimerEvent: {}
[18.722341] (motion_capture_tracking) StdoutLine: {'line': b'[ 96%] \x1b[32m\x1b[1mLinking CXX static library liblibmotioncapture.a\x1b[0m\n'}
[18.745259] (-) TimerEvent: {}
[18.790336] (motion_capture_tracking) StdoutLine: {'line': b'[ 96%] Built target libmotioncapture\n'}
[18.810586] (motion_capture_tracking) StdoutLine: {'line': b'[ 98%] \x1b[32mBuilding CXX object CMakeFiles/motion_capture_tracking_node.dir/src/motion_capture_tracking_node.cpp.o\x1b[0m\n'}
[18.845353] (-) TimerEvent: {}
[18.945580] (-) TimerEvent: {}
[19.045849] (-) TimerEvent: {}
[19.146378] (-) TimerEvent: {}
[19.246594] (-) TimerEvent: {}
[19.346864] (-) TimerEvent: {}
[19.447147] (-) TimerEvent: {}
[19.547369] (-) TimerEvent: {}
[19.647580] (-) TimerEvent: {}
[19.747847] (-) TimerEvent: {}
[19.848187] (-) TimerEvent: {}
[19.948454] (-) TimerEvent: {}
[20.048723] (-) TimerEvent: {}
[20.149064] (-) TimerEvent: {}
[20.249436] (-) TimerEvent: {}
[20.349703] (-) TimerEvent: {}
[20.449962] (-) TimerEvent: {}
[20.550224] (-) TimerEvent: {}
[20.650485] (-) TimerEvent: {}
[20.750781] (-) TimerEvent: {}
[20.851086] (-) TimerEvent: {}
[20.951384] (-) TimerEvent: {}
[21.051658] (-) TimerEvent: {}
[21.151945] (-) TimerEvent: {}
[21.252236] (-) TimerEvent: {}
[21.352523] (-) TimerEvent: {}
[21.452808] (-) TimerEvent: {}
[21.553095] (-) TimerEvent: {}
[21.653371] (-) TimerEvent: {}
[21.753672] (-) TimerEvent: {}
[21.853917] (-) TimerEvent: {}
[21.954173] (-) TimerEvent: {}
[22.054436] (-) TimerEvent: {}
[22.154699] (-) TimerEvent: {}
[22.255005] (-) TimerEvent: {}
[22.355331] (-) TimerEvent: {}
[22.455580] (-) TimerEvent: {}
[22.555830] (-) TimerEvent: {}
[22.656073] (-) TimerEvent: {}
[22.756400] (-) TimerEvent: {}
[22.856625] (-) TimerEvent: {}
[22.956889] (-) TimerEvent: {}
[23.057152] (-) TimerEvent: {}
[23.157437] (-) TimerEvent: {}
[23.257703] (-) TimerEvent: {}
[23.358019] (-) TimerEvent: {}
[23.458276] (-) TimerEvent: {}
[23.558510] (-) TimerEvent: {}
[23.658750] (-) TimerEvent: {}
[23.759047] (-) TimerEvent: {}
[23.859275] (-) TimerEvent: {}
[23.959499] (-) TimerEvent: {}
[24.059719] (-) TimerEvent: {}
[24.159999] (-) TimerEvent: {}
[24.260234] (-) TimerEvent: {}
[24.360560] (-) TimerEvent: {}
[24.460788] (-) TimerEvent: {}
[24.561006] (-) TimerEvent: {}
[24.661231] (-) TimerEvent: {}
[24.761432] (-) TimerEvent: {}
[24.861661] (-) TimerEvent: {}
[24.961887] (-) TimerEvent: {}
[25.062116] (-) TimerEvent: {}
[25.162382] (-) TimerEvent: {}
[25.247443] (motion_capture_tracking) StdoutLine: {'line': b'[100%] \x1b[32m\x1b[1mLinking CXX executable motion_capture_tracking_node\x1b[0m\n'}
[25.262452] (-) TimerEvent: {}
[25.362651] (-) TimerEvent: {}
[25.462914] (-) TimerEvent: {}
[25.563158] (-) TimerEvent: {}
[25.663413] (-) TimerEvent: {}
[25.763639] (-) TimerEvent: {}
[25.863881] (-) TimerEvent: {}
[25.964127] (-) TimerEvent: {}
[26.064369] (-) TimerEvent: {}
[26.164547] (-) TimerEvent: {}
[26.264740] (-) TimerEvent: {}
[26.364982] (-) TimerEvent: {}
[26.465245] (-) TimerEvent: {}
[26.548775] (motion_capture_tracking) StdoutLine: {'line': b'[100%] Built target motion_capture_tracking_node\n'}
[26.560160] (motion_capture_tracking) CommandEnded: {'returncode': 0}
[26.560734] (motion_capture_tracking) JobProgress: {'identifier': 'motion_capture_tracking', 'progress': 'install'}
[26.561361] (motion_capture_tracking) Command: {'cmd': ['/usr/bin/cmake', '--install', '/home/bajdus/Desktop/complete-velocity-messages/ros_ws/build/motion_capture_tracking'], 'cwd': '/home/bajdus/Desktop/complete-velocity-messages/ros_ws/build/motion_capture_tracking', 'env': OrderedDict({'GJS_DEBUG_TOPICS': 'JS ERROR;JS LOG', 'XDG_ACTIVATION_TOKEN': 'gnome-shell/Terminator/3846-2-LC2075-LIN_TIME4383425', 'LESSOPEN': '| /usr/bin/lesspipe %s', 'USER': 'bajdus', 'XDG_SESSION_TYPE': 'x11', 'SHLVL': '1', 'LD_LIBRARY_PATH': '/home/bajdus/Desktop/complete-velocity-messages/ros_ws/install/motion_capture_tracking_interfaces/lib:/usr/local/lib:/opt/ros/jazzy/opt/rviz_ogre_vendor/lib:/opt/ros/jazzy/lib/x86_64-linux-gnu:/opt/ros/jazzy/opt/gz_math_vendor/lib:/opt/ros/jazzy/opt/gz_utils_vendor/lib:/opt/ros/jazzy/opt/gz_cmake_vendor/lib:/opt/ros/jazzy/lib', 'HOME': '/home/bajdus', 'OLDPWD': '/home/bajdus/Desktop/complete-velocity-messages', 'DESKTOP_SESSION': 'ubuntu', 'GIO_LAUNCHED_DESKTOP_FILE': '/usr/share/applications/terminator.desktop', 'ROS_PYTHON_VERSION': '3', 'GNOME_SHELL_SESSION_MODE': 'ubuntu', 'GTK_MODULES': 'gail:atk-bridge', 'MANAGERPID': '3285', 'SYSTEMD_EXEC_PID': '3846', 'GSM_SKIP_SSH_AGENT_WORKAROUND': 'true', 'DBUS_SESSION_BUS_ADDRESS': 'unix:path=/run/user/59016586/bus', 'COLORTERM': 'truecolor', 'TERMINATOR_DBUS_NAME': 'net.tenshu.Terminator23558193cd9818af7fe4d2c2f5bd9d00f', 'GIO_LAUNCHED_DESKTOP_FILE_PID': '9876', 'DEBUGINFOD_URLS': 'https://debuginfod.ubuntu.com', 'ROS_DISTRO': 'jazzy', 'LOGNAME': 'bajdus', 'JOURNAL_STREAM': '9:12286', '_': '/usr/bin/colcon', 'ROS_VERSION': '2', 'MEMORY_PRESSURE_WATCH': '/sys/fs/cgroup/user.slice/user-59016586.slice/user@59016586.service/session.slice/org.gnome.Shell@x11.service/memory.pressure', 'XDG_SESSION_CLASS': 'user', 'USERNAME': 'bajdus', 'TERM': 'xterm-256color', 'GNOME_DESKTOP_SESSION_ID': 'this-is-deprecated', 'WINDOWPATH': '2', 'PATH': '/opt/ros/jazzy/bin:/usr/local/sbin:/usr/local/bin:/usr/sbin:/usr/bin:/sbin:/bin:/usr/games:/usr/local/games:/snap/bin:/snap/bin', 'SESSION_MANAGER': 'local/LC2075-LIN:@/tmp/.ICE-unix/3791,unix/LC2075-LIN:/tmp/.ICE-unix/3791', 'INVOCATION_ID': 'f7d2e5f172f547d6a5a038ef75785c03', 'XDG_MENU_PREFIX': 'gnome-', 'XDG_RUNTIME_DIR': '/run/user/59016586', 'DISPLAY': ':1', 'TERMINATOR_DBUS_PATH': '/net/tenshu/Terminator2', 'LANG': 'en_US.UTF-8', 'XDG_CURRENT_DESKTOP': 'ubuntu:GNOME', 'XMODIFIERS': '@im=ibus', 'XDG_SESSION_DESKTOP': 'ubuntu', 'XAUTHORITY': '/run/user/59016586/gdm/Xauthority', 'LS_COLORS': 'rs=0:di=01;34:ln=01;36:mh=00:pi=40;33:so=01;35:do=01;35:bd=40;33;01:cd=40;33;01:or=40;31;01:mi=00:su=37;41:sg=30;43:ca=00:tw=30;42:ow=34;42:st=37;44:ex=01;32:*.tar=01;31:*.tgz=01;31:*.arc=01;31:*.arj=01;31:*.taz=01;31:*.lha=01;31:*.lz4=01;31:*.lzh=01;31:*.lzma=01;31:*.tlz=01;31:*.txz=01;31:*.tzo=01;31:*.t7z=01;31:*.zip=01;31:*.z=01;31:*.dz=01;31:*.gz=01;31:*.lrz=01;31:*.lz=01;31:*.lzo=01;31:*.xz=01;31:*.zst=01;31:*.tzst=01;31:*.bz2=01;31:*.bz=01;31:*.tbz=01;31:*.tbz2=01;31:*.tz=01;31:*.deb=01;31:*.rpm=01;31:*.jar=01;31:*.war=01;31:*.ear=01;31:*.sar=01;31:*.rar=01;31:*.alz=01;31:*.ace=01;31:*.zoo=01;31:*.cpio=01;31:*.7z=01;31:*.rz=01;31:*.cab=01;31:*.wim=01;31:*.swm=01;31:*.dwm=01;31:*.esd=01;31:*.avif=01;35:*.jpg=01;35:*.jpeg=01;35:*.mjpg=01;35:*.mjpeg=01;35:*.gif=01;35:*.bmp=01;35:*.pbm=01;35:*.pgm=01;35:*.ppm=01;35:*.tga=01;35:*.xbm=01;35:*.xpm=01;35:*.tif=01;35:*.tiff=01;35:*.png=01;35:*.svg=01;35:*.svgz=01;35:*.mng=01;35:*.pcx=01;35:*.mov=01;35:*.mpg=01;35:*.mpeg=01;35:*.m2v=01;35:*.mkv=01;35:*.webm=01;35:*.webp=01;35:*.ogm=01;35:*.mp4=01;35:*.m4v=01;35:*.mp4v=01;35:*.vob=01;35:*.qt=01;35:*.nuv=01;35:*.wmv=01;35:*.asf=01;35:*.rm=01;35:*.rmvb=01;35:*.flc=01;35:*.avi=01;35:*.fli=01;35:*.flv=01;35:*.gl=01;35:*.dl=01;35:*.xcf=01;35:*.xwd=01;35:*.yuv=01;35:*.cgm=01;35:*.emf=01;35:*.ogv=01;35:*.ogx=01;35:*.aac=00;36:*.au=00;36:*.flac=00;36:*.m4a=00;36:*.mid=00;36:*.midi=00;36:*.mka=00;36:*.mp3=00;36:*.mpc=00;36:*.ogg=00;36:*.ra=00;36:*.wav=00;36:*.oga=00;36:*.opus=00;36:*.spx=00;36:*.xspf=00;36:*~=00;90:*#=00;90:*.bak=00;90:*.crdownload=00;90:*.dpkg-dist=00;90:*.dpkg-new=00;90:*.dpkg-old=00;90:*.dpkg-tmp=00;90:*.old=00;90:*.orig=00;90:*.part=00;90:*.rej=00;90:*.rpmnew=00;90:*.rpmorig=00;90:*.rpmsave=00;90:*.swp=00;90:*.tmp=00;90:*.ucf-dist=00;90:*.ucf-new=00;90:*.ucf-old=00;90:', 'SSH_AUTH_SOCK': '/run/user/59016586/keyring/ssh', 'AMENT_PREFIX_PATH': '/home/bajdus/Desktop/complete-velocity-messages/ros_ws/install/motion_capture_tracking_interfaces:/opt/ros/jazzy', 'SHELL': '/bin/bash', 'TERMINATOR_UUID': 'urn:uuid:d8dcc6fc-fd5d-48e5-b95e-beca1d5e4672', 'KRB5CCNAME': 'FILE:/tmp/krb5cc_59016586_mxG3pu', 'QT_ACCESSIBILITY': '1', 'GDMSESSION': 'ubuntu', 'LESSCLOSE': '/usr/bin/lesspipe %s %s', 'GPG_AGENT_INFO': '/run/user/59016586/gnupg/S.gpg-agent:0:1', 'GJS_DEBUG_OUTPUT': 'stderr', 'ROS_AUTOMATIC_DISCOVERY_RANGE': 'SUBNET', 'QT_IM_MODULE': 'ibus', 'PWD': '/home/bajdus/Desktop/complete-velocity-messages/ros_ws/build/motion_capture_tracking', 'LC_ALL': 'en_US.UTF-8', 'XDG_CONFIG_DIRS': '/etc/xdg/xdg-ubuntu:/etc/xdg', 'XDG_DATA_DIRS': '/usr/share/ubuntu:/usr/share/gnome:/usr/local/share/:/usr/share/:/var/lib/snapd/desktop', 'PYTHONPATH': '/home/bajdus/Desktop/complete-velocity-messages/ros_ws/install/motion_capture_tracking_interfaces/lib/python3.12/site-packages:/opt/ros/jazzy/lib/python3.12/site-packages', 'COLCON': '1', 'MEMORY_PRESSURE_WRITE': 'c29tZSAyMDAwMDAgMjAwMDAwMAA=', 'VTE_VERSION': '7600', 'CMAKE_PREFIX_PATH': '/home/bajdus/Desktop/complete-velocity-messages/ros_ws/install/motion_capture_tracking_interfaces:/usr/local:/opt/ros/jazzy/opt/gz_math_vendor:/opt/ros/jazzy/opt/gz_utils_vendor:/opt/ros/jazzy/opt/gz_cmake_vendor:/opt/ros/jazzy'}), 'shell': False}
[26.565332] (-) TimerEvent: {}
[26.566433] (motion_capture_tracking) StdoutLine: {'line': b'-- Install configuration: ""\n'}
[26.566762] (motion_capture_tracking) StdoutLine: {'line': b'-- Execute custom install script\n'}
[26.566989] (motion_capture_tracking) StdoutLine: {'line': b'-- Symlinking: /home/bajdus/Desktop/complete-velocity-messages/ros_ws/install/motion_capture_tracking/lib/motion_capture_tracking/motion_capture_tracking_node\n'}
[26.572673] (motion_capture_tracking) StdoutLine: {'line': b'-- Symlinking: /home/bajdus/Desktop/complete-velocity-messages/ros_ws/install/motion_capture_tracking/lib/motion_capture_tracking/libNatNet.so\n'}
[26.578398] (motion_capture_tracking) StdoutLine: {'line': b'-- Symlinking: /home/bajdus/Desktop/complete-velocity-messages/ros_ws/install/motion_capture_tracking/share/motion_capture_tracking//launch/launch.py\n'}
[26.584976] (motion_capture_tracking) StdoutLine: {'line': b'-- Symlinking: /home/bajdus/Desktop/complete-velocity-messages/ros_ws/install/motion_capture_tracking/share/motion_capture_tracking//launch/node.launch\n'}
[26.591234] (motion_capture_tracking) StdoutLine: {'line': b'-- Symlinking: /home/bajdus/Desktop/complete-velocity-messages/ros_ws/install/motion_capture_tracking/share/motion_capture_tracking//config/cfg.yaml\n'}
[26.598251] (motion_capture_tracking) StdoutLine: {'line': b'-- Symlinking: /home/bajdus/Desktop/complete-velocity-messages/ros_ws/install/motion_capture_tracking/share/motion_capture_tracking//config/rviz.rviz\n'}
[26.604748] (motion_capture_tracking) StdoutLine: {'line': b'-- Symlinking: /home/bajdus/Desktop/complete-velocity-messages/ros_ws/install/motion_capture_tracking/share/ament_index/resource_index/package_run_dependencies/motion_capture_tracking\n'}
[26.611183] (motion_capture_tracking) StdoutLine: {'line': b'-- Symlinking: /home/bajdus/Desktop/complete-velocity-messages/ros_ws/install/motion_capture_tracking/share/ament_index/resource_index/parent_prefix_path/motion_capture_tracking\n'}
[26.616999] (motion_capture_tracking) StdoutLine: {'line': b'-- Symlinking: /home/bajdus/Desktop/complete-velocity-messages/ros_ws/install/motion_capture_tracking/share/motion_capture_tracking/environment/ament_prefix_path.sh\n'}
[26.622188] (motion_capture_tracking) StdoutLine: {'line': b'-- Symlinking: /home/bajdus/Desktop/complete-velocity-messages/ros_ws/install/motion_capture_tracking/share/motion_capture_tracking/environment/ament_prefix_path.dsv\n'}
[26.628861] (motion_capture_tracking) StdoutLine: {'line': b'-- Symlinking: /home/bajdus/Desktop/complete-velocity-messages/ros_ws/install/motion_capture_tracking/share/motion_capture_tracking/environment/path.sh\n'}
[26.634363] (motion_capture_tracking) StdoutLine: {'line': b'-- Symlinking: /home/bajdus/Desktop/complete-velocity-messages/ros_ws/install/motion_capture_tracking/share/motion_capture_tracking/environment/path.dsv\n'}
[26.640224] (motion_capture_tracking) StdoutLine: {'line': b'-- Symlinking: /home/bajdus/Desktop/complete-velocity-messages/ros_ws/install/motion_capture_tracking/share/motion_capture_tracking/local_setup.bash\n'}
[26.645816] (motion_capture_tracking) StdoutLine: {'line': b'-- Symlinking: /home/bajdus/Desktop/complete-velocity-messages/ros_ws/install/motion_capture_tracking/share/motion_capture_tracking/local_setup.sh\n'}
[26.653417] (motion_capture_tracking) StdoutLine: {'line': b'-- Symlinking: /home/bajdus/Desktop/complete-velocity-messages/ros_ws/install/motion_capture_tracking/share/motion_capture_tracking/local_setup.zsh\n'}
[26.659454] (motion_capture_tracking) StdoutLine: {'line': b'-- Symlinking: /home/bajdus/Desktop/complete-velocity-messages/ros_ws/install/motion_capture_tracking/share/motion_capture_tracking/local_setup.dsv\n'}
[26.664728] (motion_capture_tracking) StdoutLine: {'line': b'-- Symlinking: /home/bajdus/Desktop/complete-velocity-messages/ros_ws/install/motion_capture_tracking/share/motion_capture_tracking/package.dsv\n'}
[26.665400] (-) TimerEvent: {}
[26.671104] (motion_capture_tracking) StdoutLine: {'line': b'-- Symlinking: /home/bajdus/Desktop/complete-velocity-messages/ros_ws/install/motion_capture_tracking/share/ament_index/resource_index/packages/motion_capture_tracking\n'}
[26.678285] (motion_capture_tracking) StdoutLine: {'line': b'-- Symlinking: /home/bajdus/Desktop/complete-velocity-messages/ros_ws/install/motion_capture_tracking/share/motion_capture_tracking/cmake/motion_capture_trackingConfig.cmake\n'}
[26.683371] (motion_capture_tracking) StdoutLine: {'line': b'-- Symlinking: /home/bajdus/Desktop/complete-velocity-messages/ros_ws/install/motion_capture_tracking/share/motion_capture_tracking/cmake/motion_capture_trackingConfig-version.cmake\n'}
[26.689296] (motion_capture_tracking) StdoutLine: {'line': b'-- Symlinking: /home/bajdus/Desktop/complete-velocity-messages/ros_ws/install/motion_capture_tracking/share/motion_capture_tracking/package.xml\n'}
[26.696738] (motion_capture_tracking) CommandEnded: {'returncode': 0}
[26.703887] (motion_capture_tracking) JobEnded: {'identifier': 'motion_capture_tracking', 'rc': 0}
[26.705191] (-) EventReactorShutdown: {}
