[0.000000] (-) TimerEvent: {}
[0.000171] (motion_capture_tracking_interfaces) JobQueued: {'identifier': 'motion_capture_tracking_interfaces', 'dependencies': OrderedDict()}
[0.000208] (crazyflie_control) JobQueued: {'identifier': 'crazyflie_control', 'dependencies': OrderedDict({'motion_capture_tracking_interfaces': '/home/bajdus/Desktop/complete-velocity-messages/install/motion_capture_tracking_interfaces'})}
[0.000226] (motion_capture_tracking) JobQueued: {'identifier': 'motion_capture_tracking', 'dependencies': OrderedDict({'motion_capture_tracking_interfaces': '/home/bajdus/Desktop/complete-velocity-messages/install/motion_capture_tracking_interfaces'})}
[0.000239] (motion_capture_tracking_interfaces) JobStarted: {'identifier': 'motion_capture_tracking_interfaces'}
[0.005609] (motion_capture_tracking_interfaces) JobProgress: {'identifier': 'motion_capture_tracking_interfaces', 'progress': 'cmake'}
[0.005853] (motion_capture_tracking_interfaces) Command: {'cmd': ['/usr/bin/cmake', '/home/bajdus/Desktop/complete-velocity-messages/ros_ws/src/motion_capture_tracking/motion_capture_tracking_interfaces', '-DAMENT_CMAKE_SYMLINK_INSTALL=1', '-DCMAKE_INSTALL_PREFIX=/home/bajdus/Desktop/complete-velocity-messages/install/motion_capture_tracking_interfaces'], 'cwd': '/home/bajdus/Desktop/complete-velocity-messages/build/motion_capture_tracking_interfaces', 'env': OrderedDict({'GJS_DEBUG_TOPICS': 'JS ERROR;JS LOG', 'XDG_ACTIVATION_TOKEN': 'gnome-shell/Terminator/3846-7-LC2075-LIN_TIME268001038', 'LESSOPEN': '| /usr/bin/lesspipe %s', 'USER': 'bajdus', 'XDG_SESSION_TYPE': 'x11', 'SHLVL': '1', 'LD_LIBRARY_PATH': '/usr/local/lib:/opt/ros/jazzy/opt/rviz_ogre_vendor/lib:/opt/ros/jazzy/lib/x86_64-linux-gnu:/opt/ros/jazzy/opt/gz_math_vendor/lib:/opt/ros/jazzy/opt/gz_utils_vendor/lib:/opt/ros/jazzy/opt/gz_cmake_vendor/lib:/opt/ros/jazzy/lib', 'HOME': '/home/bajdus', 'OLDPWD': '/home/bajdus', 'DESKTOP_SESSION': 'ubuntu', 'GIO_LAUNCHED_DESKTOP_FILE': '/usr/share/applications/terminator.desktop', 'ROS_PYTHON_VERSION': '3', 'GNOME_SHELL_SESSION_MODE': 'ubuntu', 'GTK_MODULES': 'gail:atk-bridge', 'MANAGERPID': '3285', 'SYSTEMD_EXEC_PID': '3846', 'GSM_SKIP_SSH_AGENT_WORKAROUND': 'true', 'DBUS_SESSION_BUS_ADDRESS': 'unix:path=/run/user/59016586/bus', 'COLORTERM': 'truecolor', 'TERMINATOR_DBUS_NAME': 'net.tenshu.Terminator23558193cd9818af7fe4d2c2f5bd9d00f', 'GIO_LAUNCHED_DESKTOP_FILE_PID': '230765', 'DEBUGINFOD_URLS': 'https://debuginfod.ubuntu.com', 'ROS_DISTRO': 'jazzy', 'LOGNAME': 'bajdus', 'JOURNAL_STREAM': '9:12286', '_': '/usr/bin/colcon', 'ROS_VERSION': '2', 'MEMORY_PRESSURE_WATCH': '/sys/fs/cgroup/user.slice/user-59016586.slice/user@59016586.service/session.slice/org.gnome.Shell@x11.service/memory.pressure', 'XDG_SESSION_CLASS': 'user', 'USERNAME': 'bajdus', 'TERM': 'xterm-256color', 'GNOME_DESKTOP_SESSION_ID': 'this-is-deprecated', 'WINDOWPATH': '2', 'PATH': '/opt/ros/jazzy/bin:/usr/local/sbin:/usr/local/bin:/usr/sbin:/usr/bin:/sbin:/bin:/usr/games:/usr/local/games:/snap/bin:/snap/bin', 'SESSION_MANAGER': 'local/LC2075-LIN:@/tmp/.ICE-unix/3791,unix/LC2075-LIN:/tmp/.ICE-unix/3791', 'INVOCATION_ID': 'f7d2e5f172f547d6a5a038ef75785c03', 'XDG_MENU_PREFIX': 'gnome-', 'XDG_RUNTIME_DIR': '/run/user/59016586', 'DISPLAY': ':1', 'TERMINATOR_DBUS_PATH': '/net/tenshu/Terminator2', 'LANG': 'en_US.UTF-8', 'XDG_CURRENT_DESKTOP': 'ubuntu:GNOME', 'XMODIFIERS': '@im=ibus', 'XDG_SESSION_DESKTOP': 'ubuntu', 'XAUTHORITY': '/run/user/59016586/gdm/Xauthority', 'LS_COLORS': 'rs=0:di=01;34:ln=01;36:mh=00:pi=40;33:so=01;35:do=01;35:bd=40;33;01:cd=40;33;01:or=40;31;01:mi=00:su=37;41:sg=30;43:ca=00:tw=30;42:ow=34;42:st=37;44:ex=01;32:*.tar=01;31:*.tgz=01;31:*.arc=01;31:*.arj=01;31:*.taz=01;31:*.lha=01;31:*.lz4=01;31:*.lzh=01;31:*.lzma=01;31:*.tlz=01;31:*.txz=01;31:*.tzo=01;31:*.t7z=01;31:*.zip=01;31:*.z=01;31:*.dz=01;31:*.gz=01;31:*.lrz=01;31:*.lz=01;31:*.lzo=01;31:*.xz=01;31:*.zst=01;31:*.tzst=01;31:*.bz2=01;31:*.bz=01;31:*.tbz=01;31:*.tbz2=01;31:*.tz=01;31:*.deb=01;31:*.rpm=01;31:*.jar=01;31:*.war=01;31:*.ear=01;31:*.sar=01;31:*.rar=01;31:*.alz=01;31:*.ace=01;31:*.zoo=01;31:*.cpio=01;31:*.7z=01;31:*.rz=01;31:*.cab=01;31:*.wim=01;31:*.swm=01;31:*.dwm=01;31:*.esd=01;31:*.avif=01;35:*.jpg=01;35:*.jpeg=01;35:*.mjpg=01;35:*.mjpeg=01;35:*.gif=01;35:*.bmp=01;35:*.pbm=01;35:*.pgm=01;35:*.ppm=01;35:*.tga=01;35:*.xbm=01;35:*.xpm=01;35:*.tif=01;35:*.tiff=01;35:*.png=01;35:*.svg=01;35:*.svgz=01;35:*.mng=01;35:*.pcx=01;35:*.mov=01;35:*.mpg=01;35:*.mpeg=01;35:*.m2v=01;35:*.mkv=01;35:*.webm=01;35:*.webp=01;35:*.ogm=01;35:*.mp4=01;35:*.m4v=01;35:*.mp4v=01;35:*.vob=01;35:*.qt=01;35:*.nuv=01;35:*.wmv=01;35:*.asf=01;35:*.rm=01;35:*.rmvb=01;35:*.flc=01;35:*.avi=01;35:*.fli=01;35:*.flv=01;35:*.gl=01;35:*.dl=01;35:*.xcf=01;35:*.xwd=01;35:*.yuv=01;35:*.cgm=01;35:*.emf=01;35:*.ogv=01;35:*.ogx=01;35:*.aac=00;36:*.au=00;36:*.flac=00;36:*.m4a=00;36:*.mid=00;36:*.midi=00;36:*.mka=00;36:*.mp3=00;36:*.mpc=00;36:*.ogg=00;36:*.ra=00;36:*.wav=00;36:*.oga=00;36:*.opus=00;36:*.spx=00;36:*.xspf=00;36:*~=00;90:*#=00;90:*.bak=00;90:*.crdownload=00;90:*.dpkg-dist=00;90:*.dpkg-new=00;90:*.dpkg-old=00;90:*.dpkg-tmp=00;90:*.old=00;90:*.orig=00;90:*.part=00;90:*.rej=00;90:*.rpmnew=00;90:*.rpmorig=00;90:*.rpmsave=00;90:*.swp=00;90:*.tmp=00;90:*.ucf-dist=00;90:*.ucf-new=00;90:*.ucf-old=00;90:', 'SSH_AUTH_SOCK': '/run/user/59016586/keyring/ssh', 'AMENT_PREFIX_PATH': '/opt/ros/jazzy', 'SHELL': '/bin/bash', 'TERMINATOR_UUID': 'urn:uuid:7cab34ee-6329-4ac2-b930-08f00f6a5ec6', 'KRB5CCNAME': 'FILE:/tmp/krb5cc_59016586_mxG3pu', 'QT_ACCESSIBILITY': '1', 'GDMSESSION': 'ubuntu', 'LESSCLOSE': '/usr/bin/lesspipe %s %s', 'GPG_AGENT_INFO': '/run/user/59016586/gnupg/S.gpg-agent:0:1', 'GJS_DEBUG_OUTPUT': 'stderr', 'ROS_AUTOMATIC_DISCOVERY_RANGE': 'SUBNET', 'QT_IM_MODULE': 'ibus', 'PWD': '/home/bajdus/Desktop/complete-velocity-messages/build/motion_capture_tracking_interfaces', 'LC_ALL': 'en_US.UTF-8', 'XDG_CONFIG_DIRS': '/etc/xdg/xdg-ubuntu:/etc/xdg', 'XDG_DATA_DIRS': '/usr/share/ubuntu:/usr/share/gnome:/usr/local/share/:/usr/share/:/var/lib/snapd/desktop', 'PYTHONPATH': '/opt/ros/jazzy/lib/python3.12/site-packages', 'COLCON': '1', 'MEMORY_PRESSURE_WRITE': 'c29tZSAyMDAwMDAgMjAwMDAwMAA=', 'VTE_VERSION': '7600', 'CMAKE_PREFIX_PATH': '/usr/local:/opt/ros/jazzy/opt/gz_math_vendor:/opt/ros/jazzy/opt/gz_utils_vendor:/opt/ros/jazzy/opt/gz_cmake_vendor:/opt/ros/jazzy'}), 'shell': False}
[0.087478] (motion_capture_tracking_interfaces) StdoutLine: {'line': b'-- The C compiler identification is GNU 13.3.0\n'}
[0.099479] (-) TimerEvent: {}
[0.149921] (motion_capture_tracking_interfaces) StdoutLine: {'line': b'-- The CXX compiler identification is GNU 13.3.0\n'}
[0.164633] (motion_capture_tracking_interfaces) StdoutLine: {'line': b'-- Detecting C compiler ABI info\n'}
[0.199589] (-) TimerEvent: {}
[0.236222] (motion_capture_tracking_interfaces) StdoutLine: {'line': b'-- Detecting C compiler ABI info - done\n'}
[0.241726] (motion_capture_tracking_interfaces) StdoutLine: {'line': b'-- Check for working C compiler: /usr/bin/cc - skipped\n'}
[0.241960] (motion_capture_tracking_interfaces) StdoutLine: {'line': b'-- Detecting C compile features\n'}
[0.242315] (motion_capture_tracking_interfaces) StdoutLine: {'line': b'-- Detecting C compile features - done\n'}
[0.250840] (motion_capture_tracking_interfaces) StdoutLine: {'line': b'-- Detecting CXX compiler ABI info\n'}
[0.299721] (-) TimerEvent: {}
[0.326716] (motion_capture_tracking_interfaces) StdoutLine: {'line': b'-- Detecting CXX compiler ABI info - done\n'}
[0.332370] (motion_capture_tracking_interfaces) StdoutLine: {'line': b'-- Check for working CXX compiler: /usr/bin/c++ - skipped\n'}
[0.332539] (motion_capture_tracking_interfaces) StdoutLine: {'line': b'-- Detecting CXX compile features\n'}
[0.332834] (motion_capture_tracking_interfaces) StdoutLine: {'line': b'-- Detecting CXX compile features - done\n'}
[0.337426] (motion_capture_tracking_interfaces) StdoutLine: {'line': b'-- Found ament_cmake: 2.5.3 (/opt/ros/jazzy/share/ament_cmake/cmake)\n'}
[0.399833] (-) TimerEvent: {}
[0.441128] (motion_capture_tracking_interfaces) StdoutLine: {'line': b'-- Found Python3: /usr/bin/python3 (found version "3.12.3") found components: Interpreter \n'}
[0.494495] (motion_capture_tracking_interfaces) StdoutLine: {'line': b'-- Override CMake install command with custom implementation using symlinks instead of copying resources\n'}
[0.500019] (-) TimerEvent: {}
[0.518486] (motion_capture_tracking_interfaces) StdoutLine: {'line': b'-- Found builtin_interfaces: 2.0.2 (/opt/ros/jazzy/share/builtin_interfaces/cmake)\n'}
[0.547344] (motion_capture_tracking_interfaces) StdoutLine: {'line': b'-- Found rosidl_generator_c: 4.6.5 (/opt/ros/jazzy/share/rosidl_generator_c/cmake)\n'}
[0.556861] (motion_capture_tracking_interfaces) StdoutLine: {'line': b'-- Found rosidl_generator_cpp: 4.6.5 (/opt/ros/jazzy/share/rosidl_generator_cpp/cmake)\n'}
[0.570168] (motion_capture_tracking_interfaces) StdoutLine: {'line': b'-- Using all available rosidl_typesupport_c: rosidl_typesupport_fastrtps_c;rosidl_typesupport_introspection_c\n'}
[0.584115] (motion_capture_tracking_interfaces) StdoutLine: {'line': b'-- Using all available rosidl_typesupport_cpp: rosidl_typesupport_fastrtps_cpp;rosidl_typesupport_introspection_cpp\n'}
[0.594813] (motion_capture_tracking_interfaces) StdoutLine: {'line': b'-- Found geometry_msgs: 5.3.5 (/opt/ros/jazzy/share/geometry_msgs/cmake)\n'}
[0.600119] (-) TimerEvent: {}
[0.620017] (motion_capture_tracking_interfaces) StdoutLine: {'line': b'-- Found rosidl_default_generators: 1.6.0 (/opt/ros/jazzy/share/rosidl_default_generators/cmake)\n'}
[0.629329] (motion_capture_tracking_interfaces) StdoutLine: {'line': b'-- Found rosidl_adapter: 4.6.5 (/opt/ros/jazzy/share/rosidl_adapter/cmake)\n'}
[0.700277] (-) TimerEvent: {}
[0.800552] (-) TimerEvent: {}
[0.900884] (-) TimerEvent: {}
[1.001161] (-) TimerEvent: {}
[1.071402] (motion_capture_tracking_interfaces) StdoutLine: {'line': b'-- Found ament_cmake_cppcheck: 0.17.1 (/opt/ros/jazzy/share/ament_cmake_cppcheck/cmake)\n'}
[1.073174] (motion_capture_tracking_interfaces) StdoutLine: {'line': b'-- Found ament_cmake_cpplint: 0.17.1 (/opt/ros/jazzy/share/ament_cmake_cpplint/cmake)\n'}
[1.075118] (motion_capture_tracking_interfaces) StdoutLine: {'line': b'-- Found ament_cmake_uncrustify: 0.17.1 (/opt/ros/jazzy/share/ament_cmake_uncrustify/cmake)\n'}
[1.077106] (motion_capture_tracking_interfaces) StdoutLine: {'line': b'-- Found ament_cmake_ros: 0.12.0 (/opt/ros/jazzy/share/ament_cmake_ros/cmake)\n'}
[1.101239] (-) TimerEvent: {}
[1.201456] (-) TimerEvent: {}
[1.301660] (-) TimerEvent: {}
[1.401862] (-) TimerEvent: {}
[1.502074] (-) TimerEvent: {}
[1.602252] (-) TimerEvent: {}
[1.690271] (motion_capture_tracking_interfaces) StdoutLine: {'line': b'-- Using all available rosidl_typesupport_c: rosidl_typesupport_fastrtps_c;rosidl_typesupport_introspection_c\n'}
[1.702316] (-) TimerEvent: {}
[1.802466] (-) TimerEvent: {}
[1.902675] (-) TimerEvent: {}
[1.936685] (motion_capture_tracking_interfaces) StdoutLine: {'line': b'-- Using all available rosidl_typesupport_cpp: rosidl_typesupport_fastrtps_cpp;rosidl_typesupport_introspection_cpp\n'}
[1.948169] (motion_capture_tracking_interfaces) StdoutLine: {'line': b'-- Found python_cmake_module: 0.11.1 (/opt/ros/jazzy/share/python_cmake_module/cmake)\n'}
[2.002792] (-) TimerEvent: {}
[2.047505] (motion_capture_tracking_interfaces) StdoutLine: {'line': b'-- Found PythonExtra: /usr/bin/python3  \n'}
[2.102900] (-) TimerEvent: {}
[2.203188] (-) TimerEvent: {}
[2.303373] (-) TimerEvent: {}
[2.403755] (-) TimerEvent: {}
[2.412013] (motion_capture_tracking_interfaces) StdoutLine: {'line': b'-- Found Python3: /usr/bin/python3 (found version "3.12.3") found components: Interpreter Development NumPy Development.Module Development.Embed \n'}
[2.454938] (motion_capture_tracking_interfaces) StdoutLine: {'line': b'-- Found ament_cmake_flake8: 0.17.1 (/opt/ros/jazzy/share/ament_cmake_flake8/cmake)\n'}
[2.456746] (motion_capture_tracking_interfaces) StdoutLine: {'line': b'-- Found ament_cmake_pep257: 0.17.1 (/opt/ros/jazzy/share/ament_cmake_pep257/cmake)\n'}
[2.466356] (motion_capture_tracking_interfaces) StdoutLine: {'line': b'-- Configuring done (2.4s)\n'}
[2.497344] (motion_capture_tracking_interfaces) StdoutLine: {'line': b'-- Generating done (0.0s)\n'}
[2.503872] (-) TimerEvent: {}
[2.505159] (motion_capture_tracking_interfaces) StdoutLine: {'line': b'-- Build files have been written to: /home/bajdus/Desktop/complete-velocity-messages/build/motion_capture_tracking_interfaces\n'}
[2.511887] (motion_capture_tracking_interfaces) CommandEnded: {'returncode': 0}
[2.512343] (motion_capture_tracking_interfaces) JobProgress: {'identifier': 'motion_capture_tracking_interfaces', 'progress': 'build'}
[2.512811] (motion_capture_tracking_interfaces) Command: {'cmd': ['/usr/bin/cmake', '--build', '/home/bajdus/Desktop/complete-velocity-messages/build/motion_capture_tracking_interfaces', '--', '-j20', '-l20'], 'cwd': '/home/bajdus/Desktop/complete-velocity-messages/build/motion_capture_tracking_interfaces', 'env': OrderedDict({'GJS_DEBUG_TOPICS': 'JS ERROR;JS LOG', 'XDG_ACTIVATION_TOKEN': 'gnome-shell/Terminator/3846-7-LC2075-LIN_TIME268001038', 'LESSOPEN': '| /usr/bin/lesspipe %s', 'USER': 'bajdus', 'XDG_SESSION_TYPE': 'x11', 'SHLVL': '1', 'LD_LIBRARY_PATH': '/usr/local/lib:/opt/ros/jazzy/opt/rviz_ogre_vendor/lib:/opt/ros/jazzy/lib/x86_64-linux-gnu:/opt/ros/jazzy/opt/gz_math_vendor/lib:/opt/ros/jazzy/opt/gz_utils_vendor/lib:/opt/ros/jazzy/opt/gz_cmake_vendor/lib:/opt/ros/jazzy/lib', 'HOME': '/home/bajdus', 'OLDPWD': '/home/bajdus', 'DESKTOP_SESSION': 'ubuntu', 'GIO_LAUNCHED_DESKTOP_FILE': '/usr/share/applications/terminator.desktop', 'ROS_PYTHON_VERSION': '3', 'GNOME_SHELL_SESSION_MODE': 'ubuntu', 'GTK_MODULES': 'gail:atk-bridge', 'MANAGERPID': '3285', 'SYSTEMD_EXEC_PID': '3846', 'GSM_SKIP_SSH_AGENT_WORKAROUND': 'true', 'DBUS_SESSION_BUS_ADDRESS': 'unix:path=/run/user/59016586/bus', 'COLORTERM': 'truecolor', 'TERMINATOR_DBUS_NAME': 'net.tenshu.Terminator23558193cd9818af7fe4d2c2f5bd9d00f', 'GIO_LAUNCHED_DESKTOP_FILE_PID': '230765', 'DEBUGINFOD_URLS': 'https://debuginfod.ubuntu.com', 'ROS_DISTRO': 'jazzy', 'LOGNAME': 'bajdus', 'JOURNAL_STREAM': '9:12286', '_': '/usr/bin/colcon', 'ROS_VERSION': '2', 'MEMORY_PRESSURE_WATCH': '/sys/fs/cgroup/user.slice/user-59016586.slice/user@59016586.service/session.slice/org.gnome.Shell@x11.service/memory.pressure', 'XDG_SESSION_CLASS': 'user', 'USERNAME': 'bajdus', 'TERM': 'xterm-256color', 'GNOME_DESKTOP_SESSION_ID': 'this-is-deprecated', 'WINDOWPATH': '2', 'PATH': '/opt/ros/jazzy/bin:/usr/local/sbin:/usr/local/bin:/usr/sbin:/usr/bin:/sbin:/bin:/usr/games:/usr/local/games:/snap/bin:/snap/bin', 'SESSION_MANAGER': 'local/LC2075-LIN:@/tmp/.ICE-unix/3791,unix/LC2075-LIN:/tmp/.ICE-unix/3791', 'INVOCATION_ID': 'f7d2e5f172f547d6a5a038ef75785c03', 'XDG_MENU_PREFIX': 'gnome-', 'XDG_RUNTIME_DIR': '/run/user/59016586', 'DISPLAY': ':1', 'TERMINATOR_DBUS_PATH': '/net/tenshu/Terminator2', 'LANG': 'en_US.UTF-8', 'XDG_CURRENT_DESKTOP': 'ubuntu:GNOME', 'XMODIFIERS': '@im=ibus', 'XDG_SESSION_DESKTOP': 'ubuntu', 'XAUTHORITY': '/run/user/59016586/gdm/Xauthority', 'LS_COLORS': 'rs=0:di=01;34:ln=01;36:mh=00:pi=40;33:so=01;35:do=01;35:bd=40;33;01:cd=40;33;01:or=40;31;01:mi=00:su=37;41:sg=30;43:ca=00:tw=30;42:ow=34;42:st=37;44:ex=01;32:*.tar=01;31:*.tgz=01;31:*.arc=01;31:*.arj=01;31:*.taz=01;31:*.lha=01;31:*.lz4=01;31:*.lzh=01;31:*.lzma=01;31:*.tlz=01;31:*.txz=01;31:*.tzo=01;31:*.t7z=01;31:*.zip=01;31:*.z=01;31:*.dz=01;31:*.gz=01;31:*.lrz=01;31:*.lz=01;31:*.lzo=01;31:*.xz=01;31:*.zst=01;31:*.tzst=01;31:*.bz2=01;31:*.bz=01;31:*.tbz=01;31:*.tbz2=01;31:*.tz=01;31:*.deb=01;31:*.rpm=01;31:*.jar=01;31:*.war=01;31:*.ear=01;31:*.sar=01;31:*.rar=01;31:*.alz=01;31:*.ace=01;31:*.zoo=01;31:*.cpio=01;31:*.7z=01;31:*.rz=01;31:*.cab=01;31:*.wim=01;31:*.swm=01;31:*.dwm=01;31:*.esd=01;31:*.avif=01;35:*.jpg=01;35:*.jpeg=01;35:*.mjpg=01;35:*.mjpeg=01;35:*.gif=01;35:*.bmp=01;35:*.pbm=01;35:*.pgm=01;35:*.ppm=01;35:*.tga=01;35:*.xbm=01;35:*.xpm=01;35:*.tif=01;35:*.tiff=01;35:*.png=01;35:*.svg=01;35:*.svgz=01;35:*.mng=01;35:*.pcx=01;35:*.mov=01;35:*.mpg=01;35:*.mpeg=01;35:*.m2v=01;35:*.mkv=01;35:*.webm=01;35:*.webp=01;35:*.ogm=01;35:*.mp4=01;35:*.m4v=01;35:*.mp4v=01;35:*.vob=01;35:*.qt=01;35:*.nuv=01;35:*.wmv=01;35:*.asf=01;35:*.rm=01;35:*.rmvb=01;35:*.flc=01;35:*.avi=01;35:*.fli=01;35:*.flv=01;35:*.gl=01;35:*.dl=01;35:*.xcf=01;35:*.xwd=01;35:*.yuv=01;35:*.cgm=01;35:*.emf=01;35:*.ogv=01;35:*.ogx=01;35:*.aac=00;36:*.au=00;36:*.flac=00;36:*.m4a=00;36:*.mid=00;36:*.midi=00;36:*.mka=00;36:*.mp3=00;36:*.mpc=00;36:*.ogg=00;36:*.ra=00;36:*.wav=00;36:*.oga=00;36:*.opus=00;36:*.spx=00;36:*.xspf=00;36:*~=00;90:*#=00;90:*.bak=00;90:*.crdownload=00;90:*.dpkg-dist=00;90:*.dpkg-new=00;90:*.dpkg-old=00;90:*.dpkg-tmp=00;90:*.old=00;90:*.orig=00;90:*.part=00;90:*.rej=00;90:*.rpmnew=00;90:*.rpmorig=00;90:*.rpmsave=00;90:*.swp=00;90:*.tmp=00;90:*.ucf-dist=00;90:*.ucf-new=00;90:*.ucf-old=00;90:', 'SSH_AUTH_SOCK': '/run/user/59016586/keyring/ssh', 'AMENT_PREFIX_PATH': '/opt/ros/jazzy', 'SHELL': '/bin/bash', 'TERMINATOR_UUID': 'urn:uuid:7cab34ee-6329-4ac2-b930-08f00f6a5ec6', 'KRB5CCNAME': 'FILE:/tmp/krb5cc_59016586_mxG3pu', 'QT_ACCESSIBILITY': '1', 'GDMSESSION': 'ubuntu', 'LESSCLOSE': '/usr/bin/lesspipe %s %s', 'GPG_AGENT_INFO': '/run/user/59016586/gnupg/S.gpg-agent:0:1', 'GJS_DEBUG_OUTPUT': 'stderr', 'ROS_AUTOMATIC_DISCOVERY_RANGE': 'SUBNET', 'QT_IM_MODULE': 'ibus', 'PWD': '/home/bajdus/Desktop/complete-velocity-messages/build/motion_capture_tracking_interfaces', 'LC_ALL': 'en_US.UTF-8', 'XDG_CONFIG_DIRS': '/etc/xdg/xdg-ubuntu:/etc/xdg', 'XDG_DATA_DIRS': '/usr/share/ubuntu:/usr/share/gnome:/usr/local/share/:/usr/share/:/var/lib/snapd/desktop', 'PYTHONPATH': '/opt/ros/jazzy/lib/python3.12/site-packages', 'COLCON': '1', 'MEMORY_PRESSURE_WRITE': 'c29tZSAyMDAwMDAgMjAwMDAwMAA=', 'VTE_VERSION': '7600', 'CMAKE_PREFIX_PATH': '/usr/local:/opt/ros/jazzy/opt/gz_math_vendor:/opt/ros/jazzy/opt/gz_utils_vendor:/opt/ros/jazzy/opt/gz_cmake_vendor:/opt/ros/jazzy'}), 'shell': False}
[2.557155] (motion_capture_tracking_interfaces) StdoutLine: {'line': b'[  1%] \x1b[34m\x1b[1mGenerating type hashes for ROS interfaces\x1b[0m\n'}
[2.563677] (motion_capture_tracking_interfaces) StdoutLine: {'line': b'[  1%] Built target ament_cmake_python_symlink_motion_capture_tracking_interfaces\n'}
[2.604069] (-) TimerEvent: {}
[2.693887] (motion_capture_tracking_interfaces) StdoutLine: {'line': b'[  1%] Built target motion_capture_tracking_interfaces__rosidl_generator_type_description\n'}
[2.694546] (motion_capture_tracking_interfaces) StdoutLine: {'line': b'running egg_info\n'}
[2.695201] (motion_capture_tracking_interfaces) StdoutLine: {'line': b'creating motion_capture_tracking_interfaces.egg-info\n'}
[2.701995] (motion_capture_tracking_interfaces) StdoutLine: {'line': b'[  3%] \x1b[34m\x1b[1mGenerating C code for ROS interfaces\x1b[0m\n'}
[2.704155] (-) TimerEvent: {}
[2.706647] (motion_capture_tracking_interfaces) StdoutLine: {'line': b'writing motion_capture_tracking_interfaces.egg-info/PKG-INFO\n'}
[2.706878] (motion_capture_tracking_interfaces) StdoutLine: {'line': b'writing dependency_links to motion_capture_tracking_interfaces.egg-info/dependency_links.txt\n'}
[2.707016] (motion_capture_tracking_interfaces) StdoutLine: {'line': b'writing top-level names to motion_capture_tracking_interfaces.egg-info/top_level.txt\n'}
[2.707123] (motion_capture_tracking_interfaces) StdoutLine: {'line': b"writing manifest file 'motion_capture_tracking_interfaces.egg-info/SOURCES.txt'\n"}
[2.711304] (motion_capture_tracking_interfaces) StdoutLine: {'line': b'[  4%] \x1b[34m\x1b[1mGenerating C++ code for ROS interfaces\x1b[0m\n'}
[2.740261] (motion_capture_tracking_interfaces) StdoutLine: {'line': b"reading manifest file 'motion_capture_tracking_interfaces.egg-info/SOURCES.txt'\n"}
[2.740594] (motion_capture_tracking_interfaces) StdoutLine: {'line': b"writing manifest file 'motion_capture_tracking_interfaces.egg-info/SOURCES.txt'\n"}
[2.759349] (motion_capture_tracking_interfaces) StdoutLine: {'line': b'[  4%] Built target ament_cmake_python_build_motion_capture_tracking_interfaces_egg\n'}
[2.804236] (-) TimerEvent: {}
[2.904479] (-) TimerEvent: {}
[2.905072] (motion_capture_tracking_interfaces) StdoutLine: {'line': b'[  4%] Built target motion_capture_tracking_interfaces__cpp\n'}
[2.942046] (motion_capture_tracking_interfaces) StdoutLine: {'line': b'[  9%] \x1b[32mBuilding C object CMakeFiles/motion_capture_tracking_interfaces__rosidl_generator_c.dir/rosidl_generator_c/motion_capture_tracking_interfaces/msg/detail/named_pose_array__functions.c.o\x1b[0m\n'}
[2.943017] (motion_capture_tracking_interfaces) StdoutLine: {'line': b'[ 10%] \x1b[32mBuilding C object CMakeFiles/motion_capture_tracking_interfaces__rosidl_generator_c.dir/rosidl_generator_c/motion_capture_tracking_interfaces/msg/detail/target_position__description.c.o\x1b[0m\n'}
[2.943175] (motion_capture_tracking_interfaces) StdoutLine: {'line': b'[  9%] \x1b[32mBuilding C object CMakeFiles/motion_capture_tracking_interfaces__rosidl_generator_c.dir/rosidl_generator_c/motion_capture_tracking_interfaces/msg/detail/named_pose_array__description.c.o\x1b[0m\n'}
[2.943231] (motion_capture_tracking_interfaces) StdoutLine: {'line': b'[  9%] \x1b[32mBuilding C object CMakeFiles/motion_capture_tracking_interfaces__rosidl_generator_c.dir/rosidl_generator_c/motion_capture_tracking_interfaces/msg/detail/named_pose__functions.c.o\x1b[0m\n'}
[2.943371] (motion_capture_tracking_interfaces) StdoutLine: {'line': b'[ 12%] \x1b[32mBuilding C object CMakeFiles/motion_capture_tracking_interfaces__rosidl_generator_c.dir/rosidl_generator_c/motion_capture_tracking_interfaces/msg/detail/target_position__type_support.c.o\x1b[0m\n'}
[2.943493] (motion_capture_tracking_interfaces) StdoutLine: {'line': b'[ 14%] \x1b[32mBuilding C object CMakeFiles/motion_capture_tracking_interfaces__rosidl_generator_c.dir/rosidl_generator_c/motion_capture_tracking_interfaces/msg/detail/named_pose__description.c.o\x1b[0m\n'}
[2.944090] (motion_capture_tracking_interfaces) StdoutLine: {'line': b'[ 17%] \x1b[32mBuilding C object CMakeFiles/motion_capture_tracking_interfaces__rosidl_generator_c.dir/rosidl_generator_c/motion_capture_tracking_interfaces/msg/detail/named_pose__type_support.c.o\x1b[0m\n'}
[2.944234] (motion_capture_tracking_interfaces) StdoutLine: {'line': b'[ 17%] \x1b[32mBuilding C object CMakeFiles/motion_capture_tracking_interfaces__rosidl_generator_c.dir/rosidl_generator_c/motion_capture_tracking_interfaces/msg/detail/named_pose_array__type_support.c.o\x1b[0m\n'}
[2.944704] (motion_capture_tracking_interfaces) StdoutLine: {'line': b'[ 18%] \x1b[32mBuilding C object CMakeFiles/motion_capture_tracking_interfaces__rosidl_generator_c.dir/rosidl_generator_c/motion_capture_tracking_interfaces/msg/detail/target_position__functions.c.o\x1b[0m\n'}
[2.945135] (motion_capture_tracking_interfaces) StdoutLine: {'line': b'[ 20%] \x1b[32mBuilding C object CMakeFiles/motion_capture_tracking_interfaces__rosidl_generator_c.dir/rosidl_generator_c/motion_capture_tracking_interfaces/msg/detail/target_position_array__description.c.o\x1b[0m\n'}
[2.945840] (motion_capture_tracking_interfaces) StdoutLine: {'line': b'[ 21%] \x1b[32mBuilding C object CMakeFiles/motion_capture_tracking_interfaces__rosidl_generator_c.dir/rosidl_generator_c/motion_capture_tracking_interfaces/msg/detail/target_position_array__functions.c.o\x1b[0m\n'}
[2.946679] (motion_capture_tracking_interfaces) StdoutLine: {'line': b'[ 23%] \x1b[32mBuilding C object CMakeFiles/motion_capture_tracking_interfaces__rosidl_generator_c.dir/rosidl_generator_c/motion_capture_tracking_interfaces/msg/detail/target_position_array__type_support.c.o\x1b[0m\n'}
[2.995199] (motion_capture_tracking_interfaces) StdoutLine: {'line': b'[ 25%] \x1b[32m\x1b[1mLinking C shared library libmotion_capture_tracking_interfaces__rosidl_generator_c.so\x1b[0m\n'}
[3.004589] (-) TimerEvent: {}
[3.029740] (motion_capture_tracking_interfaces) StdoutLine: {'line': b'[ 25%] Built target motion_capture_tracking_interfaces__rosidl_generator_c\n'}
[3.037527] (motion_capture_tracking_interfaces) StdoutLine: {'line': b'[ 28%] \x1b[34m\x1b[1mGenerating C++ type support dispatch for ROS interfaces\x1b[0m\n'}
[3.037679] (motion_capture_tracking_interfaces) StdoutLine: {'line': b'[ 28%] \x1b[34m\x1b[1mGenerating C++ introspection for ROS interfaces\x1b[0m\n'}
[3.037882] (motion_capture_tracking_interfaces) StdoutLine: {'line': b'[ 29%] \x1b[34m\x1b[1mGenerating C++ type support for eProsima Fast-RTPS\x1b[0m\n'}
[3.039189] (motion_capture_tracking_interfaces) StdoutLine: {'line': b'[ 31%] \x1b[34m\x1b[1mGenerating C type support dispatch for ROS interfaces\x1b[0m\n'}
[3.039441] (motion_capture_tracking_interfaces) StdoutLine: {'line': b'[ 34%] \x1b[34m\x1b[1mGenerating C type support for eProsima Fast-RTPS\x1b[0m\n'}
[3.039499] (motion_capture_tracking_interfaces) StdoutLine: {'line': b'[ 34%] \x1b[34m\x1b[1mGenerating C introspection for ROS interfaces\x1b[0m\n'}
[3.104687] (-) TimerEvent: {}
[3.203966] (motion_capture_tracking_interfaces) StdoutLine: {'line': b'[ 35%] \x1b[32mBuilding CXX object CMakeFiles/motion_capture_tracking_interfaces__rosidl_typesupport_cpp.dir/rosidl_typesupport_cpp/motion_capture_tracking_interfaces/msg/target_position_array__type_support.cpp.o\x1b[0m\n'}
[3.204267] (motion_capture_tracking_interfaces) StdoutLine: {'line': b'[ 37%] \x1b[32mBuilding CXX object CMakeFiles/motion_capture_tracking_interfaces__rosidl_typesupport_cpp.dir/rosidl_typesupport_cpp/motion_capture_tracking_interfaces/msg/named_pose_array__type_support.cpp.o\x1b[0m\n'}
[3.204391] (motion_capture_tracking_interfaces) StdoutLine: {'line': b'[ 39%] \x1b[32mBuilding CXX object CMakeFiles/motion_capture_tracking_interfaces__rosidl_typesupport_cpp.dir/rosidl_typesupport_cpp/motion_capture_tracking_interfaces/msg/named_pose__type_support.cpp.o\x1b[0m\n'}
[3.204754] (-) TimerEvent: {}
[3.207102] (motion_capture_tracking_interfaces) StdoutLine: {'line': b'[ 40%] \x1b[32mBuilding CXX object CMakeFiles/motion_capture_tracking_interfaces__rosidl_typesupport_cpp.dir/rosidl_typesupport_cpp/motion_capture_tracking_interfaces/msg/target_position__type_support.cpp.o\x1b[0m\n'}
[3.227164] (motion_capture_tracking_interfaces) StdoutLine: {'line': b'[ 42%] \x1b[32mBuilding CXX object CMakeFiles/motion_capture_tracking_interfaces__rosidl_typesupport_introspection_cpp.dir/rosidl_typesupport_introspection_cpp/motion_capture_tracking_interfaces/msg/detail/named_pose_array__type_support.cpp.o\x1b[0m\n'}
[3.227502] (motion_capture_tracking_interfaces) StdoutLine: {'line': b'[ 45%] \x1b[32mBuilding C object CMakeFiles/motion_capture_tracking_interfaces__rosidl_typesupport_introspection_c.dir/rosidl_typesupport_introspection_c/motion_capture_tracking_interfaces/msg/detail/named_pose_array__type_support.c.o\x1b[0m\n'}
[3.227744] (motion_capture_tracking_interfaces) StdoutLine: {'line': b'[ 46%] \x1b[32mBuilding CXX object CMakeFiles/motion_capture_tracking_interfaces__rosidl_typesupport_introspection_cpp.dir/rosidl_typesupport_introspection_cpp/motion_capture_tracking_interfaces/msg/detail/target_position__type_support.cpp.o\x1b[0m\n'}
[3.227927] (motion_capture_tracking_interfaces) StdoutLine: {'line': b'[ 46%] \x1b[32mBuilding CXX object CMakeFiles/motion_capture_tracking_interfaces__rosidl_typesupport_introspection_cpp.dir/rosidl_typesupport_introspection_cpp/motion_capture_tracking_interfaces/msg/detail/target_position_array__type_support.cpp.o\x1b[0m\n'}
[3.228061] (motion_capture_tracking_interfaces) StdoutLine: {'line': b'[ 48%] \x1b[32mBuilding C object CMakeFiles/motion_capture_tracking_interfaces__rosidl_typesupport_introspection_c.dir/rosidl_typesupport_introspection_c/motion_capture_tracking_interfaces/msg/detail/named_pose__type_support.c.o\x1b[0m\n'}
[3.228188] (motion_capture_tracking_interfaces) StdoutLine: {'line': b'[ 50%] \x1b[32mBuilding C object CMakeFiles/motion_capture_tracking_interfaces__rosidl_typesupport_introspection_c.dir/rosidl_typesupport_introspection_c/motion_capture_tracking_interfaces/msg/detail/target_position_array__type_support.c.o\x1b[0m\n'}
[3.228341] (motion_capture_tracking_interfaces) StdoutLine: {'line': b'[ 53%] \x1b[32mBuilding CXX object CMakeFiles/motion_capture_tracking_interfaces__rosidl_typesupport_introspection_cpp.dir/rosidl_typesupport_introspection_cpp/motion_capture_tracking_interfaces/msg/detail/named_pose__type_support.cpp.o\x1b[0m\n'}
[3.228506] (motion_capture_tracking_interfaces) StdoutLine: {'line': b'[ 53%] \x1b[32mBuilding C object CMakeFiles/motion_capture_tracking_interfaces__rosidl_typesupport_introspection_c.dir/rosidl_typesupport_introspection_c/motion_capture_tracking_interfaces/msg/detail/target_position__type_support.c.o\x1b[0m\n'}
[3.263685] (motion_capture_tracking_interfaces) StdoutLine: {'line': b'[ 54%] \x1b[32mBuilding CXX object CMakeFiles/motion_capture_tracking_interfaces__rosidl_typesupport_c.dir/rosidl_typesupport_c/motion_capture_tracking_interfaces/msg/named_pose__type_support.cpp.o\x1b[0m\n'}
[3.267406] (motion_capture_tracking_interfaces) StdoutLine: {'line': b'[ 56%] \x1b[32mBuilding CXX object CMakeFiles/motion_capture_tracking_interfaces__rosidl_typesupport_c.dir/rosidl_typesupport_c/motion_capture_tracking_interfaces/msg/named_pose_array__type_support.cpp.o\x1b[0m\n'}
[3.270989] (motion_capture_tracking_interfaces) StdoutLine: {'line': b'[ 57%] \x1b[32m\x1b[1mLinking C shared library libmotion_capture_tracking_interfaces__rosidl_typesupport_introspection_c.so\x1b[0m\n'}
[3.271388] (motion_capture_tracking_interfaces) StdoutLine: {'line': b'[ 59%] \x1b[32mBuilding CXX object CMakeFiles/motion_capture_tracking_interfaces__rosidl_typesupport_c.dir/rosidl_typesupport_c/motion_capture_tracking_interfaces/msg/target_position__type_support.cpp.o\x1b[0m\n'}
[3.271584] (motion_capture_tracking_interfaces) StdoutLine: {'line': b'[ 60%] \x1b[32mBuilding CXX object CMakeFiles/motion_capture_tracking_interfaces__rosidl_typesupport_c.dir/rosidl_typesupport_c/motion_capture_tracking_interfaces/msg/target_position_array__type_support.cpp.o\x1b[0m\n'}
[3.294816] (motion_capture_tracking_interfaces) StdoutLine: {'line': b'[ 65%] \x1b[32mBuilding CXX object CMakeFiles/motion_capture_tracking_interfaces__rosidl_typesupport_fastrtps_cpp.dir/rosidl_typesupport_fastrtps_cpp/motion_capture_tracking_interfaces/msg/detail/dds_fastrtps/target_position_array__type_support.cpp.o\x1b[0m\n'}
[3.295323] (motion_capture_tracking_interfaces) StdoutLine: {'line': b'[ 65%] \x1b[32mBuilding CXX object CMakeFiles/motion_capture_tracking_interfaces__rosidl_typesupport_fastrtps_cpp.dir/rosidl_typesupport_fastrtps_cpp/motion_capture_tracking_interfaces/msg/detail/dds_fastrtps/named_pose_array__type_support.cpp.o\x1b[0m\n'}
[3.295466] (motion_capture_tracking_interfaces) StdoutLine: {'line': b'[ 65%] \x1b[32mBuilding CXX object CMakeFiles/motion_capture_tracking_interfaces__rosidl_typesupport_fastrtps_cpp.dir/rosidl_typesupport_fastrtps_cpp/motion_capture_tracking_interfaces/msg/detail/dds_fastrtps/target_position__type_support.cpp.o\x1b[0m\n'}
[3.298422] (motion_capture_tracking_interfaces) StdoutLine: {'line': b'[ 67%] \x1b[32mBuilding CXX object CMakeFiles/motion_capture_tracking_interfaces__rosidl_typesupport_fastrtps_cpp.dir/rosidl_typesupport_fastrtps_cpp/motion_capture_tracking_interfaces/msg/detail/dds_fastrtps/named_pose__type_support.cpp.o\x1b[0m\n'}
[3.306728] (-) TimerEvent: {}
[3.307881] (motion_capture_tracking_interfaces) StdoutLine: {'line': b'[ 70%] \x1b[32mBuilding CXX object CMakeFiles/motion_capture_tracking_interfaces__rosidl_typesupport_fastrtps_c.dir/rosidl_typesupport_fastrtps_c/motion_capture_tracking_interfaces/msg/detail/named_pose__type_support_c.cpp.o\x1b[0m\n'}
[3.308148] (motion_capture_tracking_interfaces) StdoutLine: {'line': b'[ 70%] \x1b[32mBuilding CXX object CMakeFiles/motion_capture_tracking_interfaces__rosidl_typesupport_fastrtps_c.dir/rosidl_typesupport_fastrtps_c/motion_capture_tracking_interfaces/msg/detail/named_pose_array__type_support_c.cpp.o\x1b[0m\n'}
[3.309373] (motion_capture_tracking_interfaces) StdoutLine: {'line': b'[ 71%] \x1b[32mBuilding CXX object CMakeFiles/motion_capture_tracking_interfaces__rosidl_typesupport_fastrtps_c.dir/rosidl_typesupport_fastrtps_c/motion_capture_tracking_interfaces/msg/detail/target_position_array__type_support_c.cpp.o\x1b[0m\n'}
[3.309608] (motion_capture_tracking_interfaces) StdoutLine: {'line': b'[ 73%] \x1b[32mBuilding CXX object CMakeFiles/motion_capture_tracking_interfaces__rosidl_typesupport_fastrtps_c.dir/rosidl_typesupport_fastrtps_c/motion_capture_tracking_interfaces/msg/detail/target_position__type_support_c.cpp.o\x1b[0m\n'}
[3.310766] (motion_capture_tracking_interfaces) StdoutLine: {'line': b'[ 73%] Built target motion_capture_tracking_interfaces__rosidl_typesupport_introspection_c\n'}
[3.324785] (motion_capture_tracking_interfaces) StdoutLine: {'line': b'[ 75%] \x1b[32m\x1b[1mLinking CXX shared library libmotion_capture_tracking_interfaces__rosidl_typesupport_c.so\x1b[0m\n'}
[3.381209] (motion_capture_tracking_interfaces) StdoutLine: {'line': b'[ 75%] Built target motion_capture_tracking_interfaces__rosidl_typesupport_c\n'}
[3.410148] (-) TimerEvent: {}
[3.510616] (-) TimerEvent: {}
[3.588509] (motion_capture_tracking_interfaces) StdoutLine: {'line': b'[ 76%] \x1b[32m\x1b[1mLinking CXX shared library libmotion_capture_tracking_interfaces__rosidl_typesupport_cpp.so\x1b[0m\n'}
[3.610699] (-) TimerEvent: {}
[3.616499] (motion_capture_tracking_interfaces) StdoutLine: {'line': b'[ 78%] \x1b[32m\x1b[1mLinking CXX shared library libmotion_capture_tracking_interfaces__rosidl_typesupport_introspection_cpp.so\x1b[0m\n'}
[3.634520] (motion_capture_tracking_interfaces) StdoutLine: {'line': b'[ 78%] Built target motion_capture_tracking_interfaces__rosidl_typesupport_cpp\n'}
[3.699274] (motion_capture_tracking_interfaces) StdoutLine: {'line': b'[ 78%] Built target motion_capture_tracking_interfaces__rosidl_typesupport_introspection_cpp\n'}
[3.710802] (-) TimerEvent: {}
[3.716124] (motion_capture_tracking_interfaces) StdoutLine: {'line': b'[ 79%] \x1b[32m\x1b[1mLinking CXX shared library libmotion_capture_tracking_interfaces__rosidl_typesupport_fastrtps_c.so\x1b[0m\n'}
[3.762503] (motion_capture_tracking_interfaces) StdoutLine: {'line': b'[ 81%] \x1b[32m\x1b[1mLinking CXX shared library libmotion_capture_tracking_interfaces__rosidl_typesupport_fastrtps_cpp.so\x1b[0m\n'}
[3.770810] (motion_capture_tracking_interfaces) StdoutLine: {'line': b'[ 81%] Built target motion_capture_tracking_interfaces__rosidl_typesupport_fastrtps_c\n'}
[3.810963] (-) TimerEvent: {}
[3.816498] (motion_capture_tracking_interfaces) StdoutLine: {'line': b'[ 81%] Built target motion_capture_tracking_interfaces__rosidl_typesupport_fastrtps_cpp\n'}
[3.833042] (motion_capture_tracking_interfaces) StdoutLine: {'line': b'[ 81%] Built target motion_capture_tracking_interfaces\n'}
[3.848055] (motion_capture_tracking_interfaces) StdoutLine: {'line': b'[ 82%] \x1b[34m\x1b[1mGenerating Python code for ROS interfaces\x1b[0m\n'}
[3.911148] (-) TimerEvent: {}
[4.011369] (-) TimerEvent: {}
[4.091992] (motion_capture_tracking_interfaces) StdoutLine: {'line': b'[ 82%] Built target motion_capture_tracking_interfaces__py\n'}
[4.109559] (motion_capture_tracking_interfaces) StdoutLine: {'line': b'[ 84%] \x1b[32mBuilding C object CMakeFiles/motion_capture_tracking_interfaces__rosidl_generator_py.dir/rosidl_generator_py/motion_capture_tracking_interfaces/msg/_target_position_array_s.c.o\x1b[0m\n'}
[4.111456] (-) TimerEvent: {}
[4.111672] (motion_capture_tracking_interfaces) StdoutLine: {'line': b'[ 87%] \x1b[32mBuilding C object CMakeFiles/motion_capture_tracking_interfaces__rosidl_generator_py.dir/rosidl_generator_py/motion_capture_tracking_interfaces/msg/_named_pose_s.c.o\x1b[0m\n'}
[4.111786] (motion_capture_tracking_interfaces) StdoutLine: {'line': b'[ 89%] \x1b[32mBuilding C object CMakeFiles/motion_capture_tracking_interfaces__rosidl_generator_py.dir/rosidl_generator_py/motion_capture_tracking_interfaces/msg/_named_pose_array_s.c.o\x1b[0m\n'}
[4.111830] (motion_capture_tracking_interfaces) StdoutLine: {'line': b'[ 89%] \x1b[32mBuilding C object CMakeFiles/motion_capture_tracking_interfaces__rosidl_generator_py.dir/rosidl_generator_py/motion_capture_tracking_interfaces/msg/_target_position_s.c.o\x1b[0m\n'}
[4.202526] (motion_capture_tracking_interfaces) StdoutLine: {'line': b'[ 90%] \x1b[32m\x1b[1mLinking C shared library libmotion_capture_tracking_interfaces__rosidl_generator_py.so\x1b[0m\n'}
[4.211539] (-) TimerEvent: {}
[4.236341] (motion_capture_tracking_interfaces) StdoutLine: {'line': b'[ 90%] Built target motion_capture_tracking_interfaces__rosidl_generator_py\n'}
[4.251100] (motion_capture_tracking_interfaces) StdoutLine: {'line': b'[ 92%] \x1b[32mBuilding C object CMakeFiles/motion_capture_tracking_interfaces_s__rosidl_typesupport_fastrtps_c.dir/rosidl_generator_py/motion_capture_tracking_interfaces/_motion_capture_tracking_interfaces_s.ep.rosidl_typesupport_fastrtps_c.c.o\x1b[0m\n'}
[4.253681] (motion_capture_tracking_interfaces) StdoutLine: {'line': b'[ 93%] \x1b[32mBuilding C object CMakeFiles/motion_capture_tracking_interfaces_s__rosidl_typesupport_introspection_c.dir/rosidl_generator_py/motion_capture_tracking_interfaces/_motion_capture_tracking_interfaces_s.ep.rosidl_typesupport_introspection_c.c.o\x1b[0m\n'}
[4.255732] (motion_capture_tracking_interfaces) StdoutLine: {'line': b'[ 95%] \x1b[32mBuilding C object CMakeFiles/motion_capture_tracking_interfaces_s__rosidl_typesupport_c.dir/rosidl_generator_py/motion_capture_tracking_interfaces/_motion_capture_tracking_interfaces_s.ep.rosidl_typesupport_c.c.o\x1b[0m\n'}
[4.311663] (-) TimerEvent: {}
[4.320651] (motion_capture_tracking_interfaces) StdoutLine: {'line': b'[ 96%] \x1b[32m\x1b[1mLinking C shared module rosidl_generator_py/motion_capture_tracking_interfaces/motion_capture_tracking_interfaces_s__rosidl_typesupport_c.so\x1b[0m\n'}
[4.322068] (motion_capture_tracking_interfaces) StdoutLine: {'line': b'[ 98%] \x1b[32m\x1b[1mLinking C shared module rosidl_generator_py/motion_capture_tracking_interfaces/motion_capture_tracking_interfaces_s__rosidl_typesupport_fastrtps_c.so\x1b[0m\n'}
[4.323643] (motion_capture_tracking_interfaces) StdoutLine: {'line': b'[100%] \x1b[32m\x1b[1mLinking C shared module rosidl_generator_py/motion_capture_tracking_interfaces/motion_capture_tracking_interfaces_s__rosidl_typesupport_introspection_c.so\x1b[0m\n'}
[4.344691] (motion_capture_tracking_interfaces) StdoutLine: {'line': b'[100%] Built target motion_capture_tracking_interfaces_s__rosidl_typesupport_c\n'}
[4.348199] (motion_capture_tracking_interfaces) StdoutLine: {'line': b'[100%] Built target motion_capture_tracking_interfaces_s__rosidl_typesupport_introspection_c\n'}
[4.352201] (motion_capture_tracking_interfaces) StdoutLine: {'line': b'[100%] Built target motion_capture_tracking_interfaces_s__rosidl_typesupport_fastrtps_c\n'}
[4.361157] (motion_capture_tracking_interfaces) CommandEnded: {'returncode': 0}
[4.361657] (motion_capture_tracking_interfaces) JobProgress: {'identifier': 'motion_capture_tracking_interfaces', 'progress': 'install'}
[4.370998] (motion_capture_tracking_interfaces) Command: {'cmd': ['/usr/bin/cmake', '--install', '/home/bajdus/Desktop/complete-velocity-messages/build/motion_capture_tracking_interfaces'], 'cwd': '/home/bajdus/Desktop/complete-velocity-messages/build/motion_capture_tracking_interfaces', 'env': OrderedDict({'GJS_DEBUG_TOPICS': 'JS ERROR;JS LOG', 'XDG_ACTIVATION_TOKEN': 'gnome-shell/Terminator/3846-7-LC2075-LIN_TIME268001038', 'LESSOPEN': '| /usr/bin/lesspipe %s', 'USER': 'bajdus', 'XDG_SESSION_TYPE': 'x11', 'SHLVL': '1', 'LD_LIBRARY_PATH': '/usr/local/lib:/opt/ros/jazzy/opt/rviz_ogre_vendor/lib:/opt/ros/jazzy/lib/x86_64-linux-gnu:/opt/ros/jazzy/opt/gz_math_vendor/lib:/opt/ros/jazzy/opt/gz_utils_vendor/lib:/opt/ros/jazzy/opt/gz_cmake_vendor/lib:/opt/ros/jazzy/lib', 'HOME': '/home/bajdus', 'OLDPWD': '/home/bajdus', 'DESKTOP_SESSION': 'ubuntu', 'GIO_LAUNCHED_DESKTOP_FILE': '/usr/share/applications/terminator.desktop', 'ROS_PYTHON_VERSION': '3', 'GNOME_SHELL_SESSION_MODE': 'ubuntu', 'GTK_MODULES': 'gail:atk-bridge', 'MANAGERPID': '3285', 'SYSTEMD_EXEC_PID': '3846', 'GSM_SKIP_SSH_AGENT_WORKAROUND': 'true', 'DBUS_SESSION_BUS_ADDRESS': 'unix:path=/run/user/59016586/bus', 'COLORTERM': 'truecolor', 'TERMINATOR_DBUS_NAME': 'net.tenshu.Terminator23558193cd9818af7fe4d2c2f5bd9d00f', 'GIO_LAUNCHED_DESKTOP_FILE_PID': '230765', 'DEBUGINFOD_URLS': 'https://debuginfod.ubuntu.com', 'ROS_DISTRO': 'jazzy', 'LOGNAME': 'bajdus', 'JOURNAL_STREAM': '9:12286', '_': '/usr/bin/colcon', 'ROS_VERSION': '2', 'MEMORY_PRESSURE_WATCH': '/sys/fs/cgroup/user.slice/user-59016586.slice/user@59016586.service/session.slice/org.gnome.Shell@x11.service/memory.pressure', 'XDG_SESSION_CLASS': 'user', 'USERNAME': 'bajdus', 'TERM': 'xterm-256color', 'GNOME_DESKTOP_SESSION_ID': 'this-is-deprecated', 'WINDOWPATH': '2', 'PATH': '/opt/ros/jazzy/bin:/usr/local/sbin:/usr/local/bin:/usr/sbin:/usr/bin:/sbin:/bin:/usr/games:/usr/local/games:/snap/bin:/snap/bin', 'SESSION_MANAGER': 'local/LC2075-LIN:@/tmp/.ICE-unix/3791,unix/LC2075-LIN:/tmp/.ICE-unix/3791', 'INVOCATION_ID': 'f7d2e5f172f547d6a5a038ef75785c03', 'XDG_MENU_PREFIX': 'gnome-', 'XDG_RUNTIME_DIR': '/run/user/59016586', 'DISPLAY': ':1', 'TERMINATOR_DBUS_PATH': '/net/tenshu/Terminator2', 'LANG': 'en_US.UTF-8', 'XDG_CURRENT_DESKTOP': 'ubuntu:GNOME', 'XMODIFIERS': '@im=ibus', 'XDG_SESSION_DESKTOP': 'ubuntu', 'XAUTHORITY': '/run/user/59016586/gdm/Xauthority', 'LS_COLORS': 'rs=0:di=01;34:ln=01;36:mh=00:pi=40;33:so=01;35:do=01;35:bd=40;33;01:cd=40;33;01:or=40;31;01:mi=00:su=37;41:sg=30;43:ca=00:tw=30;42:ow=34;42:st=37;44:ex=01;32:*.tar=01;31:*.tgz=01;31:*.arc=01;31:*.arj=01;31:*.taz=01;31:*.lha=01;31:*.lz4=01;31:*.lzh=01;31:*.lzma=01;31:*.tlz=01;31:*.txz=01;31:*.tzo=01;31:*.t7z=01;31:*.zip=01;31:*.z=01;31:*.dz=01;31:*.gz=01;31:*.lrz=01;31:*.lz=01;31:*.lzo=01;31:*.xz=01;31:*.zst=01;31:*.tzst=01;31:*.bz2=01;31:*.bz=01;31:*.tbz=01;31:*.tbz2=01;31:*.tz=01;31:*.deb=01;31:*.rpm=01;31:*.jar=01;31:*.war=01;31:*.ear=01;31:*.sar=01;31:*.rar=01;31:*.alz=01;31:*.ace=01;31:*.zoo=01;31:*.cpio=01;31:*.7z=01;31:*.rz=01;31:*.cab=01;31:*.wim=01;31:*.swm=01;31:*.dwm=01;31:*.esd=01;31:*.avif=01;35:*.jpg=01;35:*.jpeg=01;35:*.mjpg=01;35:*.mjpeg=01;35:*.gif=01;35:*.bmp=01;35:*.pbm=01;35:*.pgm=01;35:*.ppm=01;35:*.tga=01;35:*.xbm=01;35:*.xpm=01;35:*.tif=01;35:*.tiff=01;35:*.png=01;35:*.svg=01;35:*.svgz=01;35:*.mng=01;35:*.pcx=01;35:*.mov=01;35:*.mpg=01;35:*.mpeg=01;35:*.m2v=01;35:*.mkv=01;35:*.webm=01;35:*.webp=01;35:*.ogm=01;35:*.mp4=01;35:*.m4v=01;35:*.mp4v=01;35:*.vob=01;35:*.qt=01;35:*.nuv=01;35:*.wmv=01;35:*.asf=01;35:*.rm=01;35:*.rmvb=01;35:*.flc=01;35:*.avi=01;35:*.fli=01;35:*.flv=01;35:*.gl=01;35:*.dl=01;35:*.xcf=01;35:*.xwd=01;35:*.yuv=01;35:*.cgm=01;35:*.emf=01;35:*.ogv=01;35:*.ogx=01;35:*.aac=00;36:*.au=00;36:*.flac=00;36:*.m4a=00;36:*.mid=00;36:*.midi=00;36:*.mka=00;36:*.mp3=00;36:*.mpc=00;36:*.ogg=00;36:*.ra=00;36:*.wav=00;36:*.oga=00;36:*.opus=00;36:*.spx=00;36:*.xspf=00;36:*~=00;90:*#=00;90:*.bak=00;90:*.crdownload=00;90:*.dpkg-dist=00;90:*.dpkg-new=00;90:*.dpkg-old=00;90:*.dpkg-tmp=00;90:*.old=00;90:*.orig=00;90:*.part=00;90:*.rej=00;90:*.rpmnew=00;90:*.rpmorig=00;90:*.rpmsave=00;90:*.swp=00;90:*.tmp=00;90:*.ucf-dist=00;90:*.ucf-new=00;90:*.ucf-old=00;90:', 'SSH_AUTH_SOCK': '/run/user/59016586/keyring/ssh', 'AMENT_PREFIX_PATH': '/opt/ros/jazzy', 'SHELL': '/bin/bash', 'TERMINATOR_UUID': 'urn:uuid:7cab34ee-6329-4ac2-b930-08f00f6a5ec6', 'KRB5CCNAME': 'FILE:/tmp/krb5cc_59016586_mxG3pu', 'QT_ACCESSIBILITY': '1', 'GDMSESSION': 'ubuntu', 'LESSCLOSE': '/usr/bin/lesspipe %s %s', 'GPG_AGENT_INFO': '/run/user/59016586/gnupg/S.gpg-agent:0:1', 'GJS_DEBUG_OUTPUT': 'stderr', 'ROS_AUTOMATIC_DISCOVERY_RANGE': 'SUBNET', 'QT_IM_MODULE': 'ibus', 'PWD': '/home/bajdus/Desktop/complete-velocity-messages/build/motion_capture_tracking_interfaces', 'LC_ALL': 'en_US.UTF-8', 'XDG_CONFIG_DIRS': '/etc/xdg/xdg-ubuntu:/etc/xdg', 'XDG_DATA_DIRS': '/usr/share/ubuntu:/usr/share/gnome:/usr/local/share/:/usr/share/:/var/lib/snapd/desktop', 'PYTHONPATH': '/opt/ros/jazzy/lib/python3.12/site-packages', 'COLCON': '1', 'MEMORY_PRESSURE_WRITE': 'c29tZSAyMDAwMDAgMjAwMDAwMAA=', 'VTE_VERSION': '7600', 'CMAKE_PREFIX_PATH': '/usr/local:/opt/ros/jazzy/opt/gz_math_vendor:/opt/ros/jazzy/opt/gz_utils_vendor:/opt/ros/jazzy/opt/gz_cmake_vendor:/opt/ros/jazzy'}), 'shell': False}
[4.377821] (motion_capture_tracking_interfaces) StdoutLine: {'line': b'-- Install configuration: ""\n'}
[4.378228] (motion_capture_tracking_interfaces) StdoutLine: {'line': b'-- Execute custom install script\n'}
[4.378457] (motion_capture_tracking_interfaces) StdoutLine: {'line': b'-- Symlinking: /home/bajdus/Desktop/complete-velocity-messages/install/motion_capture_tracking_interfaces/share/ament_index/resource_index/rosidl_interfaces/motion_capture_tracking_interfaces\n'}
[4.384519] (motion_capture_tracking_interfaces) StdoutLine: {'line': b'-- Symlinking: /home/bajdus/Desktop/complete-velocity-messages/install/motion_capture_tracking_interfaces/share/motion_capture_tracking_interfaces/msg/NamedPose.json\n'}
[4.392713] (motion_capture_tracking_interfaces) StdoutLine: {'line': b'-- Symlinking: /home/bajdus/Desktop/complete-velocity-messages/install/motion_capture_tracking_interfaces/share/motion_capture_tracking_interfaces/msg/NamedPoseArray.json\n'}
[4.400590] (motion_capture_tracking_interfaces) StdoutLine: {'line': b'-- Symlinking: /home/bajdus/Desktop/complete-velocity-messages/install/motion_capture_tracking_interfaces/share/motion_capture_tracking_interfaces/msg/TargetPosition.json\n'}
[4.405771] (motion_capture_tracking_interfaces) StdoutLine: {'line': b'-- Symlinking: /home/bajdus/Desktop/complete-velocity-messages/install/motion_capture_tracking_interfaces/share/motion_capture_tracking_interfaces/msg/TargetPositionArray.json\n'}
[4.411748] (-) TimerEvent: {}
[4.414375] (motion_capture_tracking_interfaces) StdoutLine: {'line': b'-- Symlinking: /home/bajdus/Desktop/complete-velocity-messages/install/motion_capture_tracking_interfaces/include/motion_capture_tracking_interfaces/motion_capture_tracking_interfaces/msg/detail/named_pose__functions.h\n'}
[4.421378] (motion_capture_tracking_interfaces) StdoutLine: {'line': b'-- Symlinking: /home/bajdus/Desktop/complete-velocity-messages/install/motion_capture_tracking_interfaces/include/motion_capture_tracking_interfaces/motion_capture_tracking_interfaces/msg/detail/named_pose__struct.h\n'}
[4.428817] (motion_capture_tracking_interfaces) StdoutLine: {'line': b'-- Symlinking: /home/bajdus/Desktop/complete-velocity-messages/install/motion_capture_tracking_interfaces/include/motion_capture_tracking_interfaces/motion_capture_tracking_interfaces/msg/detail/named_pose__type_support.h\n'}
[4.435098] (motion_capture_tracking_interfaces) StdoutLine: {'line': b'-- Symlinking: /home/bajdus/Desktop/complete-velocity-messages/install/motion_capture_tracking_interfaces/include/motion_capture_tracking_interfaces/motion_capture_tracking_interfaces/msg/detail/named_pose_array__functions.h\n'}
[4.443079] (motion_capture_tracking_interfaces) StdoutLine: {'line': b'-- Symlinking: /home/bajdus/Desktop/complete-velocity-messages/install/motion_capture_tracking_interfaces/include/motion_capture_tracking_interfaces/motion_capture_tracking_interfaces/msg/detail/named_pose_array__struct.h\n'}
[4.450960] (motion_capture_tracking_interfaces) StdoutLine: {'line': b'-- Symlinking: /home/bajdus/Desktop/complete-velocity-messages/install/motion_capture_tracking_interfaces/include/motion_capture_tracking_interfaces/motion_capture_tracking_interfaces/msg/detail/named_pose_array__type_support.h\n'}
[4.458560] (motion_capture_tracking_interfaces) StdoutLine: {'line': b'-- Symlinking: /home/bajdus/Desktop/complete-velocity-messages/install/motion_capture_tracking_interfaces/include/motion_capture_tracking_interfaces/motion_capture_tracking_interfaces/msg/detail/target_position__functions.h\n'}
[4.466800] (motion_capture_tracking_interfaces) StdoutLine: {'line': b'-- Symlinking: /home/bajdus/Desktop/complete-velocity-messages/install/motion_capture_tracking_interfaces/include/motion_capture_tracking_interfaces/motion_capture_tracking_interfaces/msg/detail/target_position__struct.h\n'}
[4.472615] (motion_capture_tracking_interfaces) StdoutLine: {'line': b'-- Symlinking: /home/bajdus/Desktop/complete-velocity-messages/install/motion_capture_tracking_interfaces/include/motion_capture_tracking_interfaces/motion_capture_tracking_interfaces/msg/detail/target_position__type_support.h\n'}
[4.480585] (motion_capture_tracking_interfaces) StdoutLine: {'line': b'-- Symlinking: /home/bajdus/Desktop/complete-velocity-messages/install/motion_capture_tracking_interfaces/include/motion_capture_tracking_interfaces/motion_capture_tracking_interfaces/msg/detail/target_position_array__functions.h\n'}
[4.486735] (motion_capture_tracking_interfaces) StdoutLine: {'line': b'-- Symlinking: /home/bajdus/Desktop/complete-velocity-messages/install/motion_capture_tracking_interfaces/include/motion_capture_tracking_interfaces/motion_capture_tracking_interfaces/msg/detail/target_position_array__struct.h\n'}
[4.492300] (motion_capture_tracking_interfaces) StdoutLine: {'line': b'-- Symlinking: /home/bajdus/Desktop/complete-velocity-messages/install/motion_capture_tracking_interfaces/include/motion_capture_tracking_interfaces/motion_capture_tracking_interfaces/msg/detail/target_position_array__type_support.h\n'}
[4.500253] (motion_capture_tracking_interfaces) StdoutLine: {'line': b'-- Symlinking: /home/bajdus/Desktop/complete-velocity-messages/install/motion_capture_tracking_interfaces/include/motion_capture_tracking_interfaces/motion_capture_tracking_interfaces/msg/named_pose.h\n'}
[4.508296] (motion_capture_tracking_interfaces) StdoutLine: {'line': b'-- Symlinking: /home/bajdus/Desktop/complete-velocity-messages/install/motion_capture_tracking_interfaces/include/motion_capture_tracking_interfaces/motion_capture_tracking_interfaces/msg/named_pose_array.h\n'}
[4.511813] (-) TimerEvent: {}
[4.513854] (motion_capture_tracking_interfaces) StdoutLine: {'line': b'-- Symlinking: /home/bajdus/Desktop/complete-velocity-messages/install/motion_capture_tracking_interfaces/include/motion_capture_tracking_interfaces/motion_capture_tracking_interfaces/msg/rosidl_generator_c__visibility_control.h\n'}
[4.520055] (motion_capture_tracking_interfaces) StdoutLine: {'line': b'-- Symlinking: /home/bajdus/Desktop/complete-velocity-messages/install/motion_capture_tracking_interfaces/include/motion_capture_tracking_interfaces/motion_capture_tracking_interfaces/msg/target_position.h\n'}
[4.525429] (motion_capture_tracking_interfaces) StdoutLine: {'line': b'-- Symlinking: /home/bajdus/Desktop/complete-velocity-messages/install/motion_capture_tracking_interfaces/include/motion_capture_tracking_interfaces/motion_capture_tracking_interfaces/msg/target_position_array.h\n'}
[4.532044] (motion_capture_tracking_interfaces) StdoutLine: {'line': b'-- Symlinking: /home/bajdus/Desktop/complete-velocity-messages/install/motion_capture_tracking_interfaces/share/motion_capture_tracking_interfaces/environment/library_path.sh\n'}
[4.537389] (motion_capture_tracking_interfaces) StdoutLine: {'line': b'-- Symlinking: /home/bajdus/Desktop/complete-velocity-messages/install/motion_capture_tracking_interfaces/share/motion_capture_tracking_interfaces/environment/library_path.dsv\n'}
[4.545764] (motion_capture_tracking_interfaces) StdoutLine: {'line': b'-- Symlinking: /home/bajdus/Desktop/complete-velocity-messages/install/motion_capture_tracking_interfaces/include/motion_capture_tracking_interfaces/motion_capture_tracking_interfaces/msg/detail/named_pose__rosidl_typesupport_fastrtps_c.h\n'}
[4.552218] (motion_capture_tracking_interfaces) StdoutLine: {'line': b'-- Symlinking: /home/bajdus/Desktop/complete-velocity-messages/install/motion_capture_tracking_interfaces/include/motion_capture_tracking_interfaces/motion_capture_tracking_interfaces/msg/detail/named_pose_array__rosidl_typesupport_fastrtps_c.h\n'}
[4.560306] (motion_capture_tracking_interfaces) StdoutLine: {'line': b'-- Symlinking: /home/bajdus/Desktop/complete-velocity-messages/install/motion_capture_tracking_interfaces/include/motion_capture_tracking_interfaces/motion_capture_tracking_interfaces/msg/detail/target_position__rosidl_typesupport_fastrtps_c.h\n'}
[4.565865] (motion_capture_tracking_interfaces) StdoutLine: {'line': b'-- Symlinking: /home/bajdus/Desktop/complete-velocity-messages/install/motion_capture_tracking_interfaces/include/motion_capture_tracking_interfaces/motion_capture_tracking_interfaces/msg/detail/target_position_array__rosidl_typesupport_fastrtps_c.h\n'}
[4.572196] (motion_capture_tracking_interfaces) StdoutLine: {'line': b'-- Symlinking: /home/bajdus/Desktop/complete-velocity-messages/install/motion_capture_tracking_interfaces/include/motion_capture_tracking_interfaces/motion_capture_tracking_interfaces/msg/rosidl_typesupport_fastrtps_c__visibility_control.h\n'}
[4.578698] (motion_capture_tracking_interfaces) StdoutLine: {'line': b'-- Symlinking: /home/bajdus/Desktop/complete-velocity-messages/install/motion_capture_tracking_interfaces/include/motion_capture_tracking_interfaces/motion_capture_tracking_interfaces/msg/detail/named_pose__builder.hpp\n'}
[4.585846] (motion_capture_tracking_interfaces) StdoutLine: {'line': b'-- Symlinking: /home/bajdus/Desktop/complete-velocity-messages/install/motion_capture_tracking_interfaces/include/motion_capture_tracking_interfaces/motion_capture_tracking_interfaces/msg/detail/named_pose__struct.hpp\n'}
[4.591113] (motion_capture_tracking_interfaces) StdoutLine: {'line': b'-- Symlinking: /home/bajdus/Desktop/complete-velocity-messages/install/motion_capture_tracking_interfaces/include/motion_capture_tracking_interfaces/motion_capture_tracking_interfaces/msg/detail/named_pose__traits.hpp\n'}
[4.596725] (motion_capture_tracking_interfaces) StdoutLine: {'line': b'-- Symlinking: /home/bajdus/Desktop/complete-velocity-messages/install/motion_capture_tracking_interfaces/include/motion_capture_tracking_interfaces/motion_capture_tracking_interfaces/msg/detail/named_pose__type_support.hpp\n'}
[4.604761] (motion_capture_tracking_interfaces) StdoutLine: {'line': b'-- Symlinking: /home/bajdus/Desktop/complete-velocity-messages/install/motion_capture_tracking_interfaces/include/motion_capture_tracking_interfaces/motion_capture_tracking_interfaces/msg/detail/named_pose_array__builder.hpp\n'}
[4.611771] (motion_capture_tracking_interfaces) StdoutLine: {'line': b'-- Symlinking: /home/bajdus/Desktop/complete-velocity-messages/install/motion_capture_tracking_interfaces/include/motion_capture_tracking_interfaces/motion_capture_tracking_interfaces/msg/detail/named_pose_array__struct.hpp\n'}
[4.611898] (-) TimerEvent: {}
[4.617533] (motion_capture_tracking_interfaces) StdoutLine: {'line': b'-- Symlinking: /home/bajdus/Desktop/complete-velocity-messages/install/motion_capture_tracking_interfaces/include/motion_capture_tracking_interfaces/motion_capture_tracking_interfaces/msg/detail/named_pose_array__traits.hpp\n'}
[4.625211] (motion_capture_tracking_interfaces) StdoutLine: {'line': b'-- Symlinking: /home/bajdus/Desktop/complete-velocity-messages/install/motion_capture_tracking_interfaces/include/motion_capture_tracking_interfaces/motion_capture_tracking_interfaces/msg/detail/named_pose_array__type_support.hpp\n'}
[4.631983] (motion_capture_tracking_interfaces) StdoutLine: {'line': b'-- Symlinking: /home/bajdus/Desktop/complete-velocity-messages/install/motion_capture_tracking_interfaces/include/motion_capture_tracking_interfaces/motion_capture_tracking_interfaces/msg/detail/target_position__builder.hpp\n'}
[4.637535] (motion_capture_tracking_interfaces) StdoutLine: {'line': b'-- Symlinking: /home/bajdus/Desktop/complete-velocity-messages/install/motion_capture_tracking_interfaces/include/motion_capture_tracking_interfaces/motion_capture_tracking_interfaces/msg/detail/target_position__struct.hpp\n'}
[4.645737] (motion_capture_tracking_interfaces) StdoutLine: {'line': b'-- Symlinking: /home/bajdus/Desktop/complete-velocity-messages/install/motion_capture_tracking_interfaces/include/motion_capture_tracking_interfaces/motion_capture_tracking_interfaces/msg/detail/target_position__traits.hpp\n'}
[4.652960] (motion_capture_tracking_interfaces) StdoutLine: {'line': b'-- Symlinking: /home/bajdus/Desktop/complete-velocity-messages/install/motion_capture_tracking_interfaces/include/motion_capture_tracking_interfaces/motion_capture_tracking_interfaces/msg/detail/target_position__type_support.hpp\n'}
[4.660895] (motion_capture_tracking_interfaces) StdoutLine: {'line': b'-- Symlinking: /home/bajdus/Desktop/complete-velocity-messages/install/motion_capture_tracking_interfaces/include/motion_capture_tracking_interfaces/motion_capture_tracking_interfaces/msg/detail/target_position_array__builder.hpp\n'}
[4.667711] (motion_capture_tracking_interfaces) StdoutLine: {'line': b'-- Symlinking: /home/bajdus/Desktop/complete-velocity-messages/install/motion_capture_tracking_interfaces/include/motion_capture_tracking_interfaces/motion_capture_tracking_interfaces/msg/detail/target_position_array__struct.hpp\n'}
[4.674579] (motion_capture_tracking_interfaces) StdoutLine: {'line': b'-- Symlinking: /home/bajdus/Desktop/complete-velocity-messages/install/motion_capture_tracking_interfaces/include/motion_capture_tracking_interfaces/motion_capture_tracking_interfaces/msg/detail/target_position_array__traits.hpp\n'}
[4.681461] (motion_capture_tracking_interfaces) StdoutLine: {'line': b'-- Symlinking: /home/bajdus/Desktop/complete-velocity-messages/install/motion_capture_tracking_interfaces/include/motion_capture_tracking_interfaces/motion_capture_tracking_interfaces/msg/detail/target_position_array__type_support.hpp\n'}
[4.689494] (motion_capture_tracking_interfaces) StdoutLine: {'line': b'-- Symlinking: /home/bajdus/Desktop/complete-velocity-messages/install/motion_capture_tracking_interfaces/include/motion_capture_tracking_interfaces/motion_capture_tracking_interfaces/msg/named_pose.hpp\n'}
[4.694857] (motion_capture_tracking_interfaces) StdoutLine: {'line': b'-- Symlinking: /home/bajdus/Desktop/complete-velocity-messages/install/motion_capture_tracking_interfaces/include/motion_capture_tracking_interfaces/motion_capture_tracking_interfaces/msg/named_pose_array.hpp\n'}
[4.700354] (motion_capture_tracking_interfaces) StdoutLine: {'line': b'-- Symlinking: /home/bajdus/Desktop/complete-velocity-messages/install/motion_capture_tracking_interfaces/include/motion_capture_tracking_interfaces/motion_capture_tracking_interfaces/msg/rosidl_generator_cpp__visibility_control.hpp\n'}
[4.706797] (motion_capture_tracking_interfaces) StdoutLine: {'line': b'-- Symlinking: /home/bajdus/Desktop/complete-velocity-messages/install/motion_capture_tracking_interfaces/include/motion_capture_tracking_interfaces/motion_capture_tracking_interfaces/msg/target_position.hpp\n'}
[4.711975] (-) TimerEvent: {}
[4.712277] (motion_capture_tracking_interfaces) StdoutLine: {'line': b'-- Symlinking: /home/bajdus/Desktop/complete-velocity-messages/install/motion_capture_tracking_interfaces/include/motion_capture_tracking_interfaces/motion_capture_tracking_interfaces/msg/target_position_array.hpp\n'}
[4.718054] (motion_capture_tracking_interfaces) StdoutLine: {'line': b'-- Symlinking: /home/bajdus/Desktop/complete-velocity-messages/install/motion_capture_tracking_interfaces/include/motion_capture_tracking_interfaces/motion_capture_tracking_interfaces/msg/detail/named_pose__rosidl_typesupport_fastrtps_cpp.hpp\n'}
[4.724493] (motion_capture_tracking_interfaces) StdoutLine: {'line': b'-- Symlinking: /home/bajdus/Desktop/complete-velocity-messages/install/motion_capture_tracking_interfaces/include/motion_capture_tracking_interfaces/motion_capture_tracking_interfaces/msg/detail/named_pose_array__rosidl_typesupport_fastrtps_cpp.hpp\n'}
[4.732748] (motion_capture_tracking_interfaces) StdoutLine: {'line': b'-- Symlinking: /home/bajdus/Desktop/complete-velocity-messages/install/motion_capture_tracking_interfaces/include/motion_capture_tracking_interfaces/motion_capture_tracking_interfaces/msg/detail/target_position__rosidl_typesupport_fastrtps_cpp.hpp\n'}
[4.738514] (motion_capture_tracking_interfaces) StdoutLine: {'line': b'-- Symlinking: /home/bajdus/Desktop/complete-velocity-messages/install/motion_capture_tracking_interfaces/include/motion_capture_tracking_interfaces/motion_capture_tracking_interfaces/msg/detail/target_position_array__rosidl_typesupport_fastrtps_cpp.hpp\n'}
[4.743673] (motion_capture_tracking_interfaces) StdoutLine: {'line': b'-- Symlinking: /home/bajdus/Desktop/complete-velocity-messages/install/motion_capture_tracking_interfaces/include/motion_capture_tracking_interfaces/motion_capture_tracking_interfaces/msg/rosidl_typesupport_fastrtps_cpp__visibility_control.h\n'}
[4.752073] (motion_capture_tracking_interfaces) StdoutLine: {'line': b'-- Symlinking: /home/bajdus/Desktop/complete-velocity-messages/install/motion_capture_tracking_interfaces/include/motion_capture_tracking_interfaces/motion_capture_tracking_interfaces/msg/detail/named_pose__rosidl_typesupport_introspection_c.h\n'}
[4.758072] (motion_capture_tracking_interfaces) StdoutLine: {'line': b'-- Symlinking: /home/bajdus/Desktop/complete-velocity-messages/install/motion_capture_tracking_interfaces/include/motion_capture_tracking_interfaces/motion_capture_tracking_interfaces/msg/detail/named_pose_array__rosidl_typesupport_introspection_c.h\n'}
[4.765711] (motion_capture_tracking_interfaces) StdoutLine: {'line': b'-- Symlinking: /home/bajdus/Desktop/complete-velocity-messages/install/motion_capture_tracking_interfaces/include/motion_capture_tracking_interfaces/motion_capture_tracking_interfaces/msg/detail/target_position__rosidl_typesupport_introspection_c.h\n'}
[4.770895] (motion_capture_tracking_interfaces) StdoutLine: {'line': b'-- Symlinking: /home/bajdus/Desktop/complete-velocity-messages/install/motion_capture_tracking_interfaces/include/motion_capture_tracking_interfaces/motion_capture_tracking_interfaces/msg/detail/target_position_array__rosidl_typesupport_introspection_c.h\n'}
[4.777836] (motion_capture_tracking_interfaces) StdoutLine: {'line': b'-- Symlinking: /home/bajdus/Desktop/complete-velocity-messages/install/motion_capture_tracking_interfaces/include/motion_capture_tracking_interfaces/motion_capture_tracking_interfaces/msg/rosidl_typesupport_introspection_c__visibility_control.h\n'}
[4.784580] (motion_capture_tracking_interfaces) StdoutLine: {'line': b'-- Symlinking: /home/bajdus/Desktop/complete-velocity-messages/install/motion_capture_tracking_interfaces/include/motion_capture_tracking_interfaces/motion_capture_tracking_interfaces/msg/detail/named_pose__rosidl_typesupport_introspection_cpp.hpp\n'}
[4.790727] (motion_capture_tracking_interfaces) StdoutLine: {'line': b'-- Symlinking: /home/bajdus/Desktop/complete-velocity-messages/install/motion_capture_tracking_interfaces/include/motion_capture_tracking_interfaces/motion_capture_tracking_interfaces/msg/detail/named_pose_array__rosidl_typesupport_introspection_cpp.hpp\n'}
[4.798059] (motion_capture_tracking_interfaces) StdoutLine: {'line': b'-- Symlinking: /home/bajdus/Desktop/complete-velocity-messages/install/motion_capture_tracking_interfaces/include/motion_capture_tracking_interfaces/motion_capture_tracking_interfaces/msg/detail/target_position__rosidl_typesupport_introspection_cpp.hpp\n'}
[4.805737] (motion_capture_tracking_interfaces) StdoutLine: {'line': b'-- Symlinking: /home/bajdus/Desktop/complete-velocity-messages/install/motion_capture_tracking_interfaces/include/motion_capture_tracking_interfaces/motion_capture_tracking_interfaces/msg/detail/target_position_array__rosidl_typesupport_introspection_cpp.hpp\n'}
[4.810848] (motion_capture_tracking_interfaces) StdoutLine: {'line': b'-- Symlinking: /home/bajdus/Desktop/complete-velocity-messages/install/motion_capture_tracking_interfaces/share/motion_capture_tracking_interfaces/environment/pythonpath.sh\n'}
[4.812092] (-) TimerEvent: {}
[4.818210] (motion_capture_tracking_interfaces) StdoutLine: {'line': b'-- Symlinking: /home/bajdus/Desktop/complete-velocity-messages/install/motion_capture_tracking_interfaces/share/motion_capture_tracking_interfaces/environment/pythonpath.dsv\n'}
[4.824259] (motion_capture_tracking_interfaces) StdoutLine: {'line': b'-- Symlinking: /home/bajdus/Desktop/complete-velocity-messages/install/motion_capture_tracking_interfaces/lib/python3.12/site-packages/motion_capture_tracking_interfaces-1.0.5-py3.12.egg-info/PKG-INFO\n'}
[4.829521] (motion_capture_tracking_interfaces) StdoutLine: {'line': b'-- Symlinking: /home/bajdus/Desktop/complete-velocity-messages/install/motion_capture_tracking_interfaces/lib/python3.12/site-packages/motion_capture_tracking_interfaces-1.0.5-py3.12.egg-info/SOURCES.txt\n'}
[4.834720] (motion_capture_tracking_interfaces) StdoutLine: {'line': b'-- Symlinking: /home/bajdus/Desktop/complete-velocity-messages/install/motion_capture_tracking_interfaces/lib/python3.12/site-packages/motion_capture_tracking_interfaces-1.0.5-py3.12.egg-info/dependency_links.txt\n'}
[4.840376] (motion_capture_tracking_interfaces) StdoutLine: {'line': b'-- Symlinking: /home/bajdus/Desktop/complete-velocity-messages/install/motion_capture_tracking_interfaces/lib/python3.12/site-packages/motion_capture_tracking_interfaces-1.0.5-py3.12.egg-info/top_level.txt\n'}
[4.848089] (motion_capture_tracking_interfaces) StdoutLine: {'line': b'-- Symlinking: /home/bajdus/Desktop/complete-velocity-messages/install/motion_capture_tracking_interfaces/lib/python3.12/site-packages/motion_capture_tracking_interfaces/__init__.py\n'}
[4.854199] (motion_capture_tracking_interfaces) StdoutLine: {'line': b'-- Symlinking: /home/bajdus/Desktop/complete-velocity-messages/install/motion_capture_tracking_interfaces/lib/python3.12/site-packages/motion_capture_tracking_interfaces/_motion_capture_tracking_interfaces_s.ep.rosidl_typesupport_c.c\n'}
[4.861829] (motion_capture_tracking_interfaces) StdoutLine: {'line': b'-- Symlinking: /home/bajdus/Desktop/complete-velocity-messages/install/motion_capture_tracking_interfaces/lib/python3.12/site-packages/motion_capture_tracking_interfaces/_motion_capture_tracking_interfaces_s.ep.rosidl_typesupport_fastrtps_c.c\n'}
[4.868575] (motion_capture_tracking_interfaces) StdoutLine: {'line': b'-- Symlinking: /home/bajdus/Desktop/complete-velocity-messages/install/motion_capture_tracking_interfaces/lib/python3.12/site-packages/motion_capture_tracking_interfaces/_motion_capture_tracking_interfaces_s.ep.rosidl_typesupport_introspection_c.c\n'}
[4.876655] (motion_capture_tracking_interfaces) StdoutLine: {'line': b'-- Symlinking: /home/bajdus/Desktop/complete-velocity-messages/install/motion_capture_tracking_interfaces/lib/python3.12/site-packages/motion_capture_tracking_interfaces/motion_capture_tracking_interfaces_s__rosidl_typesupport_c.so\n'}
[4.882422] (motion_capture_tracking_interfaces) StdoutLine: {'line': b'-- Symlinking: /home/bajdus/Desktop/complete-velocity-messages/install/motion_capture_tracking_interfaces/lib/python3.12/site-packages/motion_capture_tracking_interfaces/motion_capture_tracking_interfaces_s__rosidl_typesupport_fastrtps_c.so\n'}
[4.890960] (motion_capture_tracking_interfaces) StdoutLine: {'line': b'-- Symlinking: /home/bajdus/Desktop/complete-velocity-messages/install/motion_capture_tracking_interfaces/lib/python3.12/site-packages/motion_capture_tracking_interfaces/motion_capture_tracking_interfaces_s__rosidl_typesupport_introspection_c.so\n'}
[4.897157] (motion_capture_tracking_interfaces) StdoutLine: {'line': b'-- Symlinking: /home/bajdus/Desktop/complete-velocity-messages/install/motion_capture_tracking_interfaces/lib/python3.12/site-packages/motion_capture_tracking_interfaces/msg/__init__.py\n'}
[4.905514] (motion_capture_tracking_interfaces) StdoutLine: {'line': b'-- Symlinking: /home/bajdus/Desktop/complete-velocity-messages/install/motion_capture_tracking_interfaces/lib/python3.12/site-packages/motion_capture_tracking_interfaces/msg/_named_pose.py\n'}
[4.912162] (-) TimerEvent: {}
[4.913786] (motion_capture_tracking_interfaces) StdoutLine: {'line': b'-- Symlinking: /home/bajdus/Desktop/complete-velocity-messages/install/motion_capture_tracking_interfaces/lib/python3.12/site-packages/motion_capture_tracking_interfaces/msg/_named_pose_array.py\n'}
[4.918952] (motion_capture_tracking_interfaces) StdoutLine: {'line': b'-- Symlinking: /home/bajdus/Desktop/complete-velocity-messages/install/motion_capture_tracking_interfaces/lib/python3.12/site-packages/motion_capture_tracking_interfaces/msg/_named_pose_array_s.c\n'}
[4.924600] (motion_capture_tracking_interfaces) StdoutLine: {'line': b'-- Symlinking: /home/bajdus/Desktop/complete-velocity-messages/install/motion_capture_tracking_interfaces/lib/python3.12/site-packages/motion_capture_tracking_interfaces/msg/_named_pose_s.c\n'}
[4.932911] (motion_capture_tracking_interfaces) StdoutLine: {'line': b'-- Symlinking: /home/bajdus/Desktop/complete-velocity-messages/install/motion_capture_tracking_interfaces/lib/python3.12/site-packages/motion_capture_tracking_interfaces/msg/_target_position.py\n'}
[4.938623] (motion_capture_tracking_interfaces) StdoutLine: {'line': b'-- Symlinking: /home/bajdus/Desktop/complete-velocity-messages/install/motion_capture_tracking_interfaces/lib/python3.12/site-packages/motion_capture_tracking_interfaces/msg/_target_position_array.py\n'}
[4.943771] (motion_capture_tracking_interfaces) StdoutLine: {'line': b'-- Symlinking: /home/bajdus/Desktop/complete-velocity-messages/install/motion_capture_tracking_interfaces/lib/python3.12/site-packages/motion_capture_tracking_interfaces/msg/_target_position_array_s.c\n'}
[4.950275] (motion_capture_tracking_interfaces) StdoutLine: {'line': b'-- Symlinking: /home/bajdus/Desktop/complete-velocity-messages/install/motion_capture_tracking_interfaces/lib/python3.12/site-packages/motion_capture_tracking_interfaces/msg/_target_position_s.c\n'}
[4.956271] (motion_capture_tracking_interfaces) StdoutLine: {'line': b'-- Up-to-date symlink: /home/bajdus/Desktop/complete-velocity-messages/install/motion_capture_tracking_interfaces/lib/python3.12/site-packages/motion_capture_tracking_interfaces/motion_capture_tracking_interfaces_s__rosidl_typesupport_fastrtps_c.so\n'}
[4.956452] (motion_capture_tracking_interfaces) StdoutLine: {'line': b'-- Up-to-date symlink: /home/bajdus/Desktop/complete-velocity-messages/install/motion_capture_tracking_interfaces/lib/python3.12/site-packages/motion_capture_tracking_interfaces/motion_capture_tracking_interfaces_s__rosidl_typesupport_introspection_c.so\n'}
[4.956608] (motion_capture_tracking_interfaces) StdoutLine: {'line': b'-- Up-to-date symlink: /home/bajdus/Desktop/complete-velocity-messages/install/motion_capture_tracking_interfaces/lib/python3.12/site-packages/motion_capture_tracking_interfaces/motion_capture_tracking_interfaces_s__rosidl_typesupport_c.so\n'}
[4.956722] (motion_capture_tracking_interfaces) StdoutLine: {'line': b'-- Symlinking: /home/bajdus/Desktop/complete-velocity-messages/install/motion_capture_tracking_interfaces/share/motion_capture_tracking_interfaces/msg/NamedPose.idl\n'}
[4.962781] (motion_capture_tracking_interfaces) StdoutLine: {'line': b'-- Symlinking: /home/bajdus/Desktop/complete-velocity-messages/install/motion_capture_tracking_interfaces/share/motion_capture_tracking_interfaces/msg/NamedPoseArray.idl\n'}
[4.968843] (motion_capture_tracking_interfaces) StdoutLine: {'line': b'-- Symlinking: /home/bajdus/Desktop/complete-velocity-messages/install/motion_capture_tracking_interfaces/share/motion_capture_tracking_interfaces/msg/TargetPosition.idl\n'}
[4.977443] (motion_capture_tracking_interfaces) StdoutLine: {'line': b'-- Symlinking: /home/bajdus/Desktop/complete-velocity-messages/install/motion_capture_tracking_interfaces/share/motion_capture_tracking_interfaces/msg/TargetPositionArray.idl\n'}
[4.983500] (motion_capture_tracking_interfaces) StdoutLine: {'line': b'-- Symlinking: /home/bajdus/Desktop/complete-velocity-messages/install/motion_capture_tracking_interfaces/share/motion_capture_tracking_interfaces/msg/NamedPose.msg\n'}
[4.988765] (motion_capture_tracking_interfaces) StdoutLine: {'line': b'-- Symlinking: /home/bajdus/Desktop/complete-velocity-messages/install/motion_capture_tracking_interfaces/share/motion_capture_tracking_interfaces/msg/NamedPoseArray.msg\n'}
[4.993631] (motion_capture_tracking_interfaces) StdoutLine: {'line': b'-- Symlinking: /home/bajdus/Desktop/complete-velocity-messages/install/motion_capture_tracking_interfaces/share/motion_capture_tracking_interfaces/msg/TargetPosition.msg\n'}
[5.000966] (motion_capture_tracking_interfaces) StdoutLine: {'line': b'-- Symlinking: /home/bajdus/Desktop/complete-velocity-messages/install/motion_capture_tracking_interfaces/share/motion_capture_tracking_interfaces/msg/TargetPositionArray.msg\n'}
[5.009330] (motion_capture_tracking_interfaces) StdoutLine: {'line': b'-- Symlinking: /home/bajdus/Desktop/complete-velocity-messages/install/motion_capture_tracking_interfaces/share/ament_index/resource_index/package_run_dependencies/motion_capture_tracking_interfaces\n'}
[5.012232] (-) TimerEvent: {}
[5.016957] (motion_capture_tracking_interfaces) StdoutLine: {'line': b'-- Symlinking: /home/bajdus/Desktop/complete-velocity-messages/install/motion_capture_tracking_interfaces/share/ament_index/resource_index/parent_prefix_path/motion_capture_tracking_interfaces\n'}
[5.023194] (motion_capture_tracking_interfaces) StdoutLine: {'line': b'-- Symlinking: /home/bajdus/Desktop/complete-velocity-messages/install/motion_capture_tracking_interfaces/share/motion_capture_tracking_interfaces/environment/ament_prefix_path.sh\n'}
[5.028449] (motion_capture_tracking_interfaces) StdoutLine: {'line': b'-- Symlinking: /home/bajdus/Desktop/complete-velocity-messages/install/motion_capture_tracking_interfaces/share/motion_capture_tracking_interfaces/environment/ament_prefix_path.dsv\n'}
[5.034130] (motion_capture_tracking_interfaces) StdoutLine: {'line': b'-- Symlinking: /home/bajdus/Desktop/complete-velocity-messages/install/motion_capture_tracking_interfaces/share/motion_capture_tracking_interfaces/environment/path.sh\n'}
[5.041381] (motion_capture_tracking_interfaces) StdoutLine: {'line': b'-- Symlinking: /home/bajdus/Desktop/complete-velocity-messages/install/motion_capture_tracking_interfaces/share/motion_capture_tracking_interfaces/environment/path.dsv\n'}
[5.049614] (motion_capture_tracking_interfaces) StdoutLine: {'line': b'-- Symlinking: /home/bajdus/Desktop/complete-velocity-messages/install/motion_capture_tracking_interfaces/share/motion_capture_tracking_interfaces/local_setup.bash\n'}
[5.054798] (motion_capture_tracking_interfaces) StdoutLine: {'line': b'-- Symlinking: /home/bajdus/Desktop/complete-velocity-messages/install/motion_capture_tracking_interfaces/share/motion_capture_tracking_interfaces/local_setup.sh\n'}
[5.063065] (motion_capture_tracking_interfaces) StdoutLine: {'line': b'-- Symlinking: /home/bajdus/Desktop/complete-velocity-messages/install/motion_capture_tracking_interfaces/share/motion_capture_tracking_interfaces/local_setup.zsh\n'}
[5.069819] (motion_capture_tracking_interfaces) StdoutLine: {'line': b'-- Symlinking: /home/bajdus/Desktop/complete-velocity-messages/install/motion_capture_tracking_interfaces/share/motion_capture_tracking_interfaces/local_setup.dsv\n'}
[5.074713] (motion_capture_tracking_interfaces) StdoutLine: {'line': b'-- Symlinking: /home/bajdus/Desktop/complete-velocity-messages/install/motion_capture_tracking_interfaces/share/motion_capture_tracking_interfaces/package.dsv\n'}
[5.082773] (motion_capture_tracking_interfaces) StdoutLine: {'line': b'-- Symlinking: /home/bajdus/Desktop/complete-velocity-messages/install/motion_capture_tracking_interfaces/share/ament_index/resource_index/packages/motion_capture_tracking_interfaces\n'}
[5.087744] (motion_capture_tracking_interfaces) StdoutLine: {'line': b'-- Symlinking: /home/bajdus/Desktop/complete-velocity-messages/install/motion_capture_tracking_interfaces/share/motion_capture_tracking_interfaces/cmake/rosidl_cmake-extras.cmake\n'}
[5.092720] (motion_capture_tracking_interfaces) StdoutLine: {'line': b'-- Symlinking: /home/bajdus/Desktop/complete-velocity-messages/install/motion_capture_tracking_interfaces/share/motion_capture_tracking_interfaces/cmake/ament_cmake_export_dependencies-extras.cmake\n'}
[5.098143] (motion_capture_tracking_interfaces) StdoutLine: {'line': b'-- Symlinking: /home/bajdus/Desktop/complete-velocity-messages/install/motion_capture_tracking_interfaces/share/motion_capture_tracking_interfaces/cmake/ament_cmake_export_include_directories-extras.cmake\n'}
[5.103874] (motion_capture_tracking_interfaces) StdoutLine: {'line': b'-- Symlinking: /home/bajdus/Desktop/complete-velocity-messages/install/motion_capture_tracking_interfaces/share/motion_capture_tracking_interfaces/cmake/ament_cmake_export_libraries-extras.cmake\n'}
[5.110676] (motion_capture_tracking_interfaces) StdoutLine: {'line': b'-- Symlinking: /home/bajdus/Desktop/complete-velocity-messages/install/motion_capture_tracking_interfaces/share/motion_capture_tracking_interfaces/cmake/ament_cmake_export_targets-extras.cmake\n'}
[5.112320] (-) TimerEvent: {}
[5.117050] (motion_capture_tracking_interfaces) StdoutLine: {'line': b'-- Symlinking: /home/bajdus/Desktop/complete-velocity-messages/install/motion_capture_tracking_interfaces/share/motion_capture_tracking_interfaces/cmake/rosidl_cmake_export_typesupport_targets-extras.cmake\n'}
[5.122876] (motion_capture_tracking_interfaces) StdoutLine: {'line': b'-- Symlinking: /home/bajdus/Desktop/complete-velocity-messages/install/motion_capture_tracking_interfaces/share/motion_capture_tracking_interfaces/cmake/rosidl_cmake_export_typesupport_libraries-extras.cmake\n'}
[5.130744] (motion_capture_tracking_interfaces) StdoutLine: {'line': b'-- Symlinking: /home/bajdus/Desktop/complete-velocity-messages/install/motion_capture_tracking_interfaces/share/motion_capture_tracking_interfaces/cmake/motion_capture_tracking_interfacesConfig.cmake\n'}
[5.136447] (motion_capture_tracking_interfaces) StdoutLine: {'line': b'-- Symlinking: /home/bajdus/Desktop/complete-velocity-messages/install/motion_capture_tracking_interfaces/share/motion_capture_tracking_interfaces/cmake/motion_capture_tracking_interfacesConfig-version.cmake\n'}
[5.143237] (motion_capture_tracking_interfaces) StdoutLine: {'line': b'-- Symlinking: /home/bajdus/Desktop/complete-velocity-messages/install/motion_capture_tracking_interfaces/share/motion_capture_tracking_interfaces/package.xml\n'}
[5.148487] (motion_capture_tracking_interfaces) StdoutLine: {'line': b'-- Installing: /home/bajdus/Desktop/complete-velocity-messages/install/motion_capture_tracking_interfaces/lib/libmotion_capture_tracking_interfaces__rosidl_generator_c.so\n'}
[5.148759] (motion_capture_tracking_interfaces) StdoutLine: {'line': b'-- Set non-toolchain portion of runtime path of "/home/bajdus/Desktop/complete-velocity-messages/install/motion_capture_tracking_interfaces/lib/libmotion_capture_tracking_interfaces__rosidl_generator_c.so" to ""\n'}
[5.148887] (motion_capture_tracking_interfaces) StdoutLine: {'line': b'-- Installing: /home/bajdus/Desktop/complete-velocity-messages/install/motion_capture_tracking_interfaces/lib/libmotion_capture_tracking_interfaces__rosidl_typesupport_fastrtps_c.so\n'}
[5.149068] (motion_capture_tracking_interfaces) StdoutLine: {'line': b'-- Set non-toolchain portion of runtime path of "/home/bajdus/Desktop/complete-velocity-messages/install/motion_capture_tracking_interfaces/lib/libmotion_capture_tracking_interfaces__rosidl_typesupport_fastrtps_c.so" to ""\n'}
[5.149189] (motion_capture_tracking_interfaces) StdoutLine: {'line': b'-- Installing: /home/bajdus/Desktop/complete-velocity-messages/install/motion_capture_tracking_interfaces/lib/libmotion_capture_tracking_interfaces__rosidl_typesupport_fastrtps_cpp.so\n'}
[5.149354] (motion_capture_tracking_interfaces) StdoutLine: {'line': b'-- Set non-toolchain portion of runtime path of "/home/bajdus/Desktop/complete-velocity-messages/install/motion_capture_tracking_interfaces/lib/libmotion_capture_tracking_interfaces__rosidl_typesupport_fastrtps_cpp.so" to ""\n'}
[5.149468] (motion_capture_tracking_interfaces) StdoutLine: {'line': b'-- Installing: /home/bajdus/Desktop/complete-velocity-messages/install/motion_capture_tracking_interfaces/lib/libmotion_capture_tracking_interfaces__rosidl_typesupport_introspection_c.so\n'}
[5.149569] (motion_capture_tracking_interfaces) StdoutLine: {'line': b'-- Set non-toolchain portion of runtime path of "/home/bajdus/Desktop/complete-velocity-messages/install/motion_capture_tracking_interfaces/lib/libmotion_capture_tracking_interfaces__rosidl_typesupport_introspection_c.so" to ""\n'}
[5.149651] (motion_capture_tracking_interfaces) StdoutLine: {'line': b'-- Installing: /home/bajdus/Desktop/complete-velocity-messages/install/motion_capture_tracking_interfaces/lib/libmotion_capture_tracking_interfaces__rosidl_typesupport_c.so\n'}
[5.149760] (motion_capture_tracking_interfaces) StdoutLine: {'line': b'-- Set non-toolchain portion of runtime path of "/home/bajdus/Desktop/complete-velocity-messages/install/motion_capture_tracking_interfaces/lib/libmotion_capture_tracking_interfaces__rosidl_typesupport_c.so" to ""\n'}
[5.149838] (motion_capture_tracking_interfaces) StdoutLine: {'line': b'-- Installing: /home/bajdus/Desktop/complete-velocity-messages/install/motion_capture_tracking_interfaces/lib/libmotion_capture_tracking_interfaces__rosidl_typesupport_introspection_cpp.so\n'}
[5.150125] (motion_capture_tracking_interfaces) StdoutLine: {'line': b'-- Set non-toolchain portion of runtime path of "/home/bajdus/Desktop/complete-velocity-messages/install/motion_capture_tracking_interfaces/lib/libmotion_capture_tracking_interfaces__rosidl_typesupport_introspection_cpp.so" to ""\n'}
[5.150258] (motion_capture_tracking_interfaces) StdoutLine: {'line': b'-- Installing: /home/bajdus/Desktop/complete-velocity-messages/install/motion_capture_tracking_interfaces/lib/libmotion_capture_tracking_interfaces__rosidl_typesupport_cpp.so\n'}
[5.150654] (motion_capture_tracking_interfaces) StdoutLine: {'line': b'-- Set non-toolchain portion of runtime path of "/home/bajdus/Desktop/complete-velocity-messages/install/motion_capture_tracking_interfaces/lib/libmotion_capture_tracking_interfaces__rosidl_typesupport_cpp.so" to ""\n'}
[5.186755] (motion_capture_tracking_interfaces) StdoutLine: {'line': b"Listing '/home/bajdus/Desktop/complete-velocity-messages/install/motion_capture_tracking_interfaces/lib/python3.12/site-packages/motion_capture_tracking_interfaces'...\n"}
[5.186937] (motion_capture_tracking_interfaces) StdoutLine: {'line': b"Compiling '/home/bajdus/Desktop/complete-velocity-messages/install/motion_capture_tracking_interfaces/lib/python3.12/site-packages/motion_capture_tracking_interfaces/__init__.py'...\n"}
[5.187023] (motion_capture_tracking_interfaces) StdoutLine: {'line': b"Listing '/home/bajdus/Desktop/complete-velocity-messages/install/motion_capture_tracking_interfaces/lib/python3.12/site-packages/motion_capture_tracking_interfaces/msg'...\n"}
[5.187112] (motion_capture_tracking_interfaces) StdoutLine: {'line': b"Compiling '/home/bajdus/Desktop/complete-velocity-messages/install/motion_capture_tracking_interfaces/lib/python3.12/site-packages/motion_capture_tracking_interfaces/msg/__init__.py'...\n"}
[5.187190] (motion_capture_tracking_interfaces) StdoutLine: {'line': b"Compiling '/home/bajdus/Desktop/complete-velocity-messages/install/motion_capture_tracking_interfaces/lib/python3.12/site-packages/motion_capture_tracking_interfaces/msg/_named_pose.py'...\n"}
[5.187276] (motion_capture_tracking_interfaces) StdoutLine: {'line': b"Compiling '/home/bajdus/Desktop/complete-velocity-messages/install/motion_capture_tracking_interfaces/lib/python3.12/site-packages/motion_capture_tracking_interfaces/msg/_named_pose_array.py'...\n"}
[5.187360] (motion_capture_tracking_interfaces) StdoutLine: {'line': b"Compiling '/home/bajdus/Desktop/complete-velocity-messages/install/motion_capture_tracking_interfaces/lib/python3.12/site-packages/motion_capture_tracking_interfaces/msg/_target_position.py'...\n"}
[5.187435] (motion_capture_tracking_interfaces) StdoutLine: {'line': b"Compiling '/home/bajdus/Desktop/complete-velocity-messages/install/motion_capture_tracking_interfaces/lib/python3.12/site-packages/motion_capture_tracking_interfaces/msg/_target_position_array.py'...\n"}
[5.190446] (motion_capture_tracking_interfaces) StdoutLine: {'line': b'-- Installing: /home/bajdus/Desktop/complete-velocity-messages/install/motion_capture_tracking_interfaces/lib/libmotion_capture_tracking_interfaces__rosidl_generator_py.so\n'}
[5.191009] (motion_capture_tracking_interfaces) StdoutLine: {'line': b'-- Set non-toolchain portion of runtime path of "/home/bajdus/Desktop/complete-velocity-messages/install/motion_capture_tracking_interfaces/lib/libmotion_capture_tracking_interfaces__rosidl_generator_py.so" to ""\n'}
[5.191196] (motion_capture_tracking_interfaces) StdoutLine: {'line': b'-- Installing: /home/bajdus/Desktop/complete-velocity-messages/install/motion_capture_tracking_interfaces/share/motion_capture_tracking_interfaces/cmake/export_motion_capture_tracking_interfaces__rosidl_generator_cExport.cmake\n'}
[5.191371] (motion_capture_tracking_interfaces) StdoutLine: {'line': b'-- Installing: /home/bajdus/Desktop/complete-velocity-messages/install/motion_capture_tracking_interfaces/share/motion_capture_tracking_interfaces/cmake/export_motion_capture_tracking_interfaces__rosidl_generator_cExport-noconfig.cmake\n'}
[5.191603] (motion_capture_tracking_interfaces) StdoutLine: {'line': b'-- Installing: /home/bajdus/Desktop/complete-velocity-messages/install/motion_capture_tracking_interfaces/share/motion_capture_tracking_interfaces/cmake/export_motion_capture_tracking_interfaces__rosidl_typesupport_fastrtps_cExport.cmake\n'}
[5.191748] (motion_capture_tracking_interfaces) StdoutLine: {'line': b'-- Installing: /home/bajdus/Desktop/complete-velocity-messages/install/motion_capture_tracking_interfaces/share/motion_capture_tracking_interfaces/cmake/export_motion_capture_tracking_interfaces__rosidl_typesupport_fastrtps_cExport-noconfig.cmake\n'}
[5.191862] (motion_capture_tracking_interfaces) StdoutLine: {'line': b'-- Installing: /home/bajdus/Desktop/complete-velocity-messages/install/motion_capture_tracking_interfaces/share/motion_capture_tracking_interfaces/cmake/export_motion_capture_tracking_interfaces__rosidl_generator_cppExport.cmake\n'}
[5.191956] (motion_capture_tracking_interfaces) StdoutLine: {'line': b'-- Installing: /home/bajdus/Desktop/complete-velocity-messages/install/motion_capture_tracking_interfaces/share/motion_capture_tracking_interfaces/cmake/export_motion_capture_tracking_interfaces__rosidl_typesupport_fastrtps_cppExport.cmake\n'}
[5.192073] (motion_capture_tracking_interfaces) StdoutLine: {'line': b'-- Installing: /home/bajdus/Desktop/complete-velocity-messages/install/motion_capture_tracking_interfaces/share/motion_capture_tracking_interfaces/cmake/export_motion_capture_tracking_interfaces__rosidl_typesupport_fastrtps_cppExport-noconfig.cmake\n'}
[5.192176] (motion_capture_tracking_interfaces) StdoutLine: {'line': b'-- Installing: /home/bajdus/Desktop/complete-velocity-messages/install/motion_capture_tracking_interfaces/share/motion_capture_tracking_interfaces/cmake/motion_capture_tracking_interfaces__rosidl_typesupport_introspection_cExport.cmake\n'}
[5.192316] (motion_capture_tracking_interfaces) StdoutLine: {'line': b'-- Installing: /home/bajdus/Desktop/complete-velocity-messages/install/motion_capture_tracking_interfaces/share/motion_capture_tracking_interfaces/cmake/motion_capture_tracking_interfaces__rosidl_typesupport_introspection_cExport-noconfig.cmake\n'}
[5.192416] (motion_capture_tracking_interfaces) StdoutLine: {'line': b'-- Installing: /home/bajdus/Desktop/complete-velocity-messages/install/motion_capture_tracking_interfaces/share/motion_capture_tracking_interfaces/cmake/motion_capture_tracking_interfaces__rosidl_typesupport_cExport.cmake\n'}
[5.192507] (motion_capture_tracking_interfaces) StdoutLine: {'line': b'-- Installing: /home/bajdus/Desktop/complete-velocity-messages/install/motion_capture_tracking_interfaces/share/motion_capture_tracking_interfaces/cmake/motion_capture_tracking_interfaces__rosidl_typesupport_cExport-noconfig.cmake\n'}
[5.192601] (motion_capture_tracking_interfaces) StdoutLine: {'line': b'-- Installing: /home/bajdus/Desktop/complete-velocity-messages/install/motion_capture_tracking_interfaces/share/motion_capture_tracking_interfaces/cmake/motion_capture_tracking_interfaces__rosidl_typesupport_introspection_cppExport.cmake\n'}
[5.192699] (motion_capture_tracking_interfaces) StdoutLine: {'line': b'-- Installing: /home/bajdus/Desktop/complete-velocity-messages/install/motion_capture_tracking_interfaces/share/motion_capture_tracking_interfaces/cmake/motion_capture_tracking_interfaces__rosidl_typesupport_introspection_cppExport-noconfig.cmake\n'}
[5.192807] (motion_capture_tracking_interfaces) StdoutLine: {'line': b'-- Installing: /home/bajdus/Desktop/complete-velocity-messages/install/motion_capture_tracking_interfaces/share/motion_capture_tracking_interfaces/cmake/motion_capture_tracking_interfaces__rosidl_typesupport_cppExport.cmake\n'}
[5.192889] (motion_capture_tracking_interfaces) StdoutLine: {'line': b'-- Installing: /home/bajdus/Desktop/complete-velocity-messages/install/motion_capture_tracking_interfaces/share/motion_capture_tracking_interfaces/cmake/motion_capture_tracking_interfaces__rosidl_typesupport_cppExport-noconfig.cmake\n'}
[5.193022] (motion_capture_tracking_interfaces) StdoutLine: {'line': b'-- Installing: /home/bajdus/Desktop/complete-velocity-messages/install/motion_capture_tracking_interfaces/share/motion_capture_tracking_interfaces/cmake/export_motion_capture_tracking_interfaces__rosidl_generator_pyExport.cmake\n'}
[5.193245] (motion_capture_tracking_interfaces) StdoutLine: {'line': b'-- Installing: /home/bajdus/Desktop/complete-velocity-messages/install/motion_capture_tracking_interfaces/share/motion_capture_tracking_interfaces/cmake/export_motion_capture_tracking_interfaces__rosidl_generator_pyExport-noconfig.cmake\n'}
[5.195510] (motion_capture_tracking_interfaces) CommandEnded: {'returncode': 0}
[5.210138] (motion_capture_tracking_interfaces) JobEnded: {'identifier': 'motion_capture_tracking_interfaces', 'rc': 0}
[5.210722] (crazyflie_control) JobStarted: {'identifier': 'crazyflie_control'}
[5.212384] (-) TimerEvent: {}
[5.212636] (motion_capture_tracking) JobStarted: {'identifier': 'motion_capture_tracking'}
[5.312478] (-) TimerEvent: {}
[5.351533] (motion_capture_tracking) JobProgress: {'identifier': 'motion_capture_tracking', 'progress': 'cmake'}
[5.351777] (motion_capture_tracking) Command: {'cmd': ['/usr/bin/cmake', '/home/bajdus/Desktop/complete-velocity-messages/ros_ws/src/motion_capture_tracking/motion_capture_tracking', '-DAMENT_CMAKE_SYMLINK_INSTALL=1', '-DCMAKE_INSTALL_PREFIX=/home/bajdus/Desktop/complete-velocity-messages/install/motion_capture_tracking'], 'cwd': '/home/bajdus/Desktop/complete-velocity-messages/build/motion_capture_tracking', 'env': OrderedDict({'GJS_DEBUG_TOPICS': 'JS ERROR;JS LOG', 'XDG_ACTIVATION_TOKEN': 'gnome-shell/Terminator/3846-7-LC2075-LIN_TIME268001038', 'LESSOPEN': '| /usr/bin/lesspipe %s', 'USER': 'bajdus', 'XDG_SESSION_TYPE': 'x11', 'SHLVL': '1', 'LD_LIBRARY_PATH': '/home/bajdus/Desktop/complete-velocity-messages/install/motion_capture_tracking_interfaces/lib:/usr/local/lib:/opt/ros/jazzy/opt/rviz_ogre_vendor/lib:/opt/ros/jazzy/lib/x86_64-linux-gnu:/opt/ros/jazzy/opt/gz_math_vendor/lib:/opt/ros/jazzy/opt/gz_utils_vendor/lib:/opt/ros/jazzy/opt/gz_cmake_vendor/lib:/opt/ros/jazzy/lib', 'HOME': '/home/bajdus', 'OLDPWD': '/home/bajdus', 'DESKTOP_SESSION': 'ubuntu', 'GIO_LAUNCHED_DESKTOP_FILE': '/usr/share/applications/terminator.desktop', 'ROS_PYTHON_VERSION': '3', 'GNOME_SHELL_SESSION_MODE': 'ubuntu', 'GTK_MODULES': 'gail:atk-bridge', 'MANAGERPID': '3285', 'SYSTEMD_EXEC_PID': '3846', 'GSM_SKIP_SSH_AGENT_WORKAROUND': 'true', 'DBUS_SESSION_BUS_ADDRESS': 'unix:path=/run/user/59016586/bus', 'COLORTERM': 'truecolor', 'TERMINATOR_DBUS_NAME': 'net.tenshu.Terminator23558193cd9818af7fe4d2c2f5bd9d00f', 'GIO_LAUNCHED_DESKTOP_FILE_PID': '230765', 'DEBUGINFOD_URLS': 'https://debuginfod.ubuntu.com', 'ROS_DISTRO': 'jazzy', 'LOGNAME': 'bajdus', 'JOURNAL_STREAM': '9:12286', '_': '/usr/bin/colcon', 'ROS_VERSION': '2', 'MEMORY_PRESSURE_WATCH': '/sys/fs/cgroup/user.slice/user-59016586.slice/user@59016586.service/session.slice/org.gnome.Shell@x11.service/memory.pressure', 'XDG_SESSION_CLASS': 'user', 'USERNAME': 'bajdus', 'TERM': 'xterm-256color', 'GNOME_DESKTOP_SESSION_ID': 'this-is-deprecated', 'WINDOWPATH': '2', 'PATH': '/opt/ros/jazzy/bin:/usr/local/sbin:/usr/local/bin:/usr/sbin:/usr/bin:/sbin:/bin:/usr/games:/usr/local/games:/snap/bin:/snap/bin', 'SESSION_MANAGER': 'local/LC2075-LIN:@/tmp/.ICE-unix/3791,unix/LC2075-LIN:/tmp/.ICE-unix/3791', 'INVOCATION_ID': 'f7d2e5f172f547d6a5a038ef75785c03', 'XDG_MENU_PREFIX': 'gnome-', 'XDG_RUNTIME_DIR': '/run/user/59016586', 'DISPLAY': ':1', 'TERMINATOR_DBUS_PATH': '/net/tenshu/Terminator2', 'LANG': 'en_US.UTF-8', 'XDG_CURRENT_DESKTOP': 'ubuntu:GNOME', 'XMODIFIERS': '@im=ibus', 'XDG_SESSION_DESKTOP': 'ubuntu', 'XAUTHORITY': '/run/user/59016586/gdm/Xauthority', 'LS_COLORS': 'rs=0:di=01;34:ln=01;36:mh=00:pi=40;33:so=01;35:do=01;35:bd=40;33;01:cd=40;33;01:or=40;31;01:mi=00:su=37;41:sg=30;43:ca=00:tw=30;42:ow=34;42:st=37;44:ex=01;32:*.tar=01;31:*.tgz=01;31:*.arc=01;31:*.arj=01;31:*.taz=01;31:*.lha=01;31:*.lz4=01;31:*.lzh=01;31:*.lzma=01;31:*.tlz=01;31:*.txz=01;31:*.tzo=01;31:*.t7z=01;31:*.zip=01;31:*.z=01;31:*.dz=01;31:*.gz=01;31:*.lrz=01;31:*.lz=01;31:*.lzo=01;31:*.xz=01;31:*.zst=01;31:*.tzst=01;31:*.bz2=01;31:*.bz=01;31:*.tbz=01;31:*.tbz2=01;31:*.tz=01;31:*.deb=01;31:*.rpm=01;31:*.jar=01;31:*.war=01;31:*.ear=01;31:*.sar=01;31:*.rar=01;31:*.alz=01;31:*.ace=01;31:*.zoo=01;31:*.cpio=01;31:*.7z=01;31:*.rz=01;31:*.cab=01;31:*.wim=01;31:*.swm=01;31:*.dwm=01;31:*.esd=01;31:*.avif=01;35:*.jpg=01;35:*.jpeg=01;35:*.mjpg=01;35:*.mjpeg=01;35:*.gif=01;35:*.bmp=01;35:*.pbm=01;35:*.pgm=01;35:*.ppm=01;35:*.tga=01;35:*.xbm=01;35:*.xpm=01;35:*.tif=01;35:*.tiff=01;35:*.png=01;35:*.svg=01;35:*.svgz=01;35:*.mng=01;35:*.pcx=01;35:*.mov=01;35:*.mpg=01;35:*.mpeg=01;35:*.m2v=01;35:*.mkv=01;35:*.webm=01;35:*.webp=01;35:*.ogm=01;35:*.mp4=01;35:*.m4v=01;35:*.mp4v=01;35:*.vob=01;35:*.qt=01;35:*.nuv=01;35:*.wmv=01;35:*.asf=01;35:*.rm=01;35:*.rmvb=01;35:*.flc=01;35:*.avi=01;35:*.fli=01;35:*.flv=01;35:*.gl=01;35:*.dl=01;35:*.xcf=01;35:*.xwd=01;35:*.yuv=01;35:*.cgm=01;35:*.emf=01;35:*.ogv=01;35:*.ogx=01;35:*.aac=00;36:*.au=00;36:*.flac=00;36:*.m4a=00;36:*.mid=00;36:*.midi=00;36:*.mka=00;36:*.mp3=00;36:*.mpc=00;36:*.ogg=00;36:*.ra=00;36:*.wav=00;36:*.oga=00;36:*.opus=00;36:*.spx=00;36:*.xspf=00;36:*~=00;90:*#=00;90:*.bak=00;90:*.crdownload=00;90:*.dpkg-dist=00;90:*.dpkg-new=00;90:*.dpkg-old=00;90:*.dpkg-tmp=00;90:*.old=00;90:*.orig=00;90:*.part=00;90:*.rej=00;90:*.rpmnew=00;90:*.rpmorig=00;90:*.rpmsave=00;90:*.swp=00;90:*.tmp=00;90:*.ucf-dist=00;90:*.ucf-new=00;90:*.ucf-old=00;90:', 'SSH_AUTH_SOCK': '/run/user/59016586/keyring/ssh', 'AMENT_PREFIX_PATH': '/home/bajdus/Desktop/complete-velocity-messages/install/motion_capture_tracking_interfaces:/opt/ros/jazzy', 'SHELL': '/bin/bash', 'TERMINATOR_UUID': 'urn:uuid:7cab34ee-6329-4ac2-b930-08f00f6a5ec6', 'KRB5CCNAME': 'FILE:/tmp/krb5cc_59016586_mxG3pu', 'QT_ACCESSIBILITY': '1', 'GDMSESSION': 'ubuntu', 'LESSCLOSE': '/usr/bin/lesspipe %s %s', 'GPG_AGENT_INFO': '/run/user/59016586/gnupg/S.gpg-agent:0:1', 'GJS_DEBUG_OUTPUT': 'stderr', 'ROS_AUTOMATIC_DISCOVERY_RANGE': 'SUBNET', 'QT_IM_MODULE': 'ibus', 'PWD': '/home/bajdus/Desktop/complete-velocity-messages/build/motion_capture_tracking', 'LC_ALL': 'en_US.UTF-8', 'XDG_CONFIG_DIRS': '/etc/xdg/xdg-ubuntu:/etc/xdg', 'XDG_DATA_DIRS': '/usr/share/ubuntu:/usr/share/gnome:/usr/local/share/:/usr/share/:/var/lib/snapd/desktop', 'PYTHONPATH': '/home/bajdus/Desktop/complete-velocity-messages/install/motion_capture_tracking_interfaces/lib/python3.12/site-packages:/opt/ros/jazzy/lib/python3.12/site-packages', 'COLCON': '1', 'MEMORY_PRESSURE_WRITE': 'c29tZSAyMDAwMDAgMjAwMDAwMAA=', 'VTE_VERSION': '7600', 'CMAKE_PREFIX_PATH': '/home/bajdus/Desktop/complete-velocity-messages/install/motion_capture_tracking_interfaces:/usr/local:/opt/ros/jazzy/opt/gz_math_vendor:/opt/ros/jazzy/opt/gz_utils_vendor:/opt/ros/jazzy/opt/gz_cmake_vendor:/opt/ros/jazzy'}), 'shell': False}
[5.392548] (motion_capture_tracking) StdoutLine: {'line': b'-- The C compiler identification is GNU 13.3.0\n'}
[5.412567] (-) TimerEvent: {}
[5.431927] (motion_capture_tracking) StdoutLine: {'line': b'-- The CXX compiler identification is GNU 13.3.0\n'}
[5.443718] (motion_capture_tracking) StdoutLine: {'line': b'-- Detecting C compiler ABI info\n'}
[5.512366] (motion_capture_tracking) StdoutLine: {'line': b'-- Detecting C compiler ABI info - done\n'}
[5.512621] (-) TimerEvent: {}
[5.520276] (motion_capture_tracking) StdoutLine: {'line': b'-- Check for working C compiler: /usr/bin/cc - skipped\n'}
[5.520486] (motion_capture_tracking) StdoutLine: {'line': b'-- Detecting C compile features\n'}
[5.520781] (motion_capture_tracking) StdoutLine: {'line': b'-- Detecting C compile features - done\n'}
[5.528901] (motion_capture_tracking) StdoutLine: {'line': b'-- Detecting CXX compiler ABI info\n'}
[5.610370] (motion_capture_tracking) StdoutLine: {'line': b'-- Detecting CXX compiler ABI info - done\n'}
[5.612717] (-) TimerEvent: {}
[5.616059] (motion_capture_tracking) StdoutLine: {'line': b'-- Check for working CXX compiler: /usr/bin/c++ - skipped\n'}
[5.616182] (motion_capture_tracking) StdoutLine: {'line': b'-- Detecting CXX compile features\n'}
[5.616517] (motion_capture_tracking) StdoutLine: {'line': b'-- Detecting CXX compile features - done\n'}
[5.618132] (motion_capture_tracking) StdoutLine: {'line': b'-- Found ament_cmake: 2.5.3 (/opt/ros/jazzy/share/ament_cmake/cmake)\n'}
[5.712796] (-) TimerEvent: {}
[5.727762] (motion_capture_tracking) StdoutLine: {'line': b'-- Found Python3: /usr/bin/python3 (found version "3.12.3") found components: Interpreter \n'}
[5.778766] (motion_capture_tracking) StdoutLine: {'line': b'-- Override CMake install command with custom implementation using symlinks instead of copying resources\n'}
[5.799199] (motion_capture_tracking) StdoutLine: {'line': b'-- Found rclcpp: 28.1.6 (/opt/ros/jazzy/share/rclcpp/cmake)\n'}
[5.806918] (crazyflie_control) Command: {'cmd': ['/usr/bin/python3', '-W', 'ignore:setup.py install is deprecated', '-W', 'ignore:easy_install command is deprecated', 'setup.py', 'develop', '--editable', '--build-directory', '/home/bajdus/Desktop/complete-velocity-messages/build/crazyflie_control/build', '--no-deps', 'symlink_data'], 'cwd': '/home/bajdus/Desktop/complete-velocity-messages/build/crazyflie_control', 'env': {'GJS_DEBUG_TOPICS': 'JS ERROR;JS LOG', 'XDG_ACTIVATION_TOKEN': 'gnome-shell/Terminator/3846-7-LC2075-LIN_TIME268001038', 'LESSOPEN': '| /usr/bin/lesspipe %s', 'USER': 'bajdus', 'XDG_SESSION_TYPE': 'x11', 'SHLVL': '1', 'LD_LIBRARY_PATH': '/home/bajdus/Desktop/complete-velocity-messages/install/motion_capture_tracking_interfaces/lib:/usr/local/lib:/opt/ros/jazzy/opt/rviz_ogre_vendor/lib:/opt/ros/jazzy/lib/x86_64-linux-gnu:/opt/ros/jazzy/opt/gz_math_vendor/lib:/opt/ros/jazzy/opt/gz_utils_vendor/lib:/opt/ros/jazzy/opt/gz_cmake_vendor/lib:/opt/ros/jazzy/lib', 'HOME': '/home/bajdus', 'OLDPWD': '/home/bajdus', 'DESKTOP_SESSION': 'ubuntu', 'GIO_LAUNCHED_DESKTOP_FILE': '/usr/share/applications/terminator.desktop', 'ROS_PYTHON_VERSION': '3', 'GNOME_SHELL_SESSION_MODE': 'ubuntu', 'GTK_MODULES': 'gail:atk-bridge', 'MANAGERPID': '3285', 'SYSTEMD_EXEC_PID': '3846', 'GSM_SKIP_SSH_AGENT_WORKAROUND': 'true', 'DBUS_SESSION_BUS_ADDRESS': 'unix:path=/run/user/59016586/bus', 'COLORTERM': 'truecolor', 'TERMINATOR_DBUS_NAME': 'net.tenshu.Terminator23558193cd9818af7fe4d2c2f5bd9d00f', 'GIO_LAUNCHED_DESKTOP_FILE_PID': '230765', 'DEBUGINFOD_URLS': 'https://debuginfod.ubuntu.com', 'ROS_DISTRO': 'jazzy', 'LOGNAME': 'bajdus', 'JOURNAL_STREAM': '9:12286', '_': '/usr/bin/colcon', 'ROS_VERSION': '2', 'MEMORY_PRESSURE_WATCH': '/sys/fs/cgroup/user.slice/user-59016586.slice/user@59016586.service/session.slice/org.gnome.Shell@x11.service/memory.pressure', 'XDG_SESSION_CLASS': 'user', 'USERNAME': 'bajdus', 'TERM': 'xterm-256color', 'GNOME_DESKTOP_SESSION_ID': 'this-is-deprecated', 'WINDOWPATH': '2', 'PATH': '/opt/ros/jazzy/bin:/usr/local/sbin:/usr/local/bin:/usr/sbin:/usr/bin:/sbin:/bin:/usr/games:/usr/local/games:/snap/bin:/snap/bin', 'SESSION_MANAGER': 'local/LC2075-LIN:@/tmp/.ICE-unix/3791,unix/LC2075-LIN:/tmp/.ICE-unix/3791', 'INVOCATION_ID': 'f7d2e5f172f547d6a5a038ef75785c03', 'XDG_MENU_PREFIX': 'gnome-', 'XDG_RUNTIME_DIR': '/run/user/59016586', 'DISPLAY': ':1', 'TERMINATOR_DBUS_PATH': '/net/tenshu/Terminator2', 'LANG': 'en_US.UTF-8', 'XDG_CURRENT_DESKTOP': 'ubuntu:GNOME', 'XMODIFIERS': '@im=ibus', 'XDG_SESSION_DESKTOP': 'ubuntu', 'XAUTHORITY': '/run/user/59016586/gdm/Xauthority', 'LS_COLORS': 'rs=0:di=01;34:ln=01;36:mh=00:pi=40;33:so=01;35:do=01;35:bd=40;33;01:cd=40;33;01:or=40;31;01:mi=00:su=37;41:sg=30;43:ca=00:tw=30;42:ow=34;42:st=37;44:ex=01;32:*.tar=01;31:*.tgz=01;31:*.arc=01;31:*.arj=01;31:*.taz=01;31:*.lha=01;31:*.lz4=01;31:*.lzh=01;31:*.lzma=01;31:*.tlz=01;31:*.txz=01;31:*.tzo=01;31:*.t7z=01;31:*.zip=01;31:*.z=01;31:*.dz=01;31:*.gz=01;31:*.lrz=01;31:*.lz=01;31:*.lzo=01;31:*.xz=01;31:*.zst=01;31:*.tzst=01;31:*.bz2=01;31:*.bz=01;31:*.tbz=01;31:*.tbz2=01;31:*.tz=01;31:*.deb=01;31:*.rpm=01;31:*.jar=01;31:*.war=01;31:*.ear=01;31:*.sar=01;31:*.rar=01;31:*.alz=01;31:*.ace=01;31:*.zoo=01;31:*.cpio=01;31:*.7z=01;31:*.rz=01;31:*.cab=01;31:*.wim=01;31:*.swm=01;31:*.dwm=01;31:*.esd=01;31:*.avif=01;35:*.jpg=01;35:*.jpeg=01;35:*.mjpg=01;35:*.mjpeg=01;35:*.gif=01;35:*.bmp=01;35:*.pbm=01;35:*.pgm=01;35:*.ppm=01;35:*.tga=01;35:*.xbm=01;35:*.xpm=01;35:*.tif=01;35:*.tiff=01;35:*.png=01;35:*.svg=01;35:*.svgz=01;35:*.mng=01;35:*.pcx=01;35:*.mov=01;35:*.mpg=01;35:*.mpeg=01;35:*.m2v=01;35:*.mkv=01;35:*.webm=01;35:*.webp=01;35:*.ogm=01;35:*.mp4=01;35:*.m4v=01;35:*.mp4v=01;35:*.vob=01;35:*.qt=01;35:*.nuv=01;35:*.wmv=01;35:*.asf=01;35:*.rm=01;35:*.rmvb=01;35:*.flc=01;35:*.avi=01;35:*.fli=01;35:*.flv=01;35:*.gl=01;35:*.dl=01;35:*.xcf=01;35:*.xwd=01;35:*.yuv=01;35:*.cgm=01;35:*.emf=01;35:*.ogv=01;35:*.ogx=01;35:*.aac=00;36:*.au=00;36:*.flac=00;36:*.m4a=00;36:*.mid=00;36:*.midi=00;36:*.mka=00;36:*.mp3=00;36:*.mpc=00;36:*.ogg=00;36:*.ra=00;36:*.wav=00;36:*.oga=00;36:*.opus=00;36:*.spx=00;36:*.xspf=00;36:*~=00;90:*#=00;90:*.bak=00;90:*.crdownload=00;90:*.dpkg-dist=00;90:*.dpkg-new=00;90:*.dpkg-old=00;90:*.dpkg-tmp=00;90:*.old=00;90:*.orig=00;90:*.part=00;90:*.rej=00;90:*.rpmnew=00;90:*.rpmorig=00;90:*.rpmsave=00;90:*.swp=00;90:*.tmp=00;90:*.ucf-dist=00;90:*.ucf-new=00;90:*.ucf-old=00;90:', 'SSH_AUTH_SOCK': '/run/user/59016586/keyring/ssh', 'AMENT_PREFIX_PATH': '/home/bajdus/Desktop/complete-velocity-messages/install/motion_capture_tracking_interfaces:/opt/ros/jazzy', 'SHELL': '/bin/bash', 'TERMINATOR_UUID': 'urn:uuid:7cab34ee-6329-4ac2-b930-08f00f6a5ec6', 'KRB5CCNAME': 'FILE:/tmp/krb5cc_59016586_mxG3pu', 'QT_ACCESSIBILITY': '1', 'GDMSESSION': 'ubuntu', 'LESSCLOSE': '/usr/bin/lesspipe %s %s', 'GPG_AGENT_INFO': '/run/user/59016586/gnupg/S.gpg-agent:0:1', 'GJS_DEBUG_OUTPUT': 'stderr', 'ROS_AUTOMATIC_DISCOVERY_RANGE': 'SUBNET', 'QT_IM_MODULE': 'ibus', 'PWD': '/home/bajdus/Desktop/complete-velocity-messages/build/crazyflie_control', 'LC_ALL': 'en_US.UTF-8', 'XDG_CONFIG_DIRS': '/etc/xdg/xdg-ubuntu:/etc/xdg', 'XDG_DATA_DIRS': '/usr/share/ubuntu:/usr/share/gnome:/usr/local/share/:/usr/share/:/var/lib/snapd/desktop', 'PYTHONPATH': '/home/bajdus/Desktop/complete-velocity-messages/build/crazyflie_control/prefix_override:/usr/lib/python3/dist-packages/colcon_core/task/python/colcon_distutils_commands:/home/bajdus/Desktop/complete-velocity-messages/install/crazyflie_control/lib/python3.12/site-packages:/home/bajdus/Desktop/complete-velocity-messages/install/motion_capture_tracking_interfaces/lib/python3.12/site-packages:/opt/ros/jazzy/lib/python3.12/site-packages', 'COLCON': '1', 'MEMORY_PRESSURE_WRITE': 'c29tZSAyMDAwMDAgMjAwMDAwMAA=', 'VTE_VERSION': '7600', 'CMAKE_PREFIX_PATH': '/home/bajdus/Desktop/complete-velocity-messages/install/motion_capture_tracking_interfaces:/usr/local:/opt/ros/jazzy/opt/gz_math_vendor:/opt/ros/jazzy/opt/gz_utils_vendor:/opt/ros/jazzy/opt/gz_cmake_vendor'}, 'shell': False}
[5.812878] (-) TimerEvent: {}
[5.828005] (motion_capture_tracking) StdoutLine: {'line': b'-- Found rosidl_generator_c: 4.6.5 (/opt/ros/jazzy/share/rosidl_generator_c/cmake)\n'}
[5.836024] (motion_capture_tracking) StdoutLine: {'line': b'-- Found rosidl_generator_cpp: 4.6.5 (/opt/ros/jazzy/share/rosidl_generator_cpp/cmake)\n'}
[5.846856] (motion_capture_tracking) StdoutLine: {'line': b'-- Using all available rosidl_typesupport_c: rosidl_typesupport_fastrtps_c;rosidl_typesupport_introspection_c\n'}
[5.858834] (motion_capture_tracking) StdoutLine: {'line': b'-- Using all available rosidl_typesupport_cpp: rosidl_typesupport_fastrtps_cpp;rosidl_typesupport_introspection_cpp\n'}
[5.912968] (-) TimerEvent: {}
[5.915580] (motion_capture_tracking) StdoutLine: {'line': b'-- Found rmw_implementation_cmake: 7.3.1 (/opt/ros/jazzy/share/rmw_implementation_cmake/cmake)\n'}
[5.917902] (motion_capture_tracking) StdoutLine: {'line': b'-- Found rmw_fastrtps_cpp: 8.4.1 (/opt/ros/jazzy/share/rmw_fastrtps_cpp/cmake)\n'}
[5.986756] (motion_capture_tracking) StdoutLine: {'line': b'-- Found OpenSSL: /usr/lib/x86_64-linux-gnu/libcrypto.so (found version "3.0.13")  \n'}
[6.005138] (motion_capture_tracking) StdoutLine: {'line': b'-- Found FastRTPS: /opt/ros/jazzy/include (Required is at least version "2.13") \n'}
[6.005431] (crazyflie_control) StdoutLine: {'line': b'running develop\n'}
[6.013049] (-) TimerEvent: {}
[6.024437] (motion_capture_tracking) StdoutLine: {'line': b"-- Using RMW implementation 'rmw_fastrtps_cpp' as default\n"}
[6.087876] (motion_capture_tracking) StdoutLine: {'line': b'-- Found tf2_ros: 0.36.8 (/opt/ros/jazzy/share/tf2_ros/cmake)\n'}
[6.113134] (-) TimerEvent: {}
[6.118300] (crazyflie_control) StdoutLine: {'line': b'running egg_info\n'}
[6.118443] (crazyflie_control) StdoutLine: {'line': b'creating crazyflie_control.egg-info\n'}
[6.129158] (crazyflie_control) StdoutLine: {'line': b'writing crazyflie_control.egg-info/PKG-INFO\n'}
[6.129370] (crazyflie_control) StdoutLine: {'line': b'writing dependency_links to crazyflie_control.egg-info/dependency_links.txt\n'}
[6.129467] (crazyflie_control) StdoutLine: {'line': b'writing entry points to crazyflie_control.egg-info/entry_points.txt\n'}
[6.129549] (crazyflie_control) StdoutLine: {'line': b'writing requirements to crazyflie_control.egg-info/requires.txt\n'}
[6.129744] (crazyflie_control) StdoutLine: {'line': b'writing top-level names to crazyflie_control.egg-info/top_level.txt\n'}
[6.129834] (crazyflie_control) StdoutLine: {'line': b"writing manifest file 'crazyflie_control.egg-info/SOURCES.txt'\n"}
[6.151279] (crazyflie_control) StdoutLine: {'line': b"reading manifest file 'crazyflie_control.egg-info/SOURCES.txt'\n"}
[6.151701] (crazyflie_control) StdoutLine: {'line': b"writing manifest file 'crazyflie_control.egg-info/SOURCES.txt'\n"}
[6.163196] (crazyflie_control) StdoutLine: {'line': b'running build_ext\n'}
[6.163365] (crazyflie_control) StdoutLine: {'line': b'Creating /home/bajdus/Desktop/complete-velocity-messages/install/crazyflie_control/lib/python3.12/site-packages/crazyflie-control.egg-link (link to .)\n'}
[6.163630] (crazyflie_control) StdoutLine: {'line': b'Installing controller_node script to /home/bajdus/Desktop/complete-velocity-messages/install/crazyflie_control/lib/crazyflie_control\n'}
[6.163826] (crazyflie_control) StdoutLine: {'line': b'\n'}
[6.163915] (crazyflie_control) StdoutLine: {'line': b'Installed /home/bajdus/Desktop/complete-velocity-messages/build/crazyflie_control\n'}
[6.164122] (crazyflie_control) StdoutLine: {'line': b'running symlink_data\n'}
[6.164239] (crazyflie_control) StdoutLine: {'line': b'creating /home/bajdus/Desktop/complete-velocity-messages/install/crazyflie_control/share/ament_index\n'}
[6.164292] (crazyflie_control) StdoutLine: {'line': b'creating /home/bajdus/Desktop/complete-velocity-messages/install/crazyflie_control/share/ament_index/resource_index\n'}
[6.164330] (crazyflie_control) StdoutLine: {'line': b'creating /home/bajdus/Desktop/complete-velocity-messages/install/crazyflie_control/share/ament_index/resource_index/packages\n'}
[6.164366] (crazyflie_control) StdoutLine: {'line': b'symbolically linking /home/bajdus/Desktop/complete-velocity-messages/build/crazyflie_control/resource/crazyflie_control -> /home/bajdus/Desktop/complete-velocity-messages/install/crazyflie_control/share/ament_index/resource_index/packages\n'}
[6.164402] (crazyflie_control) StdoutLine: {'line': b'symbolically linking /home/bajdus/Desktop/complete-velocity-messages/build/crazyflie_control/package.xml -> /home/bajdus/Desktop/complete-velocity-messages/install/crazyflie_control/share/crazyflie_control\n'}
[6.164437] (crazyflie_control) StdoutLine: {'line': b'creating /home/bajdus/Desktop/complete-velocity-messages/install/crazyflie_control/share/crazyflie_control/launch\n'}
[6.164473] (crazyflie_control) StdoutLine: {'line': b'symbolically linking /home/bajdus/Desktop/complete-velocity-messages/build/crazyflie_control/launch/mocap_and_controller.launch.py -> /home/bajdus/Desktop/complete-velocity-messages/install/crazyflie_control/share/crazyflie_control/launch\n'}
[6.164508] (crazyflie_control) StdoutLine: {'line': b'creating /home/bajdus/Desktop/complete-velocity-messages/install/crazyflie_control/share/crazyflie_control/config\n'}
[6.164576] (crazyflie_control) StdoutLine: {'line': b'symbolically linking /home/bajdus/Desktop/complete-velocity-messages/build/crazyflie_control/config/Config_Crazyflie_Simulation.yaml -> /home/bajdus/Desktop/complete-velocity-messages/install/crazyflie_control/share/crazyflie_control/config\n'}
[6.164608] (crazyflie_control) StdoutLine: {'line': b'symbolically linking /home/bajdus/Desktop/complete-velocity-messages/build/crazyflie_control/config/Config_MPC.yaml -> /home/bajdus/Desktop/complete-velocity-messages/install/crazyflie_control/share/crazyflie_control/config\n'}
[6.164643] (crazyflie_control) StdoutLine: {'line': b'symbolically linking /home/bajdus/Desktop/complete-velocity-messages/build/crazyflie_control/config/Config_CFT.yaml -> /home/bajdus/Desktop/complete-velocity-messages/install/crazyflie_control/share/crazyflie_control/config\n'}
[6.184210] (crazyflie_control) CommandEnded: {'returncode': 0}
[6.188627] (crazyflie_control) JobEnded: {'identifier': 'crazyflie_control', 'rc': 0}
[6.213245] (-) TimerEvent: {}
[6.214344] (motion_capture_tracking) StdoutLine: {'line': b'-- Found sensor_msgs: 5.3.5 (/opt/ros/jazzy/share/sensor_msgs/cmake)\n'}
[6.232635] (motion_capture_tracking) StdoutLine: {'line': b'-- Found motion_capture_tracking_interfaces: 1.0.5 (/home/bajdus/Desktop/complete-velocity-messages/install/motion_capture_tracking_interfaces/share/motion_capture_tracking_interfaces/cmake)\n'}
[6.248586] (motion_capture_tracking) StdoutLine: {'line': b'-- Found eigen3_cmake_module: 0.3.0 (/opt/ros/jazzy/share/eigen3_cmake_module/cmake)\n'}
[6.253422] (motion_capture_tracking) StdoutLine: {'line': b'-- Found Eigen3: TRUE (found version "3.4.0") \n'}
[6.285959] (motion_capture_tracking) StdoutLine: {'line': b'-- Found Boost: /usr/lib/x86_64-linux-gnu/cmake/Boost-1.83.0/BoostConfig.cmake (found suitable version "1.83.0", minimum required is "1.65.0") found components: system filesystem iostreams serialization \n'}
[6.286967] (motion_capture_tracking) StdoutLine: {'line': b'-- looking for PCL_COMMON\n'}
[6.287897] (motion_capture_tracking) StdoutLine: {'line': b'-- Found PCL_COMMON: /usr/lib/x86_64-linux-gnu/libpcl_common.so  \n'}
[6.288136] (motion_capture_tracking) StdoutLine: {'line': b'-- Found PCL: pcl_common;Boost::system;Boost::filesystem;Boost::iostreams;Boost::serialization  \n'}
[6.289630] (motion_capture_tracking) StderrLine: {'line': b'\x1b[33mCMake Warning (dev) at deps/librigidbodytracker/CMakeLists.txt:7 (find_package):\n'}
[6.289796] (motion_capture_tracking) StderrLine: {'line': b'  Policy CMP0074 is not set: find_package uses <PackageName>_ROOT variables.\n'}
[6.289894] (motion_capture_tracking) StderrLine: {'line': b'  Run "cmake --help-policy CMP0074" for policy details.  Use the cmake_policy\n'}
[6.289987] (motion_capture_tracking) StderrLine: {'line': b'  command to set the policy and suppress this warning.\n'}
[6.290087] (motion_capture_tracking) StderrLine: {'line': b'\n'}
[6.290171] (motion_capture_tracking) StderrLine: {'line': b'  CMake variable PCL_ROOT is set to:\n'}
[6.290249] (motion_capture_tracking) StderrLine: {'line': b'\n'}
[6.290327] (motion_capture_tracking) StderrLine: {'line': b'    /usr\n'}
[6.290403] (motion_capture_tracking) StderrLine: {'line': b'\n'}
[6.290479] (motion_capture_tracking) StderrLine: {'line': b'  For compatibility, CMake is ignoring the variable.\n'}
[6.290555] (motion_capture_tracking) StderrLine: {'line': b'This warning is for project developers.  Use -Wno-dev to suppress it.\n'}
[6.290632] (motion_capture_tracking) StderrLine: {'line': b'\x1b[0m\n'}
[6.294438] (motion_capture_tracking) StderrLine: {'line': b'\x1b[33mCMake Warning (dev) at /usr/lib/x86_64-linux-gnu/cmake/pcl/Modules/FindFLANN.cmake:45 (find_package):\n'}
[6.294574] (motion_capture_tracking) StderrLine: {'line': b'  Policy CMP0144 is not set: find_package uses upper-case <PACKAGENAME>_ROOT\n'}
[6.294650] (motion_capture_tracking) StderrLine: {'line': b'  variables.  Run "cmake --help-policy CMP0144" for policy details.  Use the\n'}
[6.294723] (motion_capture_tracking) StderrLine: {'line': b'  cmake_policy command to set the policy and suppress this warning.\n'}
[6.294804] (motion_capture_tracking) StderrLine: {'line': b'\n'}
[6.294879] (motion_capture_tracking) StderrLine: {'line': b'  CMake variable FLANN_ROOT is set to:\n'}
[6.294952] (motion_capture_tracking) StderrLine: {'line': b'\n'}
[6.295024] (motion_capture_tracking) StderrLine: {'line': b'    /usr\n'}
[6.295110] (motion_capture_tracking) StderrLine: {'line': b'\n'}
[6.295184] (motion_capture_tracking) StderrLine: {'line': b'  For compatibility, find_package is ignoring the variable, but code in a\n'}
[6.295256] (motion_capture_tracking) StderrLine: {'line': b'  .cmake module might still use it.\n'}
[6.295328] (motion_capture_tracking) StderrLine: {'line': b'Call Stack (most recent call first):\n'}
[6.295399] (motion_capture_tracking) StderrLine: {'line': b'  /usr/lib/x86_64-linux-gnu/cmake/pcl/PCLConfig.cmake:261 (find_package)\n'}
[6.295471] (motion_capture_tracking) StderrLine: {'line': b'  /usr/lib/x86_64-linux-gnu/cmake/pcl/PCLConfig.cmake:306 (find_flann)\n'}
[6.295542] (motion_capture_tracking) StderrLine: {'line': b'  /usr/lib/x86_64-linux-gnu/cmake/pcl/PCLConfig.cmake:570 (find_external_library)\n'}
[6.295613] (motion_capture_tracking) StderrLine: {'line': b'  deps/librigidbodytracker/CMakeLists.txt:7 (find_package)\n'}
[6.295685] (motion_capture_tracking) StderrLine: {'line': b'This warning is for project developers.  Use -Wno-dev to suppress it.\n'}
[6.295795] (motion_capture_tracking) StderrLine: {'line': b'\x1b[0m\n'}
[6.295868] (motion_capture_tracking) StdoutLine: {'line': b'-- Found flann version 1.9.2\n'}
[6.313343] (-) TimerEvent: {}
[6.413622] (-) TimerEvent: {}
[6.513929] (-) TimerEvent: {}
[6.563753] (motion_capture_tracking) StdoutLine: {'line': b'-- Found OpenMP_CXX: -fopenmp (found version "4.5") \n'}
[6.564001] (motion_capture_tracking) StdoutLine: {'line': b'-- Found OpenMP: TRUE (found version "4.5") found components: CXX \n'}
[6.590159] (motion_capture_tracking) StdoutLine: {'line': b'-- Performing Test CMAKE_HAVE_LIBC_PTHREAD\n'}
[6.614030] (-) TimerEvent: {}
[6.663455] (motion_capture_tracking) StdoutLine: {'line': b'-- Performing Test CMAKE_HAVE_LIBC_PTHREAD - Success\n'}
[6.664255] (motion_capture_tracking) StdoutLine: {'line': b'-- Found Threads: TRUE  \n'}
[6.665731] (motion_capture_tracking) StdoutLine: {'line': b'-- Found GLEW: /usr/lib/x86_64-linux-gnu/libGLEW.so  \n'}
[6.670989] (motion_capture_tracking) StdoutLine: {'line': b'-- Found OpenGL: /usr/lib/x86_64-linux-gnu/libOpenGL.so  found components: OpenGL GLX \n'}
[6.714115] (-) TimerEvent: {}
[6.814328] (-) TimerEvent: {}
[6.824584] (motion_capture_tracking) StdoutLine: {'line': b'-- Found MPI_C: /usr/lib/x86_64-linux-gnu/libmpi.so (found version "3.1") \n'}
[6.824879] (motion_capture_tracking) StdoutLine: {'line': b'-- Found MPI: TRUE (found version "3.1") found components: C \n'}
[6.827726] (motion_capture_tracking) StdoutLine: {'line': b'-- Found JsonCpp: /usr/lib/x86_64-linux-gnu/libjsoncpp.so (found suitable version "1.9.5", minimum required is "0.7.0") \n'}
[6.838030] (motion_capture_tracking) StdoutLine: {'line': b'-- Found ZLIB: /usr/lib/x86_64-linux-gnu/libz.so (found version "1.3")  \n'}
[6.851922] (motion_capture_tracking) StdoutLine: {'line': b'-- Found PNG: /usr/lib/x86_64-linux-gnu/libpng.so (found version "1.6.43") \n'}
[6.867827] (motion_capture_tracking) StdoutLine: {'line': b'-- Found Eigen3: /usr/include/eigen3 (found version "3.4.0") \n'}
[6.914451] (-) TimerEvent: {}
[6.971378] (motion_capture_tracking) StdoutLine: {'line': b'-- Found X11: /usr/include   \n'}
[6.971717] (motion_capture_tracking) StdoutLine: {'line': b'-- Looking for XOpenDisplay in /usr/lib/x86_64-linux-gnu/libX11.so;/usr/lib/x86_64-linux-gnu/libXext.so\n'}
[7.014579] (-) TimerEvent: {}
[7.066936] (motion_capture_tracking) StdoutLine: {'line': b'-- Looking for XOpenDisplay in /usr/lib/x86_64-linux-gnu/libX11.so;/usr/lib/x86_64-linux-gnu/libXext.so - found\n'}
[7.067203] (motion_capture_tracking) StdoutLine: {'line': b'-- Looking for gethostbyname\n'}
[7.114678] (-) TimerEvent: {}
[7.143752] (motion_capture_tracking) StdoutLine: {'line': b'-- Looking for gethostbyname - found\n'}
[7.143993] (motion_capture_tracking) StdoutLine: {'line': b'-- Looking for connect\n'}
[7.214785] (-) TimerEvent: {}
[7.217774] (motion_capture_tracking) StdoutLine: {'line': b'-- Looking for connect - found\n'}
[7.217943] (motion_capture_tracking) StdoutLine: {'line': b'-- Looking for remove\n'}
[7.298399] (motion_capture_tracking) StdoutLine: {'line': b'-- Looking for remove - found\n'}
[7.298640] (motion_capture_tracking) StdoutLine: {'line': b'-- Looking for shmat\n'}
[7.314898] (-) TimerEvent: {}
[7.376426] (motion_capture_tracking) StdoutLine: {'line': b'-- Looking for shmat - found\n'}
[7.376651] (motion_capture_tracking) StdoutLine: {'line': b'-- Looking for IceConnectionNumber in ICE\n'}
[7.414997] (-) TimerEvent: {}
[7.448763] (motion_capture_tracking) StdoutLine: {'line': b'-- Looking for IceConnectionNumber in ICE - found\n'}
[7.515130] (-) TimerEvent: {}
[7.551498] (motion_capture_tracking) StdoutLine: {'line': b'-- Found EXPAT: /usr/lib/x86_64-linux-gnu/libexpat.so (found version "2.6.1") \n'}
[7.553062] (motion_capture_tracking) StdoutLine: {'line': b'-- Found double-conversion: /usr/lib/x86_64-linux-gnu/libdouble-conversion.so  \n'}
[7.555198] (motion_capture_tracking) StdoutLine: {'line': b'-- Found LZ4: /usr/lib/x86_64-linux-gnu/liblz4.so (found version "1.9.4") \n'}
[7.557049] (motion_capture_tracking) StdoutLine: {'line': b'-- Found LZMA: /usr/lib/x86_64-linux-gnu/liblzma.so (found version "5.4.5") \n'}
[7.575895] (motion_capture_tracking) StdoutLine: {'line': b'-- Found JPEG: /usr/lib/x86_64-linux-gnu/libjpeg.so (found version "80") \n'}
[7.586132] (motion_capture_tracking) StdoutLine: {'line': b'-- Found TIFF: /usr/lib/x86_64-linux-gnu/libtiff.so (found version "4.5.1")  \n'}
[7.589368] (motion_capture_tracking) StdoutLine: {'line': b'-- Found Freetype: /usr/lib/x86_64-linux-gnu/libfreetype.so (found version "2.13.2") \n'}
[7.594014] (motion_capture_tracking) StdoutLine: {'line': b'-- Found utf8cpp: /usr/include/utf8cpp  \n'}
[7.615238] (-) TimerEvent: {}
[7.668048] (motion_capture_tracking) StdoutLine: {'line': b"-- Checking for module 'libusb-1.0'\n"}
[7.683171] (motion_capture_tracking) StdoutLine: {'line': b'--   Found libusb-1.0, version 1.0.27\n'}
[7.715352] (-) TimerEvent: {}
[7.719960] (motion_capture_tracking) StdoutLine: {'line': b'-- Found libusb: /usr/lib/x86_64-linux-gnu/libusb-1.0.so  \n'}
[7.721057] (motion_capture_tracking) StdoutLine: {'line': b'-- Found OpenNI: /usr/lib/libOpenNI.so;libusb::libusb (found version "1.5.4.0") \n'}
[7.721169] (motion_capture_tracking) StdoutLine: {'line': b'-- OpenNI found (version: 1.5.4.0, include: /usr/include/ni, lib: /usr/lib/libOpenNI.so;libusb::libusb)\n'}
[7.778370] (motion_capture_tracking) StdoutLine: {'line': b'-- Found OpenNI2: /usr/lib/x86_64-linux-gnu/libOpenNI2.so;libusb::libusb (found version "2.2.0.33") \n'}
[7.778599] (motion_capture_tracking) StdoutLine: {'line': b'-- OpenNI2 found (version: 2.2.0.33, include: /usr/include/openni2, lib: /usr/lib/x86_64-linux-gnu/libOpenNI2.so;libusb::libusb)\n'}
[7.780088] (motion_capture_tracking) StdoutLine: {'line': b'-- Found Pcap: /usr/lib/x86_64-linux-gnu/libpcap.so  \n'}
[7.815459] (-) TimerEvent: {}
[7.915748] (-) TimerEvent: {}
[8.016095] (-) TimerEvent: {}
[8.103633] (motion_capture_tracking) StdoutLine: {'line': b'-- OpenNI found (version: 1.5.4.0, include: /usr/include/ni, lib: /usr/lib/libOpenNI.so;libusb::libusb)\n'}
[8.109302] (motion_capture_tracking) StdoutLine: {'line': b'-- OpenNI2 found (version: 2.2.0.33, include: /usr/include/openni2, lib: /usr/lib/x86_64-linux-gnu/libOpenNI2.so;libusb::libusb)\n'}
[8.116204] (-) TimerEvent: {}
[8.216508] (-) TimerEvent: {}
[8.316838] (-) TimerEvent: {}
[8.398173] (motion_capture_tracking) StdoutLine: {'line': b'-- Found Qhull version 8.0.2\n'}
[8.416974] (-) TimerEvent: {}
[8.517305] (-) TimerEvent: {}
[8.617664] (-) TimerEvent: {}
[8.702054] (motion_capture_tracking) StdoutLine: {'line': b'-- OpenNI found (version: 1.5.4.0, include: /usr/include/ni, lib: /usr/lib/libOpenNI.so;libusb::libusb)\n'}
[8.717772] (-) TimerEvent: {}
[8.818025] (-) TimerEvent: {}
[8.918296] (-) TimerEvent: {}
[8.978821] (motion_capture_tracking) StdoutLine: {'line': b'-- looking for PCL_KDTREE\n'}
[8.979354] (motion_capture_tracking) StdoutLine: {'line': b'-- Found PCL_KDTREE: /usr/lib/x86_64-linux-gnu/libpcl_kdtree.so  \n'}
[8.979549] (motion_capture_tracking) StdoutLine: {'line': b'-- looking for PCL_OCTREE\n'}
[8.980004] (motion_capture_tracking) StdoutLine: {'line': b'-- Found PCL_OCTREE: /usr/lib/x86_64-linux-gnu/libpcl_octree.so  \n'}
[8.980092] (motion_capture_tracking) StdoutLine: {'line': b'-- looking for PCL_SEARCH\n'}
[8.980613] (motion_capture_tracking) StdoutLine: {'line': b'-- Found PCL_SEARCH: /usr/lib/x86_64-linux-gnu/libpcl_search.so  \n'}
[8.980689] (motion_capture_tracking) StdoutLine: {'line': b'-- looking for PCL_SAMPLE_CONSENSUS\n'}
[8.981196] (motion_capture_tracking) StdoutLine: {'line': b'-- Found PCL_SAMPLE_CONSENSUS: /usr/lib/x86_64-linux-gnu/libpcl_sample_consensus.so  \n'}
[8.981370] (motion_capture_tracking) StdoutLine: {'line': b'-- looking for PCL_FILTERS\n'}
[8.981780] (motion_capture_tracking) StdoutLine: {'line': b'-- Found PCL_FILTERS: /usr/lib/x86_64-linux-gnu/libpcl_filters.so  \n'}
[8.981875] (motion_capture_tracking) StdoutLine: {'line': b'-- looking for PCL_2D\n'}
[8.981938] (motion_capture_tracking) StdoutLine: {'line': b'-- Found PCL_2D: /usr/include/pcl-1.14  \n'}
[8.982174] (motion_capture_tracking) StdoutLine: {'line': b'-- looking for PCL_GEOMETRY\n'}
[8.982269] (motion_capture_tracking) StdoutLine: {'line': b'-- Found PCL_GEOMETRY: /usr/include/pcl-1.14  \n'}
[8.982317] (motion_capture_tracking) StdoutLine: {'line': b'-- looking for PCL_IO\n'}
[8.982915] (motion_capture_tracking) StdoutLine: {'line': b'-- Found PCL_IO: /usr/lib/x86_64-linux-gnu/libpcl_io.so  \n'}
[8.983002] (motion_capture_tracking) StdoutLine: {'line': b'-- looking for PCL_FEATURES\n'}
[8.983605] (motion_capture_tracking) StdoutLine: {'line': b'-- Found PCL_FEATURES: /usr/lib/x86_64-linux-gnu/libpcl_features.so  \n'}
[8.983688] (motion_capture_tracking) StdoutLine: {'line': b'-- looking for PCL_ML\n'}
[8.984261] (motion_capture_tracking) StdoutLine: {'line': b'-- Found PCL_ML: /usr/lib/x86_64-linux-gnu/libpcl_ml.so  \n'}
[8.984344] (motion_capture_tracking) StdoutLine: {'line': b'-- looking for PCL_SEGMENTATION\n'}
[8.984926] (motion_capture_tracking) StdoutLine: {'line': b'-- Found PCL_SEGMENTATION: /usr/lib/x86_64-linux-gnu/libpcl_segmentation.so  \n'}
[8.985014] (motion_capture_tracking) StdoutLine: {'line': b'-- looking for PCL_VISUALIZATION\n'}
[8.985672] (motion_capture_tracking) StdoutLine: {'line': b'-- Found PCL_VISUALIZATION: /usr/lib/x86_64-linux-gnu/libpcl_visualization.so  \n'}
[8.985762] (motion_capture_tracking) StdoutLine: {'line': b'-- looking for PCL_SURFACE\n'}
[8.986347] (motion_capture_tracking) StdoutLine: {'line': b'-- Found PCL_SURFACE: /usr/lib/x86_64-linux-gnu/libpcl_surface.so  \n'}
[8.986446] (motion_capture_tracking) StdoutLine: {'line': b'-- looking for PCL_REGISTRATION\n'}
[8.987073] (motion_capture_tracking) StdoutLine: {'line': b'-- Found PCL_REGISTRATION: /usr/lib/x86_64-linux-gnu/libpcl_registration.so  \n'}
[8.987162] (motion_capture_tracking) StdoutLine: {'line': b'-- looking for PCL_KEYPOINTS\n'}
[8.987764] (motion_capture_tracking) StdoutLine: {'line': b'-- Found PCL_KEYPOINTS: /usr/lib/x86_64-linux-gnu/libpcl_keypoints.so  \n'}
[8.987858] (motion_capture_tracking) StdoutLine: {'line': b'-- looking for PCL_TRACKING\n'}
[8.988455] (motion_capture_tracking) StdoutLine: {'line': b'-- Found PCL_TRACKING: /usr/lib/x86_64-linux-gnu/libpcl_tracking.so  \n'}
[8.988539] (motion_capture_tracking) StdoutLine: {'line': b'-- looking for PCL_RECOGNITION\n'}
[8.989130] (motion_capture_tracking) StdoutLine: {'line': b'-- Found PCL_RECOGNITION: /usr/lib/x86_64-linux-gnu/libpcl_recognition.so  \n'}
[8.989218] (motion_capture_tracking) StdoutLine: {'line': b'-- looking for PCL_STEREO\n'}
[8.989827] (motion_capture_tracking) StdoutLine: {'line': b'-- Found PCL_STEREO: /usr/lib/x86_64-linux-gnu/libpcl_stereo.so  \n'}
[8.989898] (motion_capture_tracking) StdoutLine: {'line': b'-- looking for PCL_APPS\n'}
[8.990472] (motion_capture_tracking) StdoutLine: {'line': b'-- Found PCL_APPS: /usr/lib/x86_64-linux-gnu/libpcl_apps.so  \n'}
[8.990803] (motion_capture_tracking) StdoutLine: {'line': b'-- looking for PCL_IN_HAND_SCANNER\n'}
[8.991001] (motion_capture_tracking) StdoutLine: {'line': b'-- Found PCL_IN_HAND_SCANNER: /usr/include/pcl-1.14  \n'}
[8.991084] (motion_capture_tracking) StdoutLine: {'line': b'-- looking for PCL_MODELER\n'}
[8.991259] (motion_capture_tracking) StdoutLine: {'line': b'-- Found PCL_MODELER: /usr/include/pcl-1.14  \n'}
[8.991328] (motion_capture_tracking) StdoutLine: {'line': b'-- looking for PCL_POINT_CLOUD_EDITOR\n'}
[9.000313] (motion_capture_tracking) StdoutLine: {'line': b'-- Found PCL_POINT_CLOUD_EDITOR: /usr/include/pcl-1.14  \n'}
[9.000390] (motion_capture_tracking) StdoutLine: {'line': b'-- looking for PCL_OUTOFCORE\n'}
[9.000978] (motion_capture_tracking) StdoutLine: {'line': b'-- Found PCL_OUTOFCORE: /usr/lib/x86_64-linux-gnu/libpcl_outofcore.so  \n'}
[9.001090] (motion_capture_tracking) StdoutLine: {'line': b'-- looking for PCL_PEOPLE\n'}
[9.001692] (motion_capture_tracking) StdoutLine: {'line': b'-- Found PCL_PEOPLE: /usr/lib/x86_64-linux-gnu/libpcl_people.so  \n'}
[9.002207] (motion_capture_tracking) StdoutLine: {'line': b'-- Found PCL: pcl_common;pcl_kdtree;pcl_octree;pcl_search;pcl_sample_consensus;pcl_filters;pcl_io;pcl_features;pcl_ml;pcl_segmentation;pcl_visualization;pcl_surface;pcl_registration;pcl_keypoints;pcl_tracking;pcl_recognition;pcl_stereo;pcl_apps;pcl_outofcore;pcl_people;Boost::system;Boost::filesystem;Boost::iostreams;Boost::serialization;/usr/lib/libOpenNI.so;libusb::libusb;/usr/lib/x86_64-linux-gnu/libOpenNI2.so;libusb::libusb;VTK::ChartsCore;VTK::CommonColor;VTK::CommonComputationalGeometry;VTK::CommonCore;VTK::CommonDataModel;VTK::CommonExecutionModel;VTK::CommonMath;VTK::CommonMisc;VTK::CommonTransforms;VTK::FiltersCore;VTK::FiltersExtraction;VTK::FiltersGeneral;VTK::FiltersGeometry;VTK::FiltersModeling;VTK::FiltersSources;VTK::ImagingCore;VTK::ImagingSources;VTK::InteractionImage;VTK::InteractionStyle;VTK::InteractionWidgets;VTK::IOCore;VTK::IOGeometry;VTK::IOImage;VTK::IOLegacy;VTK::IOPLY;VTK::RenderingAnnotation;VTK::RenderingCore;VTK::RenderingContext2D;VTK::RenderingLOD;VTK::RenderingFreeType;VTK::ViewsCore;VTK::ViewsContext2D;VTK::RenderingOpenGL2;VTK::RenderingContextOpenGL2;VTK::GUISupportQt;FLANN::FLANN;QHULL::QHULL  \n'}
[9.006333] (motion_capture_tracking) StdoutLine: {'line': b'-- Found PkgConfig: /usr/bin/pkg-config (found version "1.8.1") \n'}
[9.011228] (motion_capture_tracking) StdoutLine: {'line': b'-- Found Boost: /usr/lib/x86_64-linux-gnu/cmake/Boost-1.83.0/BoostConfig.cmake (found suitable version "1.83.0", minimum required is "1.58") found components: program_options \n'}
[9.011846] (motion_capture_tracking) StdoutLine: {'line': b"-- Checking for module 'yaml-cpp'\n"}
[9.018371] (-) TimerEvent: {}
[9.026169] (motion_capture_tracking) StdoutLine: {'line': b'--   Found yaml-cpp, version 0.8.0\n'}
[9.061077] (motion_capture_tracking) StderrLine: {'line': b'\x1b[33mCMake Warning (dev) at deps/libmotioncapture/CMakeLists.txt:5 (option):\n'}
[9.061398] (motion_capture_tracking) StderrLine: {'line': b'  Policy CMP0077 is not set: option() honors normal variables.  Run "cmake\n'}
[9.061490] (motion_capture_tracking) StderrLine: {'line': b'  --help-policy CMP0077" for policy details.  Use the cmake_policy command to\n'}
[9.061574] (motion_capture_tracking) StderrLine: {'line': b'  set the policy and suppress this warning.\n'}
[9.061656] (motion_capture_tracking) StderrLine: {'line': b'\n'}
[9.061735] (motion_capture_tracking) StderrLine: {'line': b'  For compatibility with older versions of CMake, option is clearing the\n'}
[9.061814] (motion_capture_tracking) StderrLine: {'line': b"  normal variable 'LIBMOTIONCAPTURE_BUILD_PYTHON_BINDINGS'.\n"}
[9.061892] (motion_capture_tracking) StderrLine: {'line': b'This warning is for project developers.  Use -Wno-dev to suppress it.\n'}
[9.061978] (motion_capture_tracking) StderrLine: {'line': b'\x1b[0m\n'}
[9.062111] (motion_capture_tracking) StderrLine: {'line': b'\x1b[33mCMake Warning (dev) at deps/libmotioncapture/CMakeLists.txt:6 (option):\n'}
[9.062200] (motion_capture_tracking) StderrLine: {'line': b'  Policy CMP0077 is not set: option() honors normal variables.  Run "cmake\n'}
[9.062248] (motion_capture_tracking) StderrLine: {'line': b'  --help-policy CMP0077" for policy details.  Use the cmake_policy command to\n'}
[9.062284] (motion_capture_tracking) StderrLine: {'line': b'  set the policy and suppress this warning.\n'}
[9.062317] (motion_capture_tracking) StderrLine: {'line': b'\n'}
[9.062351] (motion_capture_tracking) StderrLine: {'line': b'  For compatibility with older versions of CMake, option is clearing the\n'}
[9.062383] (motion_capture_tracking) StderrLine: {'line': b"  normal variable 'LIBMOTIONCAPTURE_ENABLE_QUALISYS'.\n"}
[9.062415] (motion_capture_tracking) StderrLine: {'line': b'This warning is for project developers.  Use -Wno-dev to suppress it.\n'}
[9.062446] (motion_capture_tracking) StderrLine: {'line': b'\x1b[0m\n'}
[9.062477] (motion_capture_tracking) StderrLine: {'line': b'\x1b[33mCMake Warning (dev) at deps/libmotioncapture/CMakeLists.txt:7 (option):\n'}
[9.062509] (motion_capture_tracking) StderrLine: {'line': b'  Policy CMP0077 is not set: option() honors normal variables.  Run "cmake\n'}
[9.062539] (motion_capture_tracking) StderrLine: {'line': b'  --help-policy CMP0077" for policy details.  Use the cmake_policy command to\n'}
[9.062568] (motion_capture_tracking) StderrLine: {'line': b'  set the policy and suppress this warning.\n'}
[9.062599] (motion_capture_tracking) StderrLine: {'line': b'\n'}
[9.062630] (motion_capture_tracking) StderrLine: {'line': b'  For compatibility with older versions of CMake, option is clearing the\n'}
[9.062661] (motion_capture_tracking) StderrLine: {'line': b"  normal variable 'LIBMOTIONCAPTURE_ENABLE_OPTITRACK'.\n"}
[9.062692] (motion_capture_tracking) StderrLine: {'line': b'This warning is for project developers.  Use -Wno-dev to suppress it.\n'}
[9.062723] (motion_capture_tracking) StderrLine: {'line': b'\x1b[0m\n'}
[9.062753] (motion_capture_tracking) StderrLine: {'line': b'\x1b[33mCMake Warning (dev) at deps/libmotioncapture/CMakeLists.txt:8 (option):\n'}
[9.062783] (motion_capture_tracking) StderrLine: {'line': b'  Policy CMP0077 is not set: option() honors normal variables.  Run "cmake\n'}
[9.062813] (motion_capture_tracking) StderrLine: {'line': b'  --help-policy CMP0077" for policy details.  Use the cmake_policy command to\n'}
[9.062843] (motion_capture_tracking) StderrLine: {'line': b'  set the policy and suppress this warning.\n'}
[9.062873] (motion_capture_tracking) StderrLine: {'line': b'\n'}
[9.062904] (motion_capture_tracking) StderrLine: {'line': b'  For compatibility with older versions of CMake, option is clearing the\n'}
[9.062940] (motion_capture_tracking) StderrLine: {'line': b"  normal variable 'LIBMOTIONCAPTURE_ENABLE_OPTITRACK_CLOSED_SOURCE'.\n"}
[9.062970] (motion_capture_tracking) StderrLine: {'line': b'This warning is for project developers.  Use -Wno-dev to suppress it.\n'}
[9.063001] (motion_capture_tracking) StderrLine: {'line': b'\x1b[0m\n'}
[9.063034] (motion_capture_tracking) StderrLine: {'line': b'\x1b[33mCMake Warning (dev) at deps/libmotioncapture/CMakeLists.txt:9 (option):\n'}
[9.063067] (motion_capture_tracking) StderrLine: {'line': b'  Policy CMP0077 is not set: option() honors normal variables.  Run "cmake\n'}
[9.063097] (motion_capture_tracking) StderrLine: {'line': b'  --help-policy CMP0077" for policy details.  Use the cmake_policy command to\n'}
[9.063127] (motion_capture_tracking) StderrLine: {'line': b'  set the policy and suppress this warning.\n'}
[9.063158] (motion_capture_tracking) StderrLine: {'line': b'\n'}
[9.063189] (motion_capture_tracking) StderrLine: {'line': b'  For compatibility with older versions of CMake, option is clearing the\n'}
[9.063222] (motion_capture_tracking) StderrLine: {'line': b"  normal variable 'LIBMOTIONCAPTURE_ENABLE_VICON'.\n"}
[9.063253] (motion_capture_tracking) StderrLine: {'line': b'This warning is for project developers.  Use -Wno-dev to suppress it.\n'}
[9.063283] (motion_capture_tracking) StderrLine: {'line': b'\x1b[0m\n'}
[9.063312] (motion_capture_tracking) StderrLine: {'line': b'\x1b[33mCMake Warning (dev) at deps/libmotioncapture/CMakeLists.txt:10 (option):\n'}
[9.063343] (motion_capture_tracking) StderrLine: {'line': b'  Policy CMP0077 is not set: option() honors normal variables.  Run "cmake\n'}
[9.063373] (motion_capture_tracking) StderrLine: {'line': b'  --help-policy CMP0077" for policy details.  Use the cmake_policy command to\n'}
[9.063403] (motion_capture_tracking) StderrLine: {'line': b'  set the policy and suppress this warning.\n'}
[9.063432] (motion_capture_tracking) StderrLine: {'line': b'\n'}
[9.063462] (motion_capture_tracking) StderrLine: {'line': b'  For compatibility with older versions of CMake, option is clearing the\n'}
[9.063493] (motion_capture_tracking) StderrLine: {'line': b"  normal variable 'LIBMOTIONCAPTURE_ENABLE_NOKOV'.\n"}
[9.063523] (motion_capture_tracking) StderrLine: {'line': b'This warning is for project developers.  Use -Wno-dev to suppress it.\n'}
[9.063553] (motion_capture_tracking) StderrLine: {'line': b'\x1b[0m\n'}
[9.063582] (motion_capture_tracking) StderrLine: {'line': b'\x1b[33mCMake Warning (dev) at deps/libmotioncapture/CMakeLists.txt:11 (option):\n'}
[9.063611] (motion_capture_tracking) StderrLine: {'line': b'  Policy CMP0077 is not set: option() honors normal variables.  Run "cmake\n'}
[9.063641] (motion_capture_tracking) StderrLine: {'line': b'  --help-policy CMP0077" for policy details.  Use the cmake_policy command to\n'}
[9.063670] (motion_capture_tracking) StderrLine: {'line': b'  set the policy and suppress this warning.\n'}
[9.063700] (motion_capture_tracking) StderrLine: {'line': b'\n'}
[9.063729] (motion_capture_tracking) StderrLine: {'line': b'  For compatibility with older versions of CMake, option is clearing the\n'}
[9.063760] (motion_capture_tracking) StderrLine: {'line': b"  normal variable 'LIBMOTIONCAPTURE_ENABLE_VRPN'.\n"}
[9.063790] (motion_capture_tracking) StderrLine: {'line': b'This warning is for project developers.  Use -Wno-dev to suppress it.\n'}
[9.063819] (motion_capture_tracking) StderrLine: {'line': b'\x1b[0m\n'}
[9.063849] (motion_capture_tracking) StderrLine: {'line': b'\x1b[33mCMake Warning (dev) at deps/libmotioncapture/CMakeLists.txt:12 (option):\n'}
[9.063881] (motion_capture_tracking) StderrLine: {'line': b'  Policy CMP0077 is not set: option() honors normal variables.  Run "cmake\n'}
[9.063912] (motion_capture_tracking) StderrLine: {'line': b'  --help-policy CMP0077" for policy details.  Use the cmake_policy command to\n'}
[9.063943] (motion_capture_tracking) StderrLine: {'line': b'  set the policy and suppress this warning.\n'}
[9.063974] (motion_capture_tracking) StderrLine: {'line': b'\n'}
[9.064006] (motion_capture_tracking) StderrLine: {'line': b'  For compatibility with older versions of CMake, option is clearing the\n'}
[9.064042] (motion_capture_tracking) StderrLine: {'line': b"  normal variable 'LIBMOTIONCAPTURE_ENABLE_FZMOTION'.\n"}
[9.064075] (motion_capture_tracking) StderrLine: {'line': b'This warning is for project developers.  Use -Wno-dev to suppress it.\n'}
[9.064107] (motion_capture_tracking) StderrLine: {'line': b'\x1b[0m\n'}
[9.064139] (motion_capture_tracking) StderrLine: {'line': b'\x1b[33mCMake Warning (dev) at deps/libmotioncapture/CMakeLists.txt:13 (option):\n'}
[9.064170] (motion_capture_tracking) StderrLine: {'line': b'  Policy CMP0077 is not set: option() honors normal variables.  Run "cmake\n'}
[9.064202] (motion_capture_tracking) StderrLine: {'line': b'  --help-policy CMP0077" for policy details.  Use the cmake_policy command to\n'}
[9.064234] (motion_capture_tracking) StderrLine: {'line': b'  set the policy and suppress this warning.\n'}
[9.064264] (motion_capture_tracking) StderrLine: {'line': b'\n'}
[9.064297] (motion_capture_tracking) StderrLine: {'line': b'  For compatibility with older versions of CMake, option is clearing the\n'}
[9.064329] (motion_capture_tracking) StderrLine: {'line': b"  normal variable 'LIBMOTIONCAPTURE_ENABLE_MOTIONANALYSIS'.\n"}
[9.064361] (motion_capture_tracking) StderrLine: {'line': b'This warning is for project developers.  Use -Wno-dev to suppress it.\n'}
[9.064392] (motion_capture_tracking) StderrLine: {'line': b'\x1b[0m\n'}
[9.064424] (motion_capture_tracking) StderrLine: {'line': b'\x1b[33mCMake Warning (dev) at deps/libmotioncapture/CMakeLists.txt:14 (option):\n'}
[9.064456] (motion_capture_tracking) StderrLine: {'line': b'  Policy CMP0077 is not set: option() honors normal variables.  Run "cmake\n'}
[9.064486] (motion_capture_tracking) StderrLine: {'line': b'  --help-policy CMP0077" for policy details.  Use the cmake_policy command to\n'}
[9.064518] (motion_capture_tracking) StderrLine: {'line': b'  set the policy and suppress this warning.\n'}
[9.064549] (motion_capture_tracking) StderrLine: {'line': b'\n'}
[9.064580] (motion_capture_tracking) StderrLine: {'line': b'  For compatibility with older versions of CMake, option is clearing the\n'}
[9.064612] (motion_capture_tracking) StderrLine: {'line': b"  normal variable 'LIBMOTIONCAPTURE_BUILD_EXAMPLE'.\n"}
[9.064642] (motion_capture_tracking) StderrLine: {'line': b'This warning is for project developers.  Use -Wno-dev to suppress it.\n'}
[9.064673] (motion_capture_tracking) StderrLine: {'line': b'\x1b[0m\n'}
[9.064738] (motion_capture_tracking) StdoutLine: {'line': b'-- Found Boost: /usr/lib/x86_64-linux-gnu/cmake/Boost-1.83.0/BoostConfig.cmake (found suitable version "1.83.0", minimum required is "1.5") found components: system \n'}
[9.065151] (motion_capture_tracking) StdoutLine: {'line': b'-- Found Eigen3: TRUE (found version "3.4.0") \n'}
[9.065231] (motion_capture_tracking) StderrLine: {'line': b'\x1b[0mincluding vicon\x1b[0m\n'}
[9.071791] (motion_capture_tracking) StdoutLine: {'line': b'-- Found Boost: /usr/lib/x86_64-linux-gnu/cmake/Boost-1.83.0/BoostConfig.cmake (found suitable version "1.83.0", minimum required is "1.5") found components: system thread \n'}
[9.073176] (motion_capture_tracking) StderrLine: {'line': b'\x1b[0mincluding optitrack\x1b[0m\n'}
[9.073222] (motion_capture_tracking) StderrLine: {'line': b'\x1b[0mIncluding optitrack_closed_source\x1b[0m\n'}
[9.079586] (motion_capture_tracking) StderrLine: {'line': b'\x1b[0mincluding qualisys\x1b[0m\n'}
[9.081462] (motion_capture_tracking) StderrLine: {'line': b'\x1b[0mincluding vrpn\x1b[0m\n'}
[9.082447] (motion_capture_tracking) StderrLine: {'line': b'\x1b[0mCMake Deprecation Warning at deps/libmotioncapture/deps/vrpn/CMakeLists.txt:1 (cmake_minimum_required):\n'}
[9.082487] (motion_capture_tracking) StderrLine: {'line': b'  Compatibility with CMake < 3.5 will be removed from a future version of\n'}
[9.082519] (motion_capture_tracking) StderrLine: {'line': b'  CMake.\n'}
[9.082551] (motion_capture_tracking) StderrLine: {'line': b'\n'}
[9.082583] (motion_capture_tracking) StderrLine: {'line': b'  Update the VERSION argument <min> value or use a ...<max> suffix to tell\n'}
[9.082615] (motion_capture_tracking) StderrLine: {'line': b'  CMake that the project does not need compatibility with older versions.\n'}
[9.082646] (motion_capture_tracking) StderrLine: {'line': b'\n'}
[9.082677] (motion_capture_tracking) StderrLine: {'line': b'\x1b[0m\n'}
[9.118541] (-) TimerEvent: {}
[9.141625] (motion_capture_tracking) StderrLine: {'line': b'\x1b[0mCMake Deprecation Warning at deps/libmotioncapture/deps/vrpn/quat/CMakeLists.txt:1 (cmake_minimum_required):\n'}
[9.141757] (motion_capture_tracking) StderrLine: {'line': b'  Compatibility with CMake < 3.5 will be removed from a future version of\n'}
[9.141802] (motion_capture_tracking) StderrLine: {'line': b'  CMake.\n'}
[9.141841] (motion_capture_tracking) StderrLine: {'line': b'\n'}
[9.141880] (motion_capture_tracking) StderrLine: {'line': b'  Update the VERSION argument <min> value or use a ...<max> suffix to tell\n'}
[9.141920] (motion_capture_tracking) StderrLine: {'line': b'  CMake that the project does not need compatibility with older versions.\n'}
[9.141958] (motion_capture_tracking) StderrLine: {'line': b'\n'}
[9.141988] (motion_capture_tracking) StderrLine: {'line': b'\x1b[0m\n'}
[9.148713] (motion_capture_tracking) StdoutLine: {'line': b"-- Checking for module 'libusb-1.0'\n"}
[9.160314] (motion_capture_tracking) StdoutLine: {'line': b'--   Found libusb-1.0, version 1.0.27\n'}
[9.192436] (motion_capture_tracking) StdoutLine: {'line': b'-- Found Libusb1: /usr/lib/x86_64-linux-gnu/libusb-1.0.so  \n'}
[9.196062] (motion_capture_tracking) StderrLine: {'line': b'\x1b[33mCMake Warning (dev) at deps/libmotioncapture/deps/vrpn/CMakeLists.txt:304 (find_package):\n'}
[9.196119] (motion_capture_tracking) StderrLine: {'line': b'  Policy CMP0148 is not set: The FindPythonInterp and FindPythonLibs modules\n'}
[9.196158] (motion_capture_tracking) StderrLine: {'line': b'  are removed.  Run "cmake --help-policy CMP0148" for policy details.  Use\n'}
[9.196200] (motion_capture_tracking) StderrLine: {'line': b'  the cmake_policy command to set the policy and suppress this warning.\n'}
[9.196233] (motion_capture_tracking) StderrLine: {'line': b'\n'}
[9.196266] (motion_capture_tracking) StderrLine: {'line': b'This warning is for project developers.  Use -Wno-dev to suppress it.\n'}
[9.196298] (motion_capture_tracking) StderrLine: {'line': b'\x1b[0m\n'}
[9.218624] (-) TimerEvent: {}
[9.318844] (-) TimerEvent: {}
[9.419070] (-) TimerEvent: {}
[9.519270] (-) TimerEvent: {}
[9.619502] (-) TimerEvent: {}
[9.719740] (-) TimerEvent: {}
[9.819970] (-) TimerEvent: {}
[9.920204] (-) TimerEvent: {}
[10.020416] (-) TimerEvent: {}
[10.104307] (motion_capture_tracking) StdoutLine: {'line': b'-- NOTE: You have VRPN_USE_LOCAL_HIDAPI enabled, but VRPN_USE_HID disabled: HIDAPI will only be built if you enable HID support for VRPN\n'}
[10.104521] (motion_capture_tracking) StderrLine: {'line': b'\x1b[0mCMake Deprecation Warning at deps/libmotioncapture/deps/vrpn/cmake/FindOpenHaptics.cmake:56 (cmake_minimum_required):\n'}
[10.104571] (motion_capture_tracking) StderrLine: {'line': b'  Compatibility with CMake < 3.5 will be removed from a future version of\n'}
[10.104609] (motion_capture_tracking) StderrLine: {'line': b'  CMake.\n'}
[10.104646] (motion_capture_tracking) StderrLine: {'line': b'\n'}
[10.104683] (motion_capture_tracking) StderrLine: {'line': b'  Update the VERSION argument <min> value or use a ...<max> suffix to tell\n'}
[10.104720] (motion_capture_tracking) StderrLine: {'line': b'  CMake that the project does not need compatibility with older versions.\n'}
[10.104753] (motion_capture_tracking) StderrLine: {'line': b'Call Stack (most recent call first):\n'}
[10.104782] (motion_capture_tracking) StderrLine: {'line': b'  deps/libmotioncapture/deps/vrpn/CMakeLists.txt:468 (find_package)\n'}
[10.104811] (motion_capture_tracking) StderrLine: {'line': b'\n'}
[10.104840] (motion_capture_tracking) StderrLine: {'line': b'\x1b[0m\n'}
[10.118523] (motion_capture_tracking) StderrLine: {'line': b'\x1b[33mCMake Warning (dev) at /usr/share/cmake-3.28/Modules/FindPackageHandleStandardArgs.cmake:438 (message):\n'}
[10.118562] (motion_capture_tracking) StderrLine: {'line': b'  The package name passed to `find_package_handle_standard_args` (I2CDEV)\n'}
[10.118594] (motion_capture_tracking) StderrLine: {'line': b'  does not match the name of the calling package (libi2c-dev).  This can lead\n'}
[10.118626] (motion_capture_tracking) StderrLine: {'line': b'  to problems in calling code that expects `find_package` result variables\n'}
[10.118658] (motion_capture_tracking) StderrLine: {'line': b'  (e.g., `_FOUND`) to follow a certain pattern.\n'}
[10.118709] (motion_capture_tracking) StderrLine: {'line': b'Call Stack (most recent call first):\n'}
[10.118739] (motion_capture_tracking) StderrLine: {'line': b'  deps/libmotioncapture/deps/vrpn/cmake/Findlibi2c-dev.cmake:43 (find_package_handle_standard_args)\n'}
[10.118767] (motion_capture_tracking) StderrLine: {'line': b'  deps/libmotioncapture/deps/vrpn/CMakeLists.txt:518 (find_package)\n'}
[10.118798] (motion_capture_tracking) StderrLine: {'line': b'This warning is for project developers.  Use -Wno-dev to suppress it.\n'}
[10.118826] (motion_capture_tracking) StderrLine: {'line': b'\x1b[0m\n'}
[10.118854] (motion_capture_tracking) StdoutLine: {'line': b'-- Found I2CDEV: /usr/include  \n'}
[10.120495] (-) TimerEvent: {}
[10.130795] (motion_capture_tracking) StdoutLine: {'line': b'-- Looking for C++ include linux/joystick.h\n'}
[10.210432] (motion_capture_tracking) StdoutLine: {'line': b'-- Looking for C++ include linux/joystick.h - found\n'}
[10.210651] (motion_capture_tracking) StdoutLine: {'line': b'-- Looking for C++ include linux/input.h\n'}
[10.220585] (-) TimerEvent: {}
[10.289878] (motion_capture_tracking) StdoutLine: {'line': b'-- Looking for C++ include linux/input.h - found\n'}
[10.312514] (motion_capture_tracking) StdoutLine: {'line': b'-- Found quatlib: quat  \n'}
[10.317398] (motion_capture_tracking) StderrLine: {'line': b'\x1b[0mCMake Deprecation Warning at deps/libmotioncapture/deps/vrpn/client_src/CMakeLists.txt:1 (cmake_minimum_required):\n'}
[10.317466] (motion_capture_tracking) StderrLine: {'line': b'  Compatibility with CMake < 3.5 will be removed from a future version of\n'}
[10.317508] (motion_capture_tracking) StderrLine: {'line': b'  CMake.\n'}
[10.317631] (motion_capture_tracking) StderrLine: {'line': b'\n'}
[10.317672] (motion_capture_tracking) StderrLine: {'line': b'  Update the VERSION argument <min> value or use a ...<max> suffix to tell\n'}
[10.317706] (motion_capture_tracking) StderrLine: {'line': b'  CMake that the project does not need compatibility with older versions.\n'}
[10.317738] (motion_capture_tracking) StderrLine: {'line': b'\n'}
[10.317769] (motion_capture_tracking) StderrLine: {'line': b'\x1b[0m\n'}
[10.319971] (motion_capture_tracking) StderrLine: {'line': b'\x1b[0mincluding fzmotion\x1b[0m\n'}
[10.320662] (-) TimerEvent: {}
[10.420840] (-) TimerEvent: {}
[10.487483] (motion_capture_tracking) StdoutLine: {'line': b'-- Found Python3: /usr/bin/python3 (found version "3.12.3") found components: Interpreter Development Development.Module Development.Embed \n'}
[10.489500] (motion_capture_tracking) StderrLine: {'line': b'\x1b[0mCMake Deprecation Warning at deps/libmotioncapture/deps/pybind11/CMakeLists.txt:8 (cmake_minimum_required):\n'}
[10.489556] (motion_capture_tracking) StderrLine: {'line': b'  Compatibility with CMake < 3.5 will be removed from a future version of\n'}
[10.489592] (motion_capture_tracking) StderrLine: {'line': b'  CMake.\n'}
[10.489625] (motion_capture_tracking) StderrLine: {'line': b'\n'}
[10.489658] (motion_capture_tracking) StderrLine: {'line': b'  Update the VERSION argument <min> value or use a ...<max> suffix to tell\n'}
[10.489689] (motion_capture_tracking) StderrLine: {'line': b'  CMake that the project does not need compatibility with older versions.\n'}
[10.489719] (motion_capture_tracking) StderrLine: {'line': b'\n'}
[10.489751] (motion_capture_tracking) StderrLine: {'line': b'\x1b[0m\n'}
[10.491660] (motion_capture_tracking) StdoutLine: {'line': b'-- pybind11 v2.11.0 dev1\n'}
[10.520330] (motion_capture_tracking) StdoutLine: {'line': b'-- Performing Test HAS_FLTO\n'}
[10.520946] (-) TimerEvent: {}
[10.621157] (-) TimerEvent: {}
[10.642401] (motion_capture_tracking) StdoutLine: {'line': b'-- Performing Test HAS_FLTO - Success\n'}
[10.709463] (motion_capture_tracking) StdoutLine: {'line': b'-- Configuring done (5.3s)\n'}
[10.721242] (-) TimerEvent: {}
[10.797470] (motion_capture_tracking) StdoutLine: {'line': b'-- Generating done (0.1s)\n'}
[10.813047] (motion_capture_tracking) StdoutLine: {'line': b'-- Build files have been written to: /home/bajdus/Desktop/complete-velocity-messages/build/motion_capture_tracking\n'}
[10.821313] (-) TimerEvent: {}
[10.832017] (motion_capture_tracking) CommandEnded: {'returncode': 0}
[10.832540] (motion_capture_tracking) JobProgress: {'identifier': 'motion_capture_tracking', 'progress': 'build'}
[10.832833] (motion_capture_tracking) Command: {'cmd': ['/usr/bin/cmake', '--build', '/home/bajdus/Desktop/complete-velocity-messages/build/motion_capture_tracking', '--', '-j20', '-l20'], 'cwd': '/home/bajdus/Desktop/complete-velocity-messages/build/motion_capture_tracking', 'env': OrderedDict({'GJS_DEBUG_TOPICS': 'JS ERROR;JS LOG', 'XDG_ACTIVATION_TOKEN': 'gnome-shell/Terminator/3846-7-LC2075-LIN_TIME268001038', 'LESSOPEN': '| /usr/bin/lesspipe %s', 'USER': 'bajdus', 'XDG_SESSION_TYPE': 'x11', 'SHLVL': '1', 'LD_LIBRARY_PATH': '/home/bajdus/Desktop/complete-velocity-messages/install/motion_capture_tracking_interfaces/lib:/usr/local/lib:/opt/ros/jazzy/opt/rviz_ogre_vendor/lib:/opt/ros/jazzy/lib/x86_64-linux-gnu:/opt/ros/jazzy/opt/gz_math_vendor/lib:/opt/ros/jazzy/opt/gz_utils_vendor/lib:/opt/ros/jazzy/opt/gz_cmake_vendor/lib:/opt/ros/jazzy/lib', 'HOME': '/home/bajdus', 'OLDPWD': '/home/bajdus', 'DESKTOP_SESSION': 'ubuntu', 'GIO_LAUNCHED_DESKTOP_FILE': '/usr/share/applications/terminator.desktop', 'ROS_PYTHON_VERSION': '3', 'GNOME_SHELL_SESSION_MODE': 'ubuntu', 'GTK_MODULES': 'gail:atk-bridge', 'MANAGERPID': '3285', 'SYSTEMD_EXEC_PID': '3846', 'GSM_SKIP_SSH_AGENT_WORKAROUND': 'true', 'DBUS_SESSION_BUS_ADDRESS': 'unix:path=/run/user/59016586/bus', 'COLORTERM': 'truecolor', 'TERMINATOR_DBUS_NAME': 'net.tenshu.Terminator23558193cd9818af7fe4d2c2f5bd9d00f', 'GIO_LAUNCHED_DESKTOP_FILE_PID': '230765', 'DEBUGINFOD_URLS': 'https://debuginfod.ubuntu.com', 'ROS_DISTRO': 'jazzy', 'LOGNAME': 'bajdus', 'JOURNAL_STREAM': '9:12286', '_': '/usr/bin/colcon', 'ROS_VERSION': '2', 'MEMORY_PRESSURE_WATCH': '/sys/fs/cgroup/user.slice/user-59016586.slice/user@59016586.service/session.slice/org.gnome.Shell@x11.service/memory.pressure', 'XDG_SESSION_CLASS': 'user', 'USERNAME': 'bajdus', 'TERM': 'xterm-256color', 'GNOME_DESKTOP_SESSION_ID': 'this-is-deprecated', 'WINDOWPATH': '2', 'PATH': '/opt/ros/jazzy/bin:/usr/local/sbin:/usr/local/bin:/usr/sbin:/usr/bin:/sbin:/bin:/usr/games:/usr/local/games:/snap/bin:/snap/bin', 'SESSION_MANAGER': 'local/LC2075-LIN:@/tmp/.ICE-unix/3791,unix/LC2075-LIN:/tmp/.ICE-unix/3791', 'INVOCATION_ID': 'f7d2e5f172f547d6a5a038ef75785c03', 'XDG_MENU_PREFIX': 'gnome-', 'XDG_RUNTIME_DIR': '/run/user/59016586', 'DISPLAY': ':1', 'TERMINATOR_DBUS_PATH': '/net/tenshu/Terminator2', 'LANG': 'en_US.UTF-8', 'XDG_CURRENT_DESKTOP': 'ubuntu:GNOME', 'XMODIFIERS': '@im=ibus', 'XDG_SESSION_DESKTOP': 'ubuntu', 'XAUTHORITY': '/run/user/59016586/gdm/Xauthority', 'LS_COLORS': 'rs=0:di=01;34:ln=01;36:mh=00:pi=40;33:so=01;35:do=01;35:bd=40;33;01:cd=40;33;01:or=40;31;01:mi=00:su=37;41:sg=30;43:ca=00:tw=30;42:ow=34;42:st=37;44:ex=01;32:*.tar=01;31:*.tgz=01;31:*.arc=01;31:*.arj=01;31:*.taz=01;31:*.lha=01;31:*.lz4=01;31:*.lzh=01;31:*.lzma=01;31:*.tlz=01;31:*.txz=01;31:*.tzo=01;31:*.t7z=01;31:*.zip=01;31:*.z=01;31:*.dz=01;31:*.gz=01;31:*.lrz=01;31:*.lz=01;31:*.lzo=01;31:*.xz=01;31:*.zst=01;31:*.tzst=01;31:*.bz2=01;31:*.bz=01;31:*.tbz=01;31:*.tbz2=01;31:*.tz=01;31:*.deb=01;31:*.rpm=01;31:*.jar=01;31:*.war=01;31:*.ear=01;31:*.sar=01;31:*.rar=01;31:*.alz=01;31:*.ace=01;31:*.zoo=01;31:*.cpio=01;31:*.7z=01;31:*.rz=01;31:*.cab=01;31:*.wim=01;31:*.swm=01;31:*.dwm=01;31:*.esd=01;31:*.avif=01;35:*.jpg=01;35:*.jpeg=01;35:*.mjpg=01;35:*.mjpeg=01;35:*.gif=01;35:*.bmp=01;35:*.pbm=01;35:*.pgm=01;35:*.ppm=01;35:*.tga=01;35:*.xbm=01;35:*.xpm=01;35:*.tif=01;35:*.tiff=01;35:*.png=01;35:*.svg=01;35:*.svgz=01;35:*.mng=01;35:*.pcx=01;35:*.mov=01;35:*.mpg=01;35:*.mpeg=01;35:*.m2v=01;35:*.mkv=01;35:*.webm=01;35:*.webp=01;35:*.ogm=01;35:*.mp4=01;35:*.m4v=01;35:*.mp4v=01;35:*.vob=01;35:*.qt=01;35:*.nuv=01;35:*.wmv=01;35:*.asf=01;35:*.rm=01;35:*.rmvb=01;35:*.flc=01;35:*.avi=01;35:*.fli=01;35:*.flv=01;35:*.gl=01;35:*.dl=01;35:*.xcf=01;35:*.xwd=01;35:*.yuv=01;35:*.cgm=01;35:*.emf=01;35:*.ogv=01;35:*.ogx=01;35:*.aac=00;36:*.au=00;36:*.flac=00;36:*.m4a=00;36:*.mid=00;36:*.midi=00;36:*.mka=00;36:*.mp3=00;36:*.mpc=00;36:*.ogg=00;36:*.ra=00;36:*.wav=00;36:*.oga=00;36:*.opus=00;36:*.spx=00;36:*.xspf=00;36:*~=00;90:*#=00;90:*.bak=00;90:*.crdownload=00;90:*.dpkg-dist=00;90:*.dpkg-new=00;90:*.dpkg-old=00;90:*.dpkg-tmp=00;90:*.old=00;90:*.orig=00;90:*.part=00;90:*.rej=00;90:*.rpmnew=00;90:*.rpmorig=00;90:*.rpmsave=00;90:*.swp=00;90:*.tmp=00;90:*.ucf-dist=00;90:*.ucf-new=00;90:*.ucf-old=00;90:', 'SSH_AUTH_SOCK': '/run/user/59016586/keyring/ssh', 'AMENT_PREFIX_PATH': '/home/bajdus/Desktop/complete-velocity-messages/install/motion_capture_tracking_interfaces:/opt/ros/jazzy', 'SHELL': '/bin/bash', 'TERMINATOR_UUID': 'urn:uuid:7cab34ee-6329-4ac2-b930-08f00f6a5ec6', 'KRB5CCNAME': 'FILE:/tmp/krb5cc_59016586_mxG3pu', 'QT_ACCESSIBILITY': '1', 'GDMSESSION': 'ubuntu', 'LESSCLOSE': '/usr/bin/lesspipe %s %s', 'GPG_AGENT_INFO': '/run/user/59016586/gnupg/S.gpg-agent:0:1', 'GJS_DEBUG_OUTPUT': 'stderr', 'ROS_AUTOMATIC_DISCOVERY_RANGE': 'SUBNET', 'QT_IM_MODULE': 'ibus', 'PWD': '/home/bajdus/Desktop/complete-velocity-messages/build/motion_capture_tracking', 'LC_ALL': 'en_US.UTF-8', 'XDG_CONFIG_DIRS': '/etc/xdg/xdg-ubuntu:/etc/xdg', 'XDG_DATA_DIRS': '/usr/share/ubuntu:/usr/share/gnome:/usr/local/share/:/usr/share/:/var/lib/snapd/desktop', 'PYTHONPATH': '/home/bajdus/Desktop/complete-velocity-messages/install/motion_capture_tracking_interfaces/lib/python3.12/site-packages:/opt/ros/jazzy/lib/python3.12/site-packages', 'COLCON': '1', 'MEMORY_PRESSURE_WRITE': 'c29tZSAyMDAwMDAgMjAwMDAwMAA=', 'VTE_VERSION': '7600', 'CMAKE_PREFIX_PATH': '/home/bajdus/Desktop/complete-velocity-messages/install/motion_capture_tracking_interfaces:/usr/local:/opt/ros/jazzy/opt/gz_math_vendor:/opt/ros/jazzy/opt/gz_utils_vendor:/opt/ros/jazzy/opt/gz_cmake_vendor:/opt/ros/jazzy'}), 'shell': False}
[10.880777] (motion_capture_tracking) StdoutLine: {'line': b'[  4%] \x1b[32mBuilding C object deps/libmotioncapture/deps/vrpn/quat/CMakeFiles/quat.dir/quat.c.o\x1b[0m\n'}
[10.881008] (motion_capture_tracking) StdoutLine: {'line': b'[  4%] \x1b[32mBuilding C object deps/libmotioncapture/deps/vrpn/quat/CMakeFiles/quat.dir/matrix.c.o\x1b[0m\n'}
[10.881115] (motion_capture_tracking) StdoutLine: {'line': b'[  4%] \x1b[32mBuilding C object deps/libmotioncapture/deps/vrpn/quat/CMakeFiles/quat.dir/vector.c.o\x1b[0m\n'}
[10.881672] (motion_capture_tracking) StdoutLine: {'line': b'[  7%] \x1b[32mBuilding CXX object deps/libmotioncapture/deps/vicon-datastream-sdk/CMakeFiles/ViconDataStreamSDK_CPP.dir/Vicon/CrossMarket/DataStream/ViconDataStreamSDKCore/CoreClient.cpp.o\x1b[0m\n'}
[10.881855] (motion_capture_tracking) StdoutLine: {'line': b'[  9%] \x1b[32mBuilding CXX object deps/librigidbodytracker/CMakeFiles/librigidbodytracker.dir/src/rigid_body_tracker.cpp.o\x1b[0m\n'}
[10.881939] (motion_capture_tracking) StdoutLine: {'line': b'[ 11%] \x1b[32mBuilding C object deps/libmotioncapture/deps/vrpn/quat/CMakeFiles/quat.dir/xyzquat.c.o\x1b[0m\n'}
[10.882472] (motion_capture_tracking) StdoutLine: {'line': b'[ 14%] \x1b[32mBuilding CXX object deps/libmotioncapture/deps/qualisys_cpp_sdk/CMakeFiles/qualisys_cpp_sdk.dir/Network.cpp.o\x1b[0m\n'}
[10.882661] (motion_capture_tracking) StdoutLine: {'line': b'[ 14%] \x1b[32mBuilding CXX object deps/libmotioncapture/deps/vicon-datastream-sdk/CMakeFiles/ViconDataStreamSDK_CPP.dir/Vicon/CrossMarket/DataStream/ViconCGStreamClient/ViconCGStreamClient.cpp.o\x1b[0m\n'}
[10.882751] (motion_capture_tracking) StdoutLine: {'line': b'[  7%] \x1b[32mBuilding CXX object deps/libmotioncapture/deps/vicon-datastream-sdk/CMakeFiles/ViconDataStreamSDK_CPP.dir/Vicon/CrossMarket/DataStream/ViconDataStreamSDKCore/WirelessConfiguration.cpp.o\x1b[0m\n'}
[10.882820] (motion_capture_tracking) StdoutLine: {'line': b'[ 15%] \x1b[32mBuilding CXX object deps/libmotioncapture/deps/vicon-datastream-sdk/CMakeFiles/ViconDataStreamSDK_CPP.dir/Vicon/CrossMarket/DataStream/ViconCGStreamClientSDK/CGClient.cpp.o\x1b[0m\n'}
[10.882885] (motion_capture_tracking) StdoutLine: {'line': b'[ 17%] \x1b[32mBuilding CXX object deps/libmotioncapture/deps/vicon-datastream-sdk/CMakeFiles/ViconDataStreamSDK_CPP.dir/Vicon/CrossMarket/DataStream/ViconDataStreamSDKCore/CoreClientTimingLog.cpp.o\x1b[0m\n'}
[10.882949] (motion_capture_tracking) StdoutLine: {'line': b'[ 20%] \x1b[32mBuilding CXX object deps/libmotioncapture/deps/qualisys_cpp_sdk/CMakeFiles/qualisys_cpp_sdk.dir/Markup.cpp.o\x1b[0m\n'}
[10.883026] (motion_capture_tracking) StdoutLine: {'line': b'[ 20%] \x1b[32mBuilding CXX object deps/libmotioncapture/deps/qualisys_cpp_sdk/CMakeFiles/qualisys_cpp_sdk.dir/RTPacket.cpp.o\x1b[0m\n'}
[10.883658] (motion_capture_tracking) StdoutLine: {'line': b'[ 22%] \x1b[32mBuilding CXX object deps/libmotioncapture/deps/vicon-datastream-sdk/CMakeFiles/ViconDataStreamSDK_CPP.dir/Vicon/CrossMarket/DataStream/ViconDataStreamSDKCoreUtils/AxisMapping.cpp.o\x1b[0m\n'}
[10.883880] (motion_capture_tracking) StdoutLine: {'line': b'[ 23%] \x1b[32mBuilding CXX object deps/libmotioncapture/deps/vicon-datastream-sdk/CMakeFiles/ViconDataStreamSDK_CPP.dir/Vicon/CrossMarket/DataStream/ViconDataStreamSDKCoreUtils/ClientUtils.cpp.o\x1b[0m\n'}
[10.884001] (motion_capture_tracking) StdoutLine: {'line': b'[ 25%] \x1b[32mBuilding CXX object deps/libmotioncapture/deps/vicon-datastream-sdk/CMakeFiles/ViconDataStreamSDK_CPP.dir/Vicon/CrossMarket/DataStream/ViconCGStreamClient/ViconCGStreamBayer.cpp.o\x1b[0m\n'}
[10.884160] (motion_capture_tracking) StdoutLine: {'line': b'[ 26%] \x1b[32mBuilding CXX object deps/libmotioncapture/deps/vicon-datastream-sdk/CMakeFiles/ViconDataStreamSDK_CPP.dir/Vicon/CrossMarket/DataStream/ViconCGStreamClient/CGStreamReaderWriter.cpp.o\x1b[0m\n'}
[10.884911] (motion_capture_tracking) StdoutLine: {'line': b'[ 28%] \x1b[32mBuilding CXX object deps/libmotioncapture/deps/qualisys_cpp_sdk/CMakeFiles/qualisys_cpp_sdk.dir/RTProtocol.cpp.o\x1b[0m\n'}
[10.894128] (motion_capture_tracking) StdoutLine: {'line': b'[ 30%] \x1b[32mBuilding CXX object deps/libmotioncapture/deps/vicon-datastream-sdk/CMakeFiles/ViconDataStreamSDK_CPP.dir/Vicon/CrossMarket/DataStream/ViconDataStreamSDK_CPP/DataStreamClient.cpp.o\x1b[0m\n'}
[10.921454] (-) TimerEvent: {}
[10.978369] (motion_capture_tracking) StdoutLine: {'line': b'[ 31%] \x1b[32m\x1b[1mLinking C static library libquat.a\x1b[0m\n'}
[11.012147] (motion_capture_tracking) StderrLine: {'line': b'In file included from \x1b[01m\x1b[K/home/bajdus/Desktop/complete-velocity-messages/ros_ws/src/motion_capture_tracking/motion_capture_tracking/deps/libmotioncapture/deps/qualisys_cpp_sdk/Markup.cpp:18\x1b[m\x1b[K:\n'}
[11.012422] (motion_capture_tracking) StderrLine: {'line': b'\x1b[01m\x1b[K/home/bajdus/Desktop/complete-velocity-messages/ros_ws/src/motion_capture_tracking/motion_capture_tracking/deps/libmotioncapture/deps/qualisys_cpp_sdk/Markup.h:\x1b[m\x1b[K In copy constructor \xe2\x80\x98\x1b[01m\x1b[KCMarkup::ElemPos::\x1b[01;32m\x1b[KElemPos\x1b[m\x1b[K(const CMarkup::ElemPos&)\x1b[m\x1b[K\xe2\x80\x99:\n'}
[11.012556] (motion_capture_tracking) StderrLine: {'line': b'\x1b[01m\x1b[K/home/bajdus/Desktop/complete-velocity-messages/ros_ws/src/motion_capture_tracking/motion_capture_tracking/deps/libmotioncapture/deps/qualisys_cpp_sdk/Markup.h:89:55:\x1b[m\x1b[K \x1b[01;35m\x1b[Kwarning: \x1b[m\x1b[Kimplicitly-declared \xe2\x80\x98\x1b[01m\x1b[Kconstexpr CMarkup::ElemPos& CMarkup::ElemPos::\x1b[01;32m\x1b[Koperator=\x1b[m\x1b[K(const CMarkup::ElemPos&)\x1b[m\x1b[K\xe2\x80\x99 is deprecated [\x1b[01;35m\x1b[K\x1b]8;;https://gcc.gnu.org/onlinedocs/gcc/Warning-Options.html#index-Wdeprecated-copy\x07-Wdeprecated-copy\x1b]8;;\x07\x1b[m\x1b[K]\n'}
[11.012686] (motion_capture_tracking) StderrLine: {'line': b'   89 |                 ElemPos(const ElemPos& pos) { *this = \x1b[01;35m\x1b[Kpos\x1b[m\x1b[K; };\n'}
[11.012804] (motion_capture_tracking) StderrLine: {'line': b'      |                                                       \x1b[01;35m\x1b[K^~~\x1b[m\x1b[K\n'}
[11.012922] (motion_capture_tracking) StderrLine: {'line': b'\x1b[01m\x1b[K/home/bajdus/Desktop/complete-velocity-messages/ros_ws/src/motion_capture_tracking/motion_capture_tracking/deps/libmotioncapture/deps/qualisys_cpp_sdk/Markup.h:89:17:\x1b[m\x1b[K \x1b[01;36m\x1b[Knote: \x1b[m\x1b[Kbecause \xe2\x80\x98\x1b[01m\x1b[KCMarkup::ElemPos\x1b[m\x1b[K\xe2\x80\x99 has user-provided \xe2\x80\x98\x1b[01m\x1b[KCMarkup::ElemPos::\x1b[01;32m\x1b[KElemPos\x1b[m\x1b[K(const CMarkup::ElemPos&)\x1b[m\x1b[K\xe2\x80\x99\n'}
[11.013053] (motion_capture_tracking) StderrLine: {'line': b'   89 |                 \x1b[01;36m\x1b[KElemPos\x1b[m\x1b[K(const ElemPos& pos) { *this = pos; };\n'}
[11.013173] (motion_capture_tracking) StderrLine: {'line': b'      |                 \x1b[01;36m\x1b[K^~~~~~~\x1b[m\x1b[K\n'}
[11.015695] (motion_capture_tracking) StdoutLine: {'line': b'[ 31%] Built target quat\n'}
[11.021571] (-) TimerEvent: {}
[11.043417] (motion_capture_tracking) StdoutLine: {'line': b'[ 36%] \x1b[32mBuilding CXX object deps/libmotioncapture/deps/vrpn/CMakeFiles/vrpn.dir/vrpn_Auxiliary_Logger.C.o\x1b[0m\n'}
[11.043723] (motion_capture_tracking) StdoutLine: {'line': b'[ 36%] \x1b[32mBuilding CXX object deps/libmotioncapture/deps/vrpn/CMakeFiles/vrpn.dir/vrpn_Analog_Output.C.o\x1b[0m\n'}
[11.043883] (motion_capture_tracking) StdoutLine: {'line': b'[ 36%] \x1b[32mBuilding CXX object deps/libmotioncapture/deps/vrpn/CMakeFiles/vrpn.dir/vrpn_Analog.C.o\x1b[0m\n'}
[11.044008] (motion_capture_tracking) StdoutLine: {'line': b'[ 38%] \x1b[32mBuilding CXX object deps/libmotioncapture/deps/vrpn/CMakeFiles/vrpn.dir/vrpn_Assert.C.o\x1b[0m\n'}
[11.048390] (motion_capture_tracking) StdoutLine: {'line': b'[ 39%] \x1b[32mBuilding CXX object deps/libmotioncapture/deps/vrpn/CMakeFiles/vrpn.dir/vrpn_BaseClass.C.o\x1b[0m\n'}
[11.050004] (motion_capture_tracking) StdoutLine: {'line': b'[ 41%] \x1b[32mBuilding CXX object deps/libmotioncapture/deps/vrpn/CMakeFiles/vrpn.dir/vrpn_Button.C.o\x1b[0m\n'}
[11.086186] (motion_capture_tracking) StdoutLine: {'line': b'[ 42%] \x1b[32mBuilding CXX object deps/libmotioncapture/deps/vrpn/CMakeFiles/vrpn.dir/vrpn_Connection.C.o\x1b[0m\n'}
[11.121706] (-) TimerEvent: {}
[11.149129] (motion_capture_tracking) StdoutLine: {'line': b'[ 44%] \x1b[32mBuilding CXX object deps/libmotioncapture/deps/vrpn/CMakeFiles/vrpn.dir/vrpn_Dial.C.o\x1b[0m\n'}
[11.187308] (motion_capture_tracking) StdoutLine: {'line': b'[ 46%] \x1b[32mBuilding CXX object deps/libmotioncapture/deps/vrpn/CMakeFiles/vrpn.dir/vrpn_EndpointContainer.C.o\x1b[0m\n'}
[11.221842] (-) TimerEvent: {}
[11.233500] (motion_capture_tracking) StdoutLine: {'line': b'[ 47%] \x1b[32mBuilding CXX object deps/libmotioncapture/deps/vrpn/CMakeFiles/vrpn.dir/vrpn_FileConnection.C.o\x1b[0m\n'}
[11.259320] (motion_capture_tracking) StdoutLine: {'line': b'[ 49%] \x1b[32mBuilding CXX object deps/libmotioncapture/deps/vrpn/CMakeFiles/vrpn.dir/vrpn_FileController.C.o\x1b[0m\n'}
[11.285921] (motion_capture_tracking) StdoutLine: {'line': b'[ 50%] \x1b[32mBuilding CXX object deps/libmotioncapture/deps/vrpn/CMakeFiles/vrpn.dir/vrpn_ForceDevice.C.o\x1b[0m\n'}
[11.286345] (motion_capture_tracking) StdoutLine: {'line': b'[ 53%] \x1b[32mBuilding CXX object deps/libmotioncapture/deps/vrpn/CMakeFiles/vrpn.dir/vrpn_Forwarder.C.o\x1b[0m\n'}
[11.286489] (motion_capture_tracking) StdoutLine: {'line': b'[ 53%] \x1b[32mBuilding CXX object deps/libmotioncapture/deps/vrpn/CMakeFiles/vrpn.dir/vrpn_ForwarderController.C.o\x1b[0m\n'}
[11.291556] (motion_capture_tracking) StdoutLine: {'line': b'[ 55%] \x1b[32mBuilding CXX object deps/libmotioncapture/deps/vrpn/CMakeFiles/vrpn.dir/vrpn_FunctionGenerator.C.o\x1b[0m\n'}
[11.304461] (motion_capture_tracking) StdoutLine: {'line': b'[ 57%] \x1b[32mBuilding CXX object deps/libmotioncapture/deps/vrpn/CMakeFiles/vrpn.dir/vrpn_Imager.C.o\x1b[0m\n'}
[11.325167] (-) TimerEvent: {}
[11.339276] (motion_capture_tracking) StderrLine: {'line': b'\x1b[01m\x1b[K/home/bajdus/Desktop/complete-velocity-messages/ros_ws/src/motion_capture_tracking/motion_capture_tracking/deps/libmotioncapture/deps/vrpn/vrpn_EndpointContainer.C:\x1b[m\x1b[K In member function \xe2\x80\x98\x1b[01m\x1b[Kvoid vrpn::EndpointContainer::\x1b[01;32m\x1b[Kcompact_\x1b[m\x1b[K()\x1b[m\x1b[K\xe2\x80\x99:\n'}
[11.339566] (motion_capture_tracking) StderrLine: {'line': b'\x1b[01m\x1b[K/home/bajdus/Desktop/complete-velocity-messages/ros_ws/src/motion_capture_tracking/motion_capture_tracking/deps/libmotioncapture/deps/vrpn/vrpn_EndpointContainer.C:91:19:\x1b[m\x1b[K \x1b[01;35m\x1b[Kwarning: \x1b[m\x1b[Kunused variable \xe2\x80\x98\x1b[01m\x1b[Kbefore\x1b[m\x1b[K\xe2\x80\x99 [\x1b[01;35m\x1b[K\x1b]8;;https://gcc.gnu.org/onlinedocs/gcc/Warning-Options.html#index-Wunused-variable\x07-Wunused-variable\x1b]8;;\x07\x1b[m\x1b[K]\n'}
[11.339687] (motion_capture_tracking) StderrLine: {'line': b'   91 |         size_type \x1b[01;35m\x1b[Kbefore\x1b[m\x1b[K = get_full_container_size();\n'}
[11.339764] (motion_capture_tracking) StderrLine: {'line': b'      |                   \x1b[01;35m\x1b[K^~~~~~\x1b[m\x1b[K\n'}
[11.339830] (motion_capture_tracking) StderrLine: {'line': b'In file included from \x1b[01m\x1b[K/home/bajdus/Desktop/complete-velocity-messages/ros_ws/src/motion_capture_tracking/motion_capture_tracking/deps/libmotioncapture/deps/qualisys_cpp_sdk/RTProtocol.cpp:17\x1b[m\x1b[K:\n'}
[11.339894] (motion_capture_tracking) StderrLine: {'line': b'\x1b[01m\x1b[K/home/bajdus/Desktop/complete-velocity-messages/ros_ws/src/motion_capture_tracking/motion_capture_tracking/deps/libmotioncapture/deps/qualisys_cpp_sdk/Markup.h:\x1b[m\x1b[K In copy constructor \xe2\x80\x98\x1b[01m\x1b[KCMarkup::ElemPos::\x1b[01;32m\x1b[KElemPos\x1b[m\x1b[K(const CMarkup::ElemPos&)\x1b[m\x1b[K\xe2\x80\x99:\n'}
[11.339960] (motion_capture_tracking) StderrLine: {'line': b'\x1b[01m\x1b[K/home/bajdus/Desktop/complete-velocity-messages/ros_ws/src/motion_capture_tracking/motion_capture_tracking/deps/libmotioncapture/deps/qualisys_cpp_sdk/Markup.h:89:55:\x1b[m\x1b[K \x1b[01;35m\x1b[Kwarning: \x1b[m\x1b[Kimplicitly-declared \xe2\x80\x98\x1b[01m\x1b[Kconstexpr CMarkup::ElemPos& CMarkup::ElemPos::\x1b[01;32m\x1b[Koperator=\x1b[m\x1b[K(const CMarkup::ElemPos&)\x1b[m\x1b[K\xe2\x80\x99 is deprecated [\x1b[01;35m\x1b[K\x1b]8;;https://gcc.gnu.org/onlinedocs/gcc/Warning-Options.html#index-Wdeprecated-copy\x07-Wdeprecated-copy\x1b]8;;\x07\x1b[m\x1b[K]\n'}
[11.340046] (motion_capture_tracking) StderrLine: {'line': b'   89 |                 ElemPos(const ElemPos& pos) { *this = \x1b[01;35m\x1b[Kpos\x1b[m\x1b[K; };\n'}
[11.340120] (motion_capture_tracking) StderrLine: {'line': b'      |                                                       \x1b[01;35m\x1b[K^~~\x1b[m\x1b[K\n'}
[11.340182] (motion_capture_tracking) StderrLine: {'line': b'\x1b[01m\x1b[K/home/bajdus/Desktop/complete-velocity-messages/ros_ws/src/motion_capture_tracking/motion_capture_tracking/deps/libmotioncapture/deps/qualisys_cpp_sdk/Markup.h:89:17:\x1b[m\x1b[K \x1b[01;36m\x1b[Knote: \x1b[m\x1b[Kbecause \xe2\x80\x98\x1b[01m\x1b[KCMarkup::ElemPos\x1b[m\x1b[K\xe2\x80\x99 has user-provided \xe2\x80\x98\x1b[01m\x1b[KCMarkup::ElemPos::\x1b[01;32m\x1b[KElemPos\x1b[m\x1b[K(const CMarkup::ElemPos&)\x1b[m\x1b[K\xe2\x80\x99\n'}
[11.340248] (motion_capture_tracking) StderrLine: {'line': b'   89 |                 \x1b[01;36m\x1b[KElemPos\x1b[m\x1b[K(const ElemPos& pos) { *this = pos; };\n'}
[11.340311] (motion_capture_tracking) StderrLine: {'line': b'      |                 \x1b[01;36m\x1b[K^~~~~~~\x1b[m\x1b[K\n'}
[11.343068] (motion_capture_tracking) StdoutLine: {'line': b'[ 58%] \x1b[32mBuilding CXX object deps/libmotioncapture/deps/vrpn/CMakeFiles/vrpn.dir/vrpn_LamportClock.C.o\x1b[0m\n'}
[11.350552] (motion_capture_tracking) StderrLine: {'line': b'\x1b[01m\x1b[K/home/bajdus/Desktop/complete-velocity-messages/ros_ws/src/motion_capture_tracking/motion_capture_tracking/deps/libmotioncapture/deps/qualisys_cpp_sdk/RTProtocol.cpp:\x1b[m\x1b[K In member function \xe2\x80\x98\x1b[01m\x1b[Kbool CRTProtocol::\x1b[01;32m\x1b[KSetVersion\x1b[m\x1b[K(int, int)\x1b[m\x1b[K\xe2\x80\x99:\n'}
[11.350960] (motion_capture_tracking) StderrLine: {'line': b'\x1b[01m\x1b[K/home/bajdus/Desktop/complete-velocity-messages/ros_ws/src/motion_capture_tracking/motion_capture_tracking/deps/libmotioncapture/deps/qualisys_cpp_sdk/RTProtocol.cpp:263:13:\x1b[m\x1b[K \x1b[01;35m\x1b[Kwarning: \x1b[m\x1b[Kthe address of \xe2\x80\x98\x1b[01m\x1b[KpResponseStr\x1b[m\x1b[K\xe2\x80\x99 will never be NULL [\x1b[01;35m\x1b[K\x1b]8;;https://gcc.gnu.org/onlinedocs/gcc/Warning-Options.html#index-Waddress\x07-Waddress\x1b]8;;\x07\x1b[m\x1b[K]\n'}
[11.351129] (motion_capture_tracking) StderrLine: {'line': b'  263 |         if (\x1b[01;35m\x1b[KpResponseStr\x1b[m\x1b[K)\n'}
[11.351263] (motion_capture_tracking) StderrLine: {'line': b'      |             \x1b[01;35m\x1b[K^~~~~~~~~~~~\x1b[m\x1b[K\n'}
[11.351361] (motion_capture_tracking) StderrLine: {'line': b'\x1b[01m\x1b[K/home/bajdus/Desktop/complete-velocity-messages/ros_ws/src/motion_capture_tracking/motion_capture_tracking/deps/libmotioncapture/deps/qualisys_cpp_sdk/RTProtocol.cpp:247:10:\x1b[m\x1b[K \x1b[01;36m\x1b[Knote: \x1b[m\x1b[K\xe2\x80\x98\x1b[01m\x1b[KpResponseStr\x1b[m\x1b[K\xe2\x80\x99 declared here\n'}
[11.351463] (motion_capture_tracking) StderrLine: {'line': b'  247 |     char \x1b[01;36m\x1b[KpResponseStr\x1b[m\x1b[K[256];\n'}
[11.351554] (motion_capture_tracking) StderrLine: {'line': b'      |          \x1b[01;36m\x1b[K^~~~~~~~~~~~\x1b[m\x1b[K\n'}
[11.351645] (motion_capture_tracking) StdoutLine: {'line': b'[ 60%] \x1b[32mBuilding CXX object deps/libmotioncapture/deps/vrpn/CMakeFiles/vrpn.dir/vrpn_Mutex.C.o\x1b[0m\n'}
[11.355221] (motion_capture_tracking) StderrLine: {'line': b'\x1b[01m\x1b[K/home/bajdus/Desktop/complete-velocity-messages/ros_ws/src/motion_capture_tracking/motion_capture_tracking/deps/libmotioncapture/deps/qualisys_cpp_sdk/RTProtocol.cpp:\x1b[m\x1b[K In member function \xe2\x80\x98\x1b[01m\x1b[Kbool CRTProtocol::\x1b[01;32m\x1b[KSendTrig\x1b[m\x1b[K()\x1b[m\x1b[K\xe2\x80\x99:\n'}
[11.360059] (motion_capture_tracking) StderrLine: {'line': b'\x1b[01m\x1b[K/home/bajdus/Desktop/complete-velocity-messages/ros_ws/src/motion_capture_tracking/motion_capture_tracking/deps/libmotioncapture/deps/qualisys_cpp_sdk/RTProtocol.cpp:685:9:\x1b[m\x1b[K \x1b[01;35m\x1b[Kwarning: \x1b[m\x1b[Kthe address of \xe2\x80\x98\x1b[01m\x1b[KpResponseStr\x1b[m\x1b[K\xe2\x80\x99 will never be NULL [\x1b[01;35m\x1b[K\x1b]8;;https://gcc.gnu.org/onlinedocs/gcc/Warning-Options.html#index-Waddress\x07-Waddress\x1b]8;;\x07\x1b[m\x1b[K]\n'}
[11.360227] (motion_capture_tracking) StderrLine: {'line': b'  685 |     if (\x1b[01;35m\x1b[KpResponseStr\x1b[m\x1b[K)\n'}
[11.360338] (motion_capture_tracking) StderrLine: {'line': b'      |         \x1b[01;35m\x1b[K^~~~~~~~~~~~\x1b[m\x1b[K\n'}
[11.360433] (motion_capture_tracking) StderrLine: {'line': b'\x1b[01m\x1b[K/home/bajdus/Desktop/complete-velocity-messages/ros_ws/src/motion_capture_tracking/motion_capture_tracking/deps/libmotioncapture/deps/qualisys_cpp_sdk/RTProtocol.cpp:676:10:\x1b[m\x1b[K \x1b[01;36m\x1b[Knote: \x1b[m\x1b[K\xe2\x80\x98\x1b[01m\x1b[KpResponseStr\x1b[m\x1b[K\xe2\x80\x99 declared here\n'}
[11.360530] (motion_capture_tracking) StderrLine: {'line': b'  676 |     char \x1b[01;36m\x1b[KpResponseStr\x1b[m\x1b[K[256];\n'}
[11.360625] (motion_capture_tracking) StderrLine: {'line': b'      |          \x1b[01;36m\x1b[K^~~~~~~~~~~~\x1b[m\x1b[K\n'}
[11.360716] (motion_capture_tracking) StderrLine: {'line': b'\x1b[01m\x1b[K/home/bajdus/Desktop/complete-velocity-messages/ros_ws/src/motion_capture_tracking/motion_capture_tracking/deps/libmotioncapture/deps/qualisys_cpp_sdk/RTProtocol.cpp:\x1b[m\x1b[K In member function \xe2\x80\x98\x1b[01m\x1b[Kbool CRTProtocol::\x1b[01;32m\x1b[KSetQTMEvent\x1b[m\x1b[K(const char*)\x1b[m\x1b[K\xe2\x80\x99:\n'}
[11.360816] (motion_capture_tracking) StderrLine: {'line': b'\x1b[01m\x1b[K/home/bajdus/Desktop/complete-velocity-messages/ros_ws/src/motion_capture_tracking/motion_capture_tracking/deps/libmotioncapture/deps/qualisys_cpp_sdk/RTProtocol.cpp:713:13:\x1b[m\x1b[K \x1b[01;35m\x1b[Kwarning: \x1b[m\x1b[Kthe address of \xe2\x80\x98\x1b[01m\x1b[KpResponseStr\x1b[m\x1b[K\xe2\x80\x99 will never be NULL [\x1b[01;35m\x1b[K\x1b]8;;https://gcc.gnu.org/onlinedocs/gcc/Warning-Options.html#index-Waddress\x07-Waddress\x1b]8;;\x07\x1b[m\x1b[K]\n'}
[11.360915] (motion_capture_tracking) StderrLine: {'line': b'  713 |         if (\x1b[01;35m\x1b[KpResponseStr\x1b[m\x1b[K)\n'}
[11.361003] (motion_capture_tracking) StderrLine: {'line': b'      |             \x1b[01;35m\x1b[K^~~~~~~~~~~~\x1b[m\x1b[K\n'}
[11.361113] (motion_capture_tracking) StderrLine: {'line': b'\x1b[01m\x1b[K/home/bajdus/Desktop/complete-velocity-messages/ros_ws/src/motion_capture_tracking/motion_capture_tracking/deps/libmotioncapture/deps/qualisys_cpp_sdk/RTProtocol.cpp:700:10:\x1b[m\x1b[K \x1b[01;36m\x1b[Knote: \x1b[m\x1b[K\xe2\x80\x98\x1b[01m\x1b[KpResponseStr\x1b[m\x1b[K\xe2\x80\x99 declared here\n'}
[11.361230] (motion_capture_tracking) StderrLine: {'line': b'  700 |     char \x1b[01;36m\x1b[KpResponseStr\x1b[m\x1b[K[256];\n'}
[11.361320] (motion_capture_tracking) StderrLine: {'line': b'      |          \x1b[01;36m\x1b[K^~~~~~~~~~~~\x1b[m\x1b[K\n'}
[11.361408] (motion_capture_tracking) StderrLine: {'line': b'\x1b[01m\x1b[K/home/bajdus/Desktop/complete-velocity-messages/ros_ws/src/motion_capture_tracking/motion_capture_tracking/deps/libmotioncapture/deps/qualisys_cpp_sdk/RTProtocol.cpp:\x1b[m\x1b[K In member function \xe2\x80\x98\x1b[01m\x1b[Kbool CRTProtocol::\x1b[01;32m\x1b[KTakeControl\x1b[m\x1b[K(const char*)\x1b[m\x1b[K\xe2\x80\x99:\n'}
[11.361498] (motion_capture_tracking) StderrLine: {'line': b'\x1b[01m\x1b[K/home/bajdus/Desktop/complete-velocity-messages/ros_ws/src/motion_capture_tracking/motion_capture_tracking/deps/libmotioncapture/deps/qualisys_cpp_sdk/RTProtocol.cpp:754:9:\x1b[m\x1b[K \x1b[01;35m\x1b[Kwarning: \x1b[m\x1b[Kthe address of \xe2\x80\x98\x1b[01m\x1b[KpResponseStr\x1b[m\x1b[K\xe2\x80\x99 will never be NULL [\x1b[01;35m\x1b[K\x1b]8;;https://gcc.gnu.org/onlinedocs/gcc/Warning-Options.html#index-Waddress\x07-Waddress\x1b]8;;\x07\x1b[m\x1b[K]\n'}
[11.361610] (motion_capture_tracking) StderrLine: {'line': b'  754 |     if (\x1b[01;35m\x1b[KpResponseStr\x1b[m\x1b[K)\n'}
[11.361694] (motion_capture_tracking) StderrLine: {'line': b'      |         \x1b[01;35m\x1b[K^~~~~~~~~~~~\x1b[m\x1b[K\n'}
[11.361782] (motion_capture_tracking) StderrLine: {'line': b'\x1b[01m\x1b[K/home/bajdus/Desktop/complete-velocity-messages/ros_ws/src/motion_capture_tracking/motion_capture_tracking/deps/libmotioncapture/deps/qualisys_cpp_sdk/RTProtocol.cpp:732:10:\x1b[m\x1b[K \x1b[01;36m\x1b[Knote: \x1b[m\x1b[K\xe2\x80\x98\x1b[01m\x1b[KpResponseStr\x1b[m\x1b[K\xe2\x80\x99 declared here\n'}
[11.361871] (motion_capture_tracking) StderrLine: {'line': b'  732 |     char \x1b[01;36m\x1b[KpResponseStr\x1b[m\x1b[K[256];\n'}
[11.361958] (motion_capture_tracking) StderrLine: {'line': b'      |          \x1b[01;36m\x1b[K^~~~~~~~~~~~\x1b[m\x1b[K\n'}
[11.362056] (motion_capture_tracking) StderrLine: {'line': b'\x1b[01m\x1b[K/home/bajdus/Desktop/complete-velocity-messages/ros_ws/src/motion_capture_tracking/motion_capture_tracking/deps/libmotioncapture/deps/qualisys_cpp_sdk/RTProtocol.cpp:\x1b[m\x1b[K In member function \xe2\x80\x98\x1b[01m\x1b[Kbool CRTProtocol::\x1b[01;32m\x1b[KReleaseControl\x1b[m\x1b[K()\x1b[m\x1b[K\xe2\x80\x99:\n'}
[11.362158] (motion_capture_tracking) StderrLine: {'line': b'\x1b[01m\x1b[K/home/bajdus/Desktop/complete-velocity-messages/ros_ws/src/motion_capture_tracking/motion_capture_tracking/deps/libmotioncapture/deps/qualisys_cpp_sdk/RTProtocol.cpp:780:9:\x1b[m\x1b[K \x1b[01;35m\x1b[Kwarning: \x1b[m\x1b[Kthe address of \xe2\x80\x98\x1b[01m\x1b[KpResponseStr\x1b[m\x1b[K\xe2\x80\x99 will never be NULL [\x1b[01;35m\x1b[K\x1b]8;;https://gcc.gnu.org/onlinedocs/gcc/Warning-Options.html#index-Waddress\x07-Waddress\x1b]8;;\x07\x1b[m\x1b[K]\n'}
[11.362251] (motion_capture_tracking) StderrLine: {'line': b'  780 |     if (\x1b[01;35m\x1b[KpResponseStr\x1b[m\x1b[K)\n'}
[11.362334] (motion_capture_tracking) StderrLine: {'line': b'      |         \x1b[01;35m\x1b[K^~~~~~~~~~~~\x1b[m\x1b[K\n'}
[11.362423] (motion_capture_tracking) StderrLine: {'line': b'\x1b[01m\x1b[K/home/bajdus/Desktop/complete-velocity-messages/ros_ws/src/motion_capture_tracking/motion_capture_tracking/deps/libmotioncapture/deps/qualisys_cpp_sdk/RTProtocol.cpp:769:10:\x1b[m\x1b[K \x1b[01;36m\x1b[Knote: \x1b[m\x1b[K\xe2\x80\x98\x1b[01m\x1b[KpResponseStr\x1b[m\x1b[K\xe2\x80\x99 declared here\n'}
[11.362508] (motion_capture_tracking) StderrLine: {'line': b'  769 |     char \x1b[01;36m\x1b[KpResponseStr\x1b[m\x1b[K[256];\n'}
[11.362589] (motion_capture_tracking) StderrLine: {'line': b'      |          \x1b[01;36m\x1b[K^~~~~~~~~~~~\x1b[m\x1b[K\n'}
[11.362675] (motion_capture_tracking) StderrLine: {'line': b'\x1b[01m\x1b[K/home/bajdus/Desktop/complete-velocity-messages/ros_ws/src/motion_capture_tracking/motion_capture_tracking/deps/libmotioncapture/deps/qualisys_cpp_sdk/RTProtocol.cpp:\x1b[m\x1b[K In member function \xe2\x80\x98\x1b[01m\x1b[Kbool CRTProtocol::\x1b[01;32m\x1b[KNewMeasurement\x1b[m\x1b[K()\x1b[m\x1b[K\xe2\x80\x99:\n'}
[11.362757] (motion_capture_tracking) StderrLine: {'line': b'\x1b[01m\x1b[K/home/bajdus/Desktop/complete-velocity-messages/ros_ws/src/motion_capture_tracking/motion_capture_tracking/deps/libmotioncapture/deps/qualisys_cpp_sdk/RTProtocol.cpp:810:9:\x1b[m\x1b[K \x1b[01;35m\x1b[Kwarning: \x1b[m\x1b[Kthe address of \xe2\x80\x98\x1b[01m\x1b[KpResponseStr\x1b[m\x1b[K\xe2\x80\x99 will never be NULL [\x1b[01;35m\x1b[K\x1b]8;;https://gcc.gnu.org/onlinedocs/gcc/Warning-Options.html#index-Waddress\x07-Waddress\x1b]8;;\x07\x1b[m\x1b[K]\n'}
[11.362840] (motion_capture_tracking) StderrLine: {'line': b'  810 |     if (\x1b[01;35m\x1b[KpResponseStr\x1b[m\x1b[K)\n'}
[11.362918] (motion_capture_tracking) StderrLine: {'line': b'      |         \x1b[01;35m\x1b[K^~~~~~~~~~~~\x1b[m\x1b[K\n'}
[11.362997] (motion_capture_tracking) StderrLine: {'line': b'\x1b[01m\x1b[K/home/bajdus/Desktop/complete-velocity-messages/ros_ws/src/motion_capture_tracking/motion_capture_tracking/deps/libmotioncapture/deps/qualisys_cpp_sdk/RTProtocol.cpp:800:10:\x1b[m\x1b[K \x1b[01;36m\x1b[Knote: \x1b[m\x1b[K\xe2\x80\x98\x1b[01m\x1b[KpResponseStr\x1b[m\x1b[K\xe2\x80\x99 declared here\n'}
[11.366375] (motion_capture_tracking) StderrLine: {'line': b'  800 |     char \x1b[01;36m\x1b[KpResponseStr\x1b[m\x1b[K[256];\n'}
[11.366544] (motion_capture_tracking) StderrLine: {'line': b'      |          \x1b[01;36m\x1b[K^~~~~~~~~~~~\x1b[m\x1b[K\n'}
[11.366648] (motion_capture_tracking) StderrLine: {'line': b'\x1b[01m\x1b[K/home/bajdus/Desktop/complete-velocity-messages/ros_ws/src/motion_capture_tracking/motion_capture_tracking/deps/libmotioncapture/deps/qualisys_cpp_sdk/RTProtocol.cpp:\x1b[m\x1b[K In member function \xe2\x80\x98\x1b[01m\x1b[Kbool CRTProtocol::\x1b[01;32m\x1b[KCloseMeasurement\x1b[m\x1b[K()\x1b[m\x1b[K\xe2\x80\x99:\n'}
[11.366751] (motion_capture_tracking) StderrLine: {'line': b'\x1b[01m\x1b[K/home/bajdus/Desktop/complete-velocity-messages/ros_ws/src/motion_capture_tracking/motion_capture_tracking/deps/libmotioncapture/deps/qualisys_cpp_sdk/RTProtocol.cpp:835:9:\x1b[m\x1b[K \x1b[01;35m\x1b[Kwarning: \x1b[m\x1b[Kthe address of \xe2\x80\x98\x1b[01m\x1b[KpResponseStr\x1b[m\x1b[K\xe2\x80\x99 will never be NULL [\x1b[01;35m\x1b[K\x1b]8;;https://gcc.gnu.org/onlinedocs/gcc/Warning-Options.html#index-Waddress\x07-Waddress\x1b]8;;\x07\x1b[m\x1b[K]\n'}
[11.366873] (motion_capture_tracking) StderrLine: {'line': b'  835 |     if (\x1b[01;35m\x1b[KpResponseStr\x1b[m\x1b[K)\n'}
[11.366963] (motion_capture_tracking) StderrLine: {'line': b'      |         \x1b[01;35m\x1b[K^~~~~~~~~~~~\x1b[m\x1b[K\n'}
[11.367071] (motion_capture_tracking) StderrLine: {'line': b'\x1b[01m\x1b[K/home/bajdus/Desktop/complete-velocity-messages/ros_ws/src/motion_capture_tracking/motion_capture_tracking/deps/libmotioncapture/deps/qualisys_cpp_sdk/RTProtocol.cpp:823:10:\x1b[m\x1b[K \x1b[01;36m\x1b[Knote: \x1b[m\x1b[K\xe2\x80\x98\x1b[01m\x1b[KpResponseStr\x1b[m\x1b[K\xe2\x80\x99 declared here\n'}
[11.367169] (motion_capture_tracking) StderrLine: {'line': b'  823 |     char \x1b[01;36m\x1b[KpResponseStr\x1b[m\x1b[K[256];\n'}
[11.367263] (motion_capture_tracking) StderrLine: {'line': b'      |          \x1b[01;36m\x1b[K^~~~~~~~~~~~\x1b[m\x1b[K\n'}
[11.367348] (motion_capture_tracking) StderrLine: {'line': b'\x1b[01m\x1b[K/home/bajdus/Desktop/complete-velocity-messages/ros_ws/src/motion_capture_tracking/motion_capture_tracking/deps/libmotioncapture/deps/qualisys_cpp_sdk/RTProtocol.cpp:\x1b[m\x1b[K In member function \xe2\x80\x98\x1b[01m\x1b[Kbool CRTProtocol::\x1b[01;32m\x1b[KStartCapture\x1b[m\x1b[K()\x1b[m\x1b[K\xe2\x80\x99:\n'}
[11.367457] (motion_capture_tracking) StderrLine: {'line': b'\x1b[01m\x1b[K/home/bajdus/Desktop/complete-velocity-messages/ros_ws/src/motion_capture_tracking/motion_capture_tracking/deps/libmotioncapture/deps/qualisys_cpp_sdk/RTProtocol.cpp:858:9:\x1b[m\x1b[K \x1b[01;35m\x1b[Kwarning: \x1b[m\x1b[Kthe address of \xe2\x80\x98\x1b[01m\x1b[KpResponseStr\x1b[m\x1b[K\xe2\x80\x99 will never be NULL [\x1b[01;35m\x1b[K\x1b]8;;https://gcc.gnu.org/onlinedocs/gcc/Warning-Options.html#index-Waddress\x07-Waddress\x1b]8;;\x07\x1b[m\x1b[K]\n'}
[11.367545] (motion_capture_tracking) StderrLine: {'line': b'  858 |     if (\x1b[01;35m\x1b[KpResponseStr\x1b[m\x1b[K)\n'}
[11.367625] (motion_capture_tracking) StderrLine: {'line': b'      |         \x1b[01;35m\x1b[K^~~~~~~~~~~~\x1b[m\x1b[K\n'}
[11.367706] (motion_capture_tracking) StderrLine: {'line': b'\x1b[01m\x1b[K/home/bajdus/Desktop/complete-velocity-messages/ros_ws/src/motion_capture_tracking/motion_capture_tracking/deps/libmotioncapture/deps/qualisys_cpp_sdk/RTProtocol.cpp:849:10:\x1b[m\x1b[K \x1b[01;36m\x1b[Knote: \x1b[m\x1b[K\xe2\x80\x98\x1b[01m\x1b[KpResponseStr\x1b[m\x1b[K\xe2\x80\x99 declared here\n'}
[11.367791] (motion_capture_tracking) StderrLine: {'line': b'  849 |     char \x1b[01;36m\x1b[KpResponseStr\x1b[m\x1b[K[256];\n'}
[11.367876] (motion_capture_tracking) StderrLine: {'line': b'      |          \x1b[01;36m\x1b[K^~~~~~~~~~~~\x1b[m\x1b[K\n'}
[11.367960] (motion_capture_tracking) StderrLine: {'line': b'\x1b[01m\x1b[K/home/bajdus/Desktop/complete-velocity-messages/ros_ws/src/motion_capture_tracking/motion_capture_tracking/deps/libmotioncapture/deps/qualisys_cpp_sdk/RTProtocol.cpp:\x1b[m\x1b[K In member function \xe2\x80\x98\x1b[01m\x1b[Kbool CRTProtocol::\x1b[01;32m\x1b[KStartRTOnFile\x1b[m\x1b[K()\x1b[m\x1b[K\xe2\x80\x99:\n'}
[11.368068] (motion_capture_tracking) StderrLine: {'line': b'\x1b[01m\x1b[K/home/bajdus/Desktop/complete-velocity-messages/ros_ws/src/motion_capture_tracking/motion_capture_tracking/deps/libmotioncapture/deps/qualisys_cpp_sdk/RTProtocol.cpp:881:9:\x1b[m\x1b[K \x1b[01;35m\x1b[Kwarning: \x1b[m\x1b[Kthe address of \xe2\x80\x98\x1b[01m\x1b[KpResponseStr\x1b[m\x1b[K\xe2\x80\x99 will never be NULL [\x1b[01;35m\x1b[K\x1b]8;;https://gcc.gnu.org/onlinedocs/gcc/Warning-Options.html#index-Waddress\x07-Waddress\x1b]8;;\x07\x1b[m\x1b[K]\n'}
[11.368168] (motion_capture_tracking) StderrLine: {'line': b'  881 |     if (\x1b[01;35m\x1b[KpResponseStr\x1b[m\x1b[K)\n'}
[11.368253] (motion_capture_tracking) StderrLine: {'line': b'      |         \x1b[01;35m\x1b[K^~~~~~~~~~~~\x1b[m\x1b[K\n'}
[11.368338] (motion_capture_tracking) StderrLine: {'line': b'\x1b[01m\x1b[K/home/bajdus/Desktop/complete-velocity-messages/ros_ws/src/motion_capture_tracking/motion_capture_tracking/deps/libmotioncapture/deps/qualisys_cpp_sdk/RTProtocol.cpp:872:10:\x1b[m\x1b[K \x1b[01;36m\x1b[Knote: \x1b[m\x1b[K\xe2\x80\x98\x1b[01m\x1b[KpResponseStr\x1b[m\x1b[K\xe2\x80\x99 declared here\n'}
[11.368428] (motion_capture_tracking) StderrLine: {'line': b'  872 |     char \x1b[01;36m\x1b[KpResponseStr\x1b[m\x1b[K[256];\n'}
[11.368518] (motion_capture_tracking) StderrLine: {'line': b'      |          \x1b[01;36m\x1b[K^~~~~~~~~~~~\x1b[m\x1b[K\n'}
[11.368601] (motion_capture_tracking) StderrLine: {'line': b'\x1b[01m\x1b[K/home/bajdus/Desktop/complete-velocity-messages/ros_ws/src/motion_capture_tracking/motion_capture_tracking/deps/libmotioncapture/deps/qualisys_cpp_sdk/RTProtocol.cpp:\x1b[m\x1b[K In member function \xe2\x80\x98\x1b[01m\x1b[Kbool CRTProtocol::\x1b[01;32m\x1b[KStopCapture\x1b[m\x1b[K()\x1b[m\x1b[K\xe2\x80\x99:\n'}
[11.368688] (motion_capture_tracking) StderrLine: {'line': b'\x1b[01m\x1b[K/home/bajdus/Desktop/complete-velocity-messages/ros_ws/src/motion_capture_tracking/motion_capture_tracking/deps/libmotioncapture/deps/qualisys_cpp_sdk/RTProtocol.cpp:908:9:\x1b[m\x1b[K \x1b[01;35m\x1b[Kwarning: \x1b[m\x1b[Kthe address of \xe2\x80\x98\x1b[01m\x1b[KpResponseStr\x1b[m\x1b[K\xe2\x80\x99 will never be NULL [\x1b[01;35m\x1b[K\x1b]8;;https://gcc.gnu.org/onlinedocs/gcc/Warning-Options.html#index-Waddress\x07-Waddress\x1b]8;;\x07\x1b[m\x1b[K]\n'}
[11.368783] (motion_capture_tracking) StderrLine: {'line': b'  908 |     if (\x1b[01;35m\x1b[KpResponseStr\x1b[m\x1b[K)\n'}
[11.368872] (motion_capture_tracking) StderrLine: {'line': b'      |         \x1b[01;35m\x1b[K^~~~~~~~~~~~\x1b[m\x1b[K\n'}
[11.368959] (motion_capture_tracking) StderrLine: {'line': b'\x1b[01m\x1b[K/home/bajdus/Desktop/complete-velocity-messages/ros_ws/src/motion_capture_tracking/motion_capture_tracking/deps/libmotioncapture/deps/qualisys_cpp_sdk/RTProtocol.cpp:899:10:\x1b[m\x1b[K \x1b[01;36m\x1b[Knote: \x1b[m\x1b[K\xe2\x80\x98\x1b[01m\x1b[KpResponseStr\x1b[m\x1b[K\xe2\x80\x99 declared here\n'}
[11.369053] (motion_capture_tracking) StderrLine: {'line': b'  899 |     char \x1b[01;36m\x1b[KpResponseStr\x1b[m\x1b[K[256];\n'}
[11.369148] (motion_capture_tracking) StderrLine: {'line': b'      |          \x1b[01;36m\x1b[K^~~~~~~~~~~~\x1b[m\x1b[K\n'}
[11.369226] (motion_capture_tracking) StderrLine: {'line': b'\x1b[01m\x1b[K/home/bajdus/Desktop/complete-velocity-messages/ros_ws/src/motion_capture_tracking/motion_capture_tracking/deps/libmotioncapture/deps/qualisys_cpp_sdk/RTProtocol.cpp:\x1b[m\x1b[K In member function \xe2\x80\x98\x1b[01m\x1b[Kbool CRTProtocol::\x1b[01;32m\x1b[KCalibrate\x1b[m\x1b[K(bool, SCalibration&, int)\x1b[m\x1b[K\xe2\x80\x99:\n'}
[11.369314] (motion_capture_tracking) StderrLine: {'line': b'\x1b[01m\x1b[K/home/bajdus/Desktop/complete-velocity-messages/ros_ws/src/motion_capture_tracking/motion_capture_tracking/deps/libmotioncapture/deps/qualisys_cpp_sdk/RTProtocol.cpp:939:9:\x1b[m\x1b[K \x1b[01;35m\x1b[Kwarning: \x1b[m\x1b[Kthe address of \xe2\x80\x98\x1b[01m\x1b[KpResponseStr\x1b[m\x1b[K\xe2\x80\x99 will never be NULL [\x1b[01;35m\x1b[K\x1b]8;;https://gcc.gnu.org/onlinedocs/gcc/Warning-Options.html#index-Waddress\x07-Waddress\x1b]8;;\x07\x1b[m\x1b[K]\n'}
[11.369397] (motion_capture_tracking) StderrLine: {'line': b'  939 |     if (\x1b[01;35m\x1b[KpResponseStr\x1b[m\x1b[K)\n'}
[11.369475] (motion_capture_tracking) StderrLine: {'line': b'      |         \x1b[01;35m\x1b[K^~~~~~~~~~~~\x1b[m\x1b[K\n'}
[11.369551] (motion_capture_tracking) StderrLine: {'line': b'\x1b[01m\x1b[K/home/bajdus/Desktop/complete-velocity-messages/ros_ws/src/motion_capture_tracking/motion_capture_tracking/deps/libmotioncapture/deps/qualisys_cpp_sdk/RTProtocol.cpp:922:10:\x1b[m\x1b[K \x1b[01;36m\x1b[Knote: \x1b[m\x1b[K\xe2\x80\x98\x1b[01m\x1b[KpResponseStr\x1b[m\x1b[K\xe2\x80\x99 declared here\n'}
[11.369634] (motion_capture_tracking) StderrLine: {'line': b'  922 |     char \x1b[01;36m\x1b[KpResponseStr\x1b[m\x1b[K[256];\n'}
[11.369712] (motion_capture_tracking) StderrLine: {'line': b'      |          \x1b[01;36m\x1b[K^~~~~~~~~~~~\x1b[m\x1b[K\n'}
[11.369790] (motion_capture_tracking) StderrLine: {'line': b'\x1b[01m\x1b[K/home/bajdus/Desktop/complete-velocity-messages/ros_ws/src/motion_capture_tracking/motion_capture_tracking/deps/libmotioncapture/deps/qualisys_cpp_sdk/RTProtocol.cpp:\x1b[m\x1b[K In member function \xe2\x80\x98\x1b[01m\x1b[Kbool CRTProtocol::\x1b[01;32m\x1b[KSaveCapture\x1b[m\x1b[K(const char*, bool, char*, int)\x1b[m\x1b[K\xe2\x80\x99:\n'}
[11.369874] (motion_capture_tracking) StderrLine: {'line': b'\x1b[01m\x1b[K/home/bajdus/Desktop/complete-velocity-messages/ros_ws/src/motion_capture_tracking/motion_capture_tracking/deps/libmotioncapture/deps/qualisys_cpp_sdk/RTProtocol.cpp:1016:13:\x1b[m\x1b[K \x1b[01;35m\x1b[Kwarning: \x1b[m\x1b[Kthe address of \xe2\x80\x98\x1b[01m\x1b[KpResponseStr\x1b[m\x1b[K\xe2\x80\x99 will never be NULL [\x1b[01;35m\x1b[K\x1b]8;;https://gcc.gnu.org/onlinedocs/gcc/Warning-Options.html#index-Waddress\x07-Waddress\x1b]8;;\x07\x1b[m\x1b[K]\n'}
[11.369967] (motion_capture_tracking) StderrLine: {'line': b' 1016 |         if (\x1b[01;35m\x1b[KpResponseStr\x1b[m\x1b[K && strlen(pResponseStr) > 0)\n'}
[11.374271] (motion_capture_tracking) StderrLine: {'line': b'      |             \x1b[01;35m\x1b[K^~~~~~~~~~~~\x1b[m\x1b[K\n'}
[11.374521] (motion_capture_tracking) StderrLine: {'line': b'\x1b[01m\x1b[K/home/bajdus/Desktop/complete-velocity-messages/ros_ws/src/motion_capture_tracking/motion_capture_tracking/deps/libmotioncapture/deps/qualisys_cpp_sdk/RTProtocol.cpp:988:10:\x1b[m\x1b[K \x1b[01;36m\x1b[Knote: \x1b[m\x1b[K\xe2\x80\x98\x1b[01m\x1b[KpResponseStr\x1b[m\x1b[K\xe2\x80\x99 declared here\n'}
[11.374652] (motion_capture_tracking) StderrLine: {'line': b'  988 |     char \x1b[01;36m\x1b[KpResponseStr\x1b[m\x1b[K[256];\n'}
[11.374751] (motion_capture_tracking) StderrLine: {'line': b'      |          \x1b[01;36m\x1b[K^~~~~~~~~~~~\x1b[m\x1b[K\n'}
[11.374842] (motion_capture_tracking) StderrLine: {'line': b'\x1b[01m\x1b[K/home/bajdus/Desktop/complete-velocity-messages/ros_ws/src/motion_capture_tracking/motion_capture_tracking/deps/libmotioncapture/deps/qualisys_cpp_sdk/RTProtocol.cpp:\x1b[m\x1b[K In member function \xe2\x80\x98\x1b[01m\x1b[Kbool CRTProtocol::\x1b[01;32m\x1b[KLoadProject\x1b[m\x1b[K(const char*)\x1b[m\x1b[K\xe2\x80\x99:\n'}
[11.374938] (motion_capture_tracking) StderrLine: {'line': b'\x1b[01m\x1b[K/home/bajdus/Desktop/complete-velocity-messages/ros_ws/src/motion_capture_tracking/motion_capture_tracking/deps/libmotioncapture/deps/qualisys_cpp_sdk/RTProtocol.cpp:1049:13:\x1b[m\x1b[K \x1b[01;35m\x1b[Kwarning: \x1b[m\x1b[Kthe address of \xe2\x80\x98\x1b[01m\x1b[KpResponseStr\x1b[m\x1b[K\xe2\x80\x99 will never be NULL [\x1b[01;35m\x1b[K\x1b]8;;https://gcc.gnu.org/onlinedocs/gcc/Warning-Options.html#index-Waddress\x07-Waddress\x1b]8;;\x07\x1b[m\x1b[K]\n'}
[11.375060] (motion_capture_tracking) StderrLine: {'line': b' 1049 |         if (\x1b[01;35m\x1b[KpResponseStr\x1b[m\x1b[K)\n'}
[11.375163] (motion_capture_tracking) StderrLine: {'line': b'      |             \x1b[01;35m\x1b[K^~~~~~~~~~~~\x1b[m\x1b[K\n'}
[11.375252] (motion_capture_tracking) StderrLine: {'line': b'\x1b[01m\x1b[K/home/bajdus/Desktop/complete-velocity-messages/ros_ws/src/motion_capture_tracking/motion_capture_tracking/deps/libmotioncapture/deps/qualisys_cpp_sdk/RTProtocol.cpp:1036:10:\x1b[m\x1b[K \x1b[01;36m\x1b[Knote: \x1b[m\x1b[K\xe2\x80\x98\x1b[01m\x1b[KpResponseStr\x1b[m\x1b[K\xe2\x80\x99 declared here\n'}
[11.375344] (motion_capture_tracking) StderrLine: {'line': b' 1036 |     char \x1b[01;36m\x1b[KpResponseStr\x1b[m\x1b[K[256];\n'}
[11.375433] (motion_capture_tracking) StderrLine: {'line': b'      |          \x1b[01;36m\x1b[K^~~~~~~~~~~~\x1b[m\x1b[K\n'}
[11.375523] (motion_capture_tracking) StderrLine: {'line': b'\x1b[01m\x1b[K/home/bajdus/Desktop/complete-velocity-messages/ros_ws/src/motion_capture_tracking/motion_capture_tracking/deps/libmotioncapture/deps/qualisys_cpp_sdk/RTProtocol.cpp:\x1b[m\x1b[K In member function \xe2\x80\x98\x1b[01m\x1b[Kbool CRTProtocol::\x1b[01;32m\x1b[KReprocess\x1b[m\x1b[K()\x1b[m\x1b[K\xe2\x80\x99:\n'}
[11.375615] (motion_capture_tracking) StderrLine: {'line': b'\x1b[01m\x1b[K/home/bajdus/Desktop/complete-velocity-messages/ros_ws/src/motion_capture_tracking/motion_capture_tracking/deps/libmotioncapture/deps/qualisys_cpp_sdk/RTProtocol.cpp:1077:9:\x1b[m\x1b[K \x1b[01;35m\x1b[Kwarning: \x1b[m\x1b[Kthe address of \xe2\x80\x98\x1b[01m\x1b[KpResponseStr\x1b[m\x1b[K\xe2\x80\x99 will never be NULL [\x1b[01;35m\x1b[K\x1b]8;;https://gcc.gnu.org/onlinedocs/gcc/Warning-Options.html#index-Waddress\x07-Waddress\x1b]8;;\x07\x1b[m\x1b[K]\n'}
[11.375705] (motion_capture_tracking) StderrLine: {'line': b' 1077 |     if (\x1b[01;35m\x1b[KpResponseStr\x1b[m\x1b[K)\n'}
[11.375787] (motion_capture_tracking) StderrLine: {'line': b'      |         \x1b[01;35m\x1b[K^~~~~~~~~~~~\x1b[m\x1b[K\n'}
[11.375884] (motion_capture_tracking) StderrLine: {'line': b'\x1b[01m\x1b[K/home/bajdus/Desktop/complete-velocity-messages/ros_ws/src/motion_capture_tracking/motion_capture_tracking/deps/libmotioncapture/deps/qualisys_cpp_sdk/RTProtocol.cpp:1068:10:\x1b[m\x1b[K \x1b[01;36m\x1b[Knote: \x1b[m\x1b[K\xe2\x80\x98\x1b[01m\x1b[KpResponseStr\x1b[m\x1b[K\xe2\x80\x99 declared here\n'}
[11.375975] (motion_capture_tracking) StderrLine: {'line': b' 1068 |     char \x1b[01;36m\x1b[KpResponseStr\x1b[m\x1b[K[256];\n'}
[11.376075] (motion_capture_tracking) StderrLine: {'line': b'      |          \x1b[01;36m\x1b[K^~~~~~~~~~~~\x1b[m\x1b[K\n'}
[11.411232] (motion_capture_tracking) StdoutLine: {'line': b'[ 61%] \x1b[32mBuilding CXX object deps/libmotioncapture/deps/vrpn/CMakeFiles/vrpn.dir/vrpn_Poser.C.o\x1b[0m\n'}
[11.425391] (-) TimerEvent: {}
[11.432858] (motion_capture_tracking) StdoutLine: {'line': b'[ 63%] \x1b[32mBuilding CXX object deps/libmotioncapture/deps/vrpn/CMakeFiles/vrpn.dir/vrpn_RedundantTransmission.C.o\x1b[0m\n'}
[11.449203] (motion_capture_tracking) StdoutLine: {'line': b'[ 65%] \x1b[32mBuilding CXX object deps/libmotioncapture/deps/vrpn/CMakeFiles/vrpn.dir/vrpn_Serial.C.o\x1b[0m\n'}
[11.462815] (motion_capture_tracking) StdoutLine: {'line': b'[ 66%] \x1b[32mBuilding CXX object deps/libmotioncapture/deps/vrpn/CMakeFiles/vrpn.dir/vrpn_SerialPort.C.o\x1b[0m\n'}
[11.478141] (motion_capture_tracking) StdoutLine: {'line': b'[ 68%] \x1b[32mBuilding CXX object deps/libmotioncapture/deps/vrpn/CMakeFiles/vrpn.dir/vrpn_Shared.C.o\x1b[0m\n'}
[11.491694] (motion_capture_tracking) StdoutLine: {'line': b'[ 69%] \x1b[32mBuilding CXX object deps/libmotioncapture/deps/vrpn/CMakeFiles/vrpn.dir/vrpn_SharedObject.C.o\x1b[0m\n'}
[11.526132] (-) TimerEvent: {}
[11.535789] (motion_capture_tracking) StdoutLine: {'line': b'[ 71%] \x1b[32mBuilding CXX object deps/libmotioncapture/deps/vrpn/CMakeFiles/vrpn.dir/vrpn_Sound.C.o\x1b[0m\n'}
[11.607958] (motion_capture_tracking) StdoutLine: {'line': b'[ 73%] \x1b[32mBuilding CXX object deps/libmotioncapture/deps/vrpn/CMakeFiles/vrpn.dir/vrpn_Text.C.o\x1b[0m\n'}
[11.626915] (-) TimerEvent: {}
[11.636956] (motion_capture_tracking) StdoutLine: {'line': b'[ 74%] \x1b[32mBuilding CXX object deps/libmotioncapture/deps/vrpn/CMakeFiles/vrpn.dir/vrpn_Thread.C.o\x1b[0m\n'}
[11.655856] (motion_capture_tracking) StdoutLine: {'line': b'[ 76%] \x1b[32mBuilding CXX object deps/libmotioncapture/deps/vrpn/CMakeFiles/vrpn.dir/vrpn_Tracker.C.o\x1b[0m\n'}
[11.727124] (-) TimerEvent: {}
[11.828512] (-) TimerEvent: {}
[11.902927] (motion_capture_tracking) StdoutLine: {'line': b'[ 77%] \x1b[32m\x1b[1mLinking CXX static library libvrpn.a\x1b[0m\n'}
[11.928708] (-) TimerEvent: {}
[11.959977] (motion_capture_tracking) StdoutLine: {'line': b'[ 77%] Built target vrpn\n'}
[12.028882] (-) TimerEvent: {}
[12.122695] (motion_capture_tracking) StderrLine: {'line': b'\x1b[01m\x1b[K/home/bajdus/Desktop/complete-velocity-messages/ros_ws/src/motion_capture_tracking/motion_capture_tracking/deps/libmotioncapture/deps/qualisys_cpp_sdk/RTProtocol.cpp:\x1b[m\x1b[K In member function \xe2\x80\x98\x1b[01m\x1b[Kbool CRTProtocol::\x1b[01;32m\x1b[KGetCapture\x1b[m\x1b[K(const char*, bool)\x1b[m\x1b[K\xe2\x80\x99:\n'}
[12.122919] (motion_capture_tracking) StderrLine: {'line': b'\x1b[01m\x1b[K/home/bajdus/Desktop/complete-velocity-messages/ros_ws/src/motion_capture_tracking/motion_capture_tracking/deps/libmotioncapture/deps/qualisys_cpp_sdk/RTProtocol.cpp:651:66:\x1b[m\x1b[K \x1b[01;35m\x1b[Kwarning: \x1b[m\x1b[K\xe2\x80\x98\x1b[01m\x1b[K%s\x1b[m\x1b[K\xe2\x80\x99 directive writing up to 1023 bytes into a region of size 1004 [\x1b[01;35m\x1b[K\x1b]8;;https://gcc.gnu.org/onlinedocs/gcc/Warning-Options.html#index-Wformat-overflow=\x07-Wformat-overflow=\x1b]8;;\x07\x1b[m\x1b[K]\n'}
[12.123000] (motion_capture_tracking) StderrLine: {'line': b'  651 |                         sprintf(maErrorStr, "No packet received. \x1b[01;35m\x1b[K%s\x1b[m\x1b[K.", maErrorStr);\n'}
[12.123075] (motion_capture_tracking) StderrLine: {'line': b'      |                                                                  \x1b[01;35m\x1b[K^~\x1b[m\x1b[K\n'}
[12.123134] (motion_capture_tracking) StderrLine: {'line': b'\x1b[01m\x1b[K/home/bajdus/Desktop/complete-velocity-messages/ros_ws/src/motion_capture_tracking/motion_capture_tracking/deps/libmotioncapture/deps/qualisys_cpp_sdk/RTProtocol.cpp:651:32:\x1b[m\x1b[K \x1b[01;36m\x1b[Knote: \x1b[m\x1b[K\xe2\x80\x98\x1b[01m\x1b[Ksprintf\x1b[m\x1b[K\xe2\x80\x99 output between 22 and 1045 bytes into a destination of size 1024\n'}
[12.123192] (motion_capture_tracking) StderrLine: {'line': b'  651 |                         \x1b[01;36m\x1b[Ksprintf(maErrorStr, "No packet received. %s.", maErrorStr)\x1b[m\x1b[K;\n'}
[12.123261] (motion_capture_tracking) StderrLine: {'line': b'      |                         \x1b[01;36m\x1b[K~~~~~~~^~~~~~~~~~~~~~~~~~~~~~~~~~~~~~~~~~~~~~~~~~~~~~~~~~~\x1b[m\x1b[K\n'}
[12.123317] (motion_capture_tracking) StderrLine: {'line': b'\x1b[01m\x1b[K/home/bajdus/Desktop/complete-velocity-messages/ros_ws/src/motion_capture_tracking/motion_capture_tracking/deps/libmotioncapture/deps/qualisys_cpp_sdk/RTProtocol.cpp:651:32:\x1b[m\x1b[K \x1b[01;35m\x1b[Kwarning: \x1b[m\x1b[K\xe2\x80\x98\x1b[01m\x1b[Ksprintf\x1b[m\x1b[K\xe2\x80\x99 argument 3 overlaps destination object \xe2\x80\x98\x1b[01m\x1b[Kthis\x1b[m\x1b[K\xe2\x80\x99 [\x1b[01;35m\x1b[K\x1b]8;;https://gcc.gnu.org/onlinedocs/gcc/Warning-Options.html#index-Wrestrict\x07-Wrestrict\x1b]8;;\x07\x1b[m\x1b[K]\n'}
[12.123376] (motion_capture_tracking) StderrLine: {'line': b'\x1b[01m\x1b[K/home/bajdus/Desktop/complete-velocity-messages/ros_ws/src/motion_capture_tracking/motion_capture_tracking/deps/libmotioncapture/deps/qualisys_cpp_sdk/RTProtocol.cpp:580:62:\x1b[m\x1b[K \x1b[01;36m\x1b[Knote: \x1b[m\x1b[Kdestination object referenced by \xe2\x80\x98\x1b[01m\x1b[Krestrict\x1b[m\x1b[K\xe2\x80\x99-qualified argument 1 was declared here\n'}
[12.123433] (motion_capture_tracking) StderrLine: {'line': b'  580 | bool CRTProtocol::GetCapture(const char* pFileName, bool bC3D\x1b[01;36m\x1b[K)\x1b[m\x1b[K\n'}
[12.123489] (motion_capture_tracking) StderrLine: {'line': b'      |                                                              \x1b[01;36m\x1b[K^\x1b[m\x1b[K\n'}
[12.128971] (-) TimerEvent: {}
[12.229237] (-) TimerEvent: {}
[12.329521] (-) TimerEvent: {}
[12.429846] (-) TimerEvent: {}
[12.530150] (-) TimerEvent: {}
[12.630467] (-) TimerEvent: {}
[12.730788] (-) TimerEvent: {}
[12.831088] (-) TimerEvent: {}
[12.931357] (-) TimerEvent: {}
[13.031627] (-) TimerEvent: {}
[13.131908] (-) TimerEvent: {}
[13.232225] (-) TimerEvent: {}
[13.332500] (-) TimerEvent: {}
[13.432785] (-) TimerEvent: {}
[13.533093] (-) TimerEvent: {}
[13.633396] (-) TimerEvent: {}
[13.655759] (motion_capture_tracking) StdoutLine: {'line': b'[ 79%] \x1b[32m\x1b[1mLinking CXX static library libqualisys_cpp_sdk.a\x1b[0m\n'}
[13.723887] (motion_capture_tracking) StdoutLine: {'line': b'[ 79%] Built target qualisys_cpp_sdk\n'}
[13.733523] (-) TimerEvent: {}
[13.833866] (-) TimerEvent: {}
[13.934204] (-) TimerEvent: {}
[14.034495] (-) TimerEvent: {}
[14.134730] (-) TimerEvent: {}
[14.235057] (-) TimerEvent: {}
[14.335362] (-) TimerEvent: {}
[14.435583] (-) TimerEvent: {}
[14.535852] (-) TimerEvent: {}
[14.596101] (motion_capture_tracking) StderrLine: {'line': b'In file included from \x1b[01m\x1b[K/home/bajdus/Desktop/complete-velocity-messages/ros_ws/src/motion_capture_tracking/motion_capture_tracking/deps/librigidbodytracker/src/rigid_body_tracker.cpp:14\x1b[m\x1b[K:\n'}
[14.596309] (motion_capture_tracking) StderrLine: {'line': b'\x1b[01m\x1b[K/home/bajdus/Desktop/complete-velocity-messages/ros_ws/src/motion_capture_tracking/motion_capture_tracking/deps/librigidbodytracker/src/cbs_group_constraint.hpp:\x1b[m\x1b[K In function \xe2\x80\x98\x1b[01m\x1b[Kvoid\x1b[01;32m\x1b[K createConstraintsFromConflict\x1b[m\x1b[K(const std::map<std::__cxx11::basic_string<char>, std::set<std::__cxx11::basic_string<char> > >&, const std::string&, std::set<std::set<Constraint> >&)\x1b[m\x1b[K\xe2\x80\x99:\n'}
[14.596399] (motion_capture_tracking) StderrLine: {'line': b'\x1b[01m\x1b[K/home/bajdus/Desktop/complete-velocity-messages/ros_ws/src/motion_capture_tracking/motion_capture_tracking/deps/librigidbodytracker/src/cbs_group_constraint.hpp:148:7:\x1b[m\x1b[K \x1b[01;35m\x1b[Kwarning: \x1b[m\x1b[Kunused variable \xe2\x80\x98\x1b[01m\x1b[Kcount\x1b[m\x1b[K\xe2\x80\x99 [\x1b[01;35m\x1b[K\x1b]8;;https://gcc.gnu.org/onlinedocs/gcc/Warning-Options.html#index-Wunused-variable\x07-Wunused-variable\x1b]8;;\x07\x1b[m\x1b[K]\n'}
[14.596458] (motion_capture_tracking) StderrLine: {'line': b'  148 |   int \x1b[01;35m\x1b[Kcount\x1b[m\x1b[K = 0;\n'}
[14.596525] (motion_capture_tracking) StderrLine: {'line': b'      |       \x1b[01;35m\x1b[K^~~~~\x1b[m\x1b[K\n'}
[14.635948] (-) TimerEvent: {}
[14.672205] (motion_capture_tracking) StderrLine: {'line': b'In file included from \x1b[01m\x1b[K/home/bajdus/Desktop/complete-velocity-messages/ros_ws/src/motion_capture_tracking/motion_capture_tracking/deps/librigidbodytracker/src/rigid_body_tracker.cpp:1\x1b[m\x1b[K:\n'}
[14.672390] (motion_capture_tracking) StderrLine: {'line': b'\x1b[01m\x1b[K/home/bajdus/Desktop/complete-velocity-messages/ros_ws/src/motion_capture_tracking/motion_capture_tracking/deps/librigidbodytracker/include/librigidbodytracker/rigid_body_tracker.h:\x1b[m\x1b[K In constructor \xe2\x80\x98\x1b[01m\x1b[Klibrigidbodytracker::RigidBodyTracker::\x1b[01;32m\x1b[KRigidBodyTracker\x1b[m\x1b[K(const std::vector<librigidbodytracker::DynamicsConfiguration>&, const std::vector<std::shared_ptr<pcl::PointCloud<pcl::PointXYZ> > >&, const std::vector<librigidbodytracker::RigidBody>&)\x1b[m\x1b[K\xe2\x80\x99:\n'}
[14.672487] (motion_capture_tracking) StderrLine: {'line': b'\x1b[01m\x1b[K/home/bajdus/Desktop/complete-velocity-messages/ros_ws/src/motion_capture_tracking/motion_capture_tracking/deps/librigidbodytracker/include/librigidbodytracker/rigid_body_tracker.h:126:18:\x1b[m\x1b[K \x1b[01;35m\x1b[Kwarning: \x1b[m\x1b[K\xe2\x80\x98\x1b[01m\x1b[Klibrigidbodytracker::RigidBodyTracker::m_trackingMode\x1b[m\x1b[K\xe2\x80\x99 will be initialized after [\x1b[01;35m\x1b[K\x1b]8;;https://gcc.gnu.org/onlinedocs/gcc/Warning-Options.html#index-Wreorder\x07-Wreorder\x1b]8;;\x07\x1b[m\x1b[K]\n'}
[14.672564] (motion_capture_tracking) StderrLine: {'line': b'  126 |     TrackingMode \x1b[01;35m\x1b[Km_trackingMode\x1b[m\x1b[K;\n'}
[14.672628] (motion_capture_tracking) StderrLine: {'line': b'      |                  \x1b[01;35m\x1b[K^~~~~~~~~~~~~~\x1b[m\x1b[K\n'}
[14.672685] (motion_capture_tracking) StderrLine: {'line': b'\x1b[01m\x1b[K/home/bajdus/Desktop/complete-velocity-messages/ros_ws/src/motion_capture_tracking/motion_capture_tracking/deps/librigidbodytracker/include/librigidbodytracker/rigid_body_tracker.h:123:10:\x1b[m\x1b[K \x1b[01;35m\x1b[Kwarning: \x1b[m\x1b[K  \xe2\x80\x98\x1b[01m\x1b[Kbool librigidbodytracker::RigidBodyTracker::m_initialized\x1b[m\x1b[K\xe2\x80\x99 [\x1b[01;35m\x1b[K\x1b]8;;https://gcc.gnu.org/onlinedocs/gcc/Warning-Options.html#index-Wreorder\x07-Wreorder\x1b]8;;\x07\x1b[m\x1b[K]\n'}
[14.672745] (motion_capture_tracking) StderrLine: {'line': b'  123 |     bool \x1b[01;35m\x1b[Km_initialized\x1b[m\x1b[K;\n'}
[14.672802] (motion_capture_tracking) StderrLine: {'line': b'      |          \x1b[01;35m\x1b[K^~~~~~~~~~~~~\x1b[m\x1b[K\n'}
[14.672859] (motion_capture_tracking) StderrLine: {'line': b'\x1b[01m\x1b[K/home/bajdus/Desktop/complete-velocity-messages/ros_ws/src/motion_capture_tracking/motion_capture_tracking/deps/librigidbodytracker/src/rigid_body_tracker.cpp:77:1:\x1b[m\x1b[K \x1b[01;35m\x1b[Kwarning: \x1b[m\x1b[K  when initialized here [\x1b[01;35m\x1b[K\x1b]8;;https://gcc.gnu.org/onlinedocs/gcc/Warning-Options.html#index-Wreorder\x07-Wreorder\x1b]8;;\x07\x1b[m\x1b[K]\n'}
[14.672921] (motion_capture_tracking) StderrLine: {'line': b'   77 | \x1b[01;35m\x1b[KRigidBodyTracker\x1b[m\x1b[K::RigidBodyTracker(\n'}
[14.672978] (motion_capture_tracking) StderrLine: {'line': b'      | \x1b[01;35m\x1b[K^~~~~~~~~~~~~~~~\x1b[m\x1b[K\n'}
[14.675852] (motion_capture_tracking) StderrLine: {'line': b'\x1b[01m\x1b[K/home/bajdus/Desktop/complete-velocity-messages/ros_ws/src/motion_capture_tracking/motion_capture_tracking/deps/librigidbodytracker/src/rigid_body_tracker.cpp:\x1b[m\x1b[K In member function \xe2\x80\x98\x1b[01m\x1b[Kbool librigidbodytracker::RigidBodyTracker::\x1b[01;32m\x1b[KinitializePose\x1b[m\x1b[K(pcl::PointCloud<pcl::PointXYZ>::ConstPtr)\x1b[m\x1b[K\xe2\x80\x99:\n'}
[14.676008] (motion_capture_tracking) StderrLine: {'line': b'\x1b[01m\x1b[K/home/bajdus/Desktop/complete-velocity-messages/ros_ws/src/motion_capture_tracking/motion_capture_tracking/deps/librigidbodytracker/src/rigid_body_tracker.cpp:167:21:\x1b[m\x1b[K \x1b[01;35m\x1b[Kwarning: \x1b[m\x1b[Kcomparison of integer expressions of different signedness: \xe2\x80\x98\x1b[01m\x1b[Kint\x1b[m\x1b[K\xe2\x80\x99 and \xe2\x80\x98\x1b[01m\x1b[Kconst size_t\x1b[m\x1b[K\xe2\x80\x99 {aka \xe2\x80\x98\x1b[01m\x1b[Kconst long unsigned int\x1b[m\x1b[K\xe2\x80\x99} [\x1b[01;35m\x1b[K\x1b]8;;https://gcc.gnu.org/onlinedocs/gcc/Warning-Options.html#index-Wsign-compare\x07-Wsign-compare\x1b]8;;\x07\x1b[m\x1b[K]\n'}
[14.676105] (motion_capture_tracking) StderrLine: {'line': b'  167 |   for (int i = 0; \x1b[01;35m\x1b[Ki < numRigidBodies\x1b[m\x1b[K; ++i) {\n'}
[14.676168] (motion_capture_tracking) StderrLine: {'line': b'      |                   \x1b[01;35m\x1b[K~~^~~~~~~~~~~~~~~~\x1b[m\x1b[K\n'}
[14.676225] (motion_capture_tracking) StderrLine: {'line': b'\x1b[01m\x1b[K/home/bajdus/Desktop/complete-velocity-messages/ros_ws/src/motion_capture_tracking/motion_capture_tracking/deps/librigidbodytracker/src/rigid_body_tracker.cpp:169:27:\x1b[m\x1b[K \x1b[01;35m\x1b[Kwarning: \x1b[m\x1b[Kcomparison of integer expressions of different signedness: \xe2\x80\x98\x1b[01m\x1b[Kint\x1b[m\x1b[K\xe2\x80\x99 and \xe2\x80\x98\x1b[01m\x1b[Kconst size_t\x1b[m\x1b[K\xe2\x80\x99 {aka \xe2\x80\x98\x1b[01m\x1b[Kconst long unsigned int\x1b[m\x1b[K\xe2\x80\x99} [\x1b[01;35m\x1b[K\x1b]8;;https://gcc.gnu.org/onlinedocs/gcc/Warning-Options.html#index-Wsign-compare\x07-Wsign-compare\x1b]8;;\x07\x1b[m\x1b[K]\n'}
[14.676286] (motion_capture_tracking) StderrLine: {'line': b'  169 |     for (int j = i + 1; \x1b[01;35m\x1b[Kj < numRigidBodies\x1b[m\x1b[K; ++j) {\n'}
[14.676343] (motion_capture_tracking) StderrLine: {'line': b'      |                         \x1b[01;35m\x1b[K~~^~~~~~~~~~~~~~~~\x1b[m\x1b[K\n'}
[14.680823] (motion_capture_tracking) StderrLine: {'line': b'\x1b[01m\x1b[K/home/bajdus/Desktop/complete-velocity-messages/ros_ws/src/motion_capture_tracking/motion_capture_tracking/deps/librigidbodytracker/src/rigid_body_tracker.cpp:180:25:\x1b[m\x1b[K \x1b[01;35m\x1b[Kwarning: \x1b[m\x1b[Kcomparison of integer expressions of different signedness: \xe2\x80\x98\x1b[01m\x1b[Kint\x1b[m\x1b[K\xe2\x80\x99 and \xe2\x80\x98\x1b[01m\x1b[Kconst size_t\x1b[m\x1b[K\xe2\x80\x99 {aka \xe2\x80\x98\x1b[01m\x1b[Kconst long unsigned int\x1b[m\x1b[K\xe2\x80\x99} [\x1b[01;35m\x1b[K\x1b]8;;https://gcc.gnu.org/onlinedocs/gcc/Warning-Options.html#index-Wsign-compare\x07-Wsign-compare\x1b]8;;\x07\x1b[m\x1b[K]\n'}
[14.681026] (motion_capture_tracking) StderrLine: {'line': b'  180 |   for (int iRb = 0; \x1b[01;35m\x1b[KiRb < numRigidBodies\x1b[m\x1b[K; ++iRb) {\n'}
[14.681123] (motion_capture_tracking) StderrLine: {'line': b'      |                     \x1b[01;35m\x1b[K~~~~^~~~~~~~~~~~~~~~\x1b[m\x1b[K\n'}
[14.681189] (motion_capture_tracking) StderrLine: {'line': b'\x1b[01m\x1b[K/home/bajdus/Desktop/complete-velocity-messages/ros_ws/src/motion_capture_tracking/motion_capture_tracking/deps/librigidbodytracker/src/rigid_body_tracker.cpp:195:16:\x1b[m\x1b[K \x1b[01;35m\x1b[Kwarning: \x1b[m\x1b[Kcomparison of integer expressions of different signedness: \xe2\x80\x98\x1b[01m\x1b[Kint\x1b[m\x1b[K\xe2\x80\x99 and \xe2\x80\x98\x1b[01m\x1b[Kconst size_t\x1b[m\x1b[K\xe2\x80\x99 {aka \xe2\x80\x98\x1b[01m\x1b[Kconst long unsigned int\x1b[m\x1b[K\xe2\x80\x99} [\x1b[01;35m\x1b[K\x1b]8;;https://gcc.gnu.org/onlinedocs/gcc/Warning-Options.html#index-Wsign-compare\x07-Wsign-compare\x1b]8;;\x07\x1b[m\x1b[K]\n'}
[14.681251] (motion_capture_tracking) StderrLine: {'line': b'  195 |     if (\x1b[01;35m\x1b[KnFound < rbNpts\x1b[m\x1b[K) {\n'}
[14.681308] (motion_capture_tracking) StderrLine: {'line': b'      |         \x1b[01;35m\x1b[K~~~~~~~^~~~~~~~\x1b[m\x1b[K\n'}
[14.681441] (motion_capture_tracking) StderrLine: {'line': b'\x1b[01m\x1b[K/home/bajdus/Desktop/complete-velocity-messages/ros_ws/src/motion_capture_tracking/motion_capture_tracking/deps/librigidbodytracker/src/rigid_body_tracker.cpp:208:23:\x1b[m\x1b[K \x1b[01;35m\x1b[Kwarning: \x1b[m\x1b[Kcomparison of integer expressions of different signedness: \xe2\x80\x98\x1b[01m\x1b[Kint\x1b[m\x1b[K\xe2\x80\x99 and \xe2\x80\x98\x1b[01m\x1b[Kconst size_t\x1b[m\x1b[K\xe2\x80\x99 {aka \xe2\x80\x98\x1b[01m\x1b[Kconst long unsigned int\x1b[m\x1b[K\xe2\x80\x99} [\x1b[01;35m\x1b[K\x1b]8;;https://gcc.gnu.org/onlinedocs/gcc/Warning-Options.html#index-Wsign-compare\x07-Wsign-compare\x1b]8;;\x07\x1b[m\x1b[K]\n'}
[14.681516] (motion_capture_tracking) StderrLine: {'line': b'  208 |     for (int i = 0; \x1b[01;35m\x1b[Ki < rbNpts\x1b[m\x1b[K; ++i) {\n'}
[14.681574] (motion_capture_tracking) StderrLine: {'line': b'      |                     \x1b[01;35m\x1b[K~~^~~~~~~~\x1b[m\x1b[K\n'}
[14.736093] (-) TimerEvent: {}
[14.797817] (motion_capture_tracking) StderrLine: {'line': b'\x1b[01m\x1b[K/home/bajdus/Desktop/complete-velocity-messages/ros_ws/src/motion_capture_tracking/motion_capture_tracking/deps/librigidbodytracker/src/rigid_body_tracker.cpp:\x1b[m\x1b[K In member function \xe2\x80\x98\x1b[01m\x1b[Kbool librigidbodytracker::RigidBodyTracker::\x1b[01;32m\x1b[KinitializePosition\x1b[m\x1b[K(std::chrono::_V2::system_clock::time_point, pcl::PointCloud<pcl::PointXYZ>::ConstPtr)\x1b[m\x1b[K\xe2\x80\x99:\n'}
[14.798091] (motion_capture_tracking) StderrLine: {'line': b'\x1b[01m\x1b[K/home/bajdus/Desktop/complete-velocity-messages/ros_ws/src/motion_capture_tracking/motion_capture_tracking/deps/librigidbodytracker/src/rigid_body_tracker.cpp:426:8:\x1b[m\x1b[K \x1b[01;35m\x1b[Kwarning: \x1b[m\x1b[Kunused variable \xe2\x80\x98\x1b[01m\x1b[KtotalCost\x1b[m\x1b[K\xe2\x80\x99 [\x1b[01;35m\x1b[K\x1b]8;;https://gcc.gnu.org/onlinedocs/gcc/Warning-Options.html#index-Wunused-variable\x07-Wunused-variable\x1b]8;;\x07\x1b[m\x1b[K]\n'}
[14.798196] (motion_capture_tracking) StderrLine: {'line': b'  426 |   long \x1b[01;35m\x1b[KtotalCost\x1b[m\x1b[K = assignment.solve(solution);\n'}
[14.798280] (motion_capture_tracking) StderrLine: {'line': b'      |        \x1b[01;35m\x1b[K^~~~~~~~~\x1b[m\x1b[K\n'}
[14.799207] (motion_capture_tracking) StderrLine: {'line': b'\x1b[01m\x1b[K/home/bajdus/Desktop/complete-velocity-messages/ros_ws/src/motion_capture_tracking/motion_capture_tracking/deps/librigidbodytracker/src/rigid_body_tracker.cpp:\x1b[m\x1b[K In member function \xe2\x80\x98\x1b[01m\x1b[Kvoid librigidbodytracker::RigidBodyTracker::\x1b[01;32m\x1b[KupdatePosition\x1b[m\x1b[K(std::chrono::_V2::system_clock::time_point, pcl::PointCloud<pcl::PointXYZ>::ConstPtr)\x1b[m\x1b[K\xe2\x80\x99:\n'}
[14.799304] (motion_capture_tracking) StderrLine: {'line': b'\x1b[01m\x1b[K/home/bajdus/Desktop/complete-velocity-messages/ros_ws/src/motion_capture_tracking/motion_capture_tracking/deps/librigidbodytracker/src/rigid_body_tracker.cpp:481:25:\x1b[m\x1b[K \x1b[01;35m\x1b[Kwarning: \x1b[m\x1b[Kcomparison of integer expressions of different signedness: \xe2\x80\x98\x1b[01m\x1b[Kint\x1b[m\x1b[K\xe2\x80\x99 and \xe2\x80\x98\x1b[01m\x1b[Kconst size_t\x1b[m\x1b[K\xe2\x80\x99 {aka \xe2\x80\x98\x1b[01m\x1b[Kconst long unsigned int\x1b[m\x1b[K\xe2\x80\x99} [\x1b[01;35m\x1b[K\x1b]8;;https://gcc.gnu.org/onlinedocs/gcc/Warning-Options.html#index-Wsign-compare\x07-Wsign-compare\x1b]8;;\x07\x1b[m\x1b[K]\n'}
[14.799388] (motion_capture_tracking) StderrLine: {'line': b'  481 |   for (int iRb = 0; \x1b[01;35m\x1b[KiRb < numRigidBodies\x1b[m\x1b[K; ++iRb) {\n'}
[14.799475] (motion_capture_tracking) StderrLine: {'line': b'      |                     \x1b[01;35m\x1b[K~~~~^~~~~~~~~~~~~~~~\x1b[m\x1b[K\n'}
[14.813262] (motion_capture_tracking) StderrLine: {'line': b'\x1b[01m\x1b[K/home/bajdus/Desktop/complete-velocity-messages/ros_ws/src/motion_capture_tracking/motion_capture_tracking/deps/librigidbodytracker/src/rigid_body_tracker.cpp:537:8:\x1b[m\x1b[K \x1b[01;35m\x1b[Kwarning: \x1b[m\x1b[Kunused variable \xe2\x80\x98\x1b[01m\x1b[KtotalCost\x1b[m\x1b[K\xe2\x80\x99 [\x1b[01;35m\x1b[K\x1b]8;;https://gcc.gnu.org/onlinedocs/gcc/Warning-Options.html#index-Wunused-variable\x07-Wunused-variable\x1b]8;;\x07\x1b[m\x1b[K]\n'}
[14.813491] (motion_capture_tracking) StderrLine: {'line': b'  537 |   long \x1b[01;35m\x1b[KtotalCost\x1b[m\x1b[K = assignment.solve(solution);\n'}
[14.813577] (motion_capture_tracking) StderrLine: {'line': b'      |        \x1b[01;35m\x1b[K^~~~~~~~~\x1b[m\x1b[K\n'}
[14.813968] (motion_capture_tracking) StderrLine: {'line': b'\x1b[01m\x1b[K/home/bajdus/Desktop/complete-velocity-messages/ros_ws/src/motion_capture_tracking/motion_capture_tracking/deps/librigidbodytracker/src/rigid_body_tracker.cpp:\x1b[m\x1b[K In member function \xe2\x80\x98\x1b[01m\x1b[Kbool librigidbodytracker::RigidBodyTracker::\x1b[01;32m\x1b[KinitializeHybrid\x1b[m\x1b[K(std::chrono::_V2::system_clock::time_point, pcl::PointCloud<pcl::PointXYZ>::ConstPtr)\x1b[m\x1b[K\xe2\x80\x99:\n'}
[14.814077] (motion_capture_tracking) StderrLine: {'line': b'\x1b[01m\x1b[K/home/bajdus/Desktop/complete-velocity-messages/ros_ws/src/motion_capture_tracking/motion_capture_tracking/deps/librigidbodytracker/src/rigid_body_tracker.cpp:582:21:\x1b[m\x1b[K \x1b[01;35m\x1b[Kwarning: \x1b[m\x1b[Kcomparison of integer expressions of different signedness: \xe2\x80\x98\x1b[01m\x1b[Kint\x1b[m\x1b[K\xe2\x80\x99 and \xe2\x80\x98\x1b[01m\x1b[Kconst size_t\x1b[m\x1b[K\xe2\x80\x99 {aka \xe2\x80\x98\x1b[01m\x1b[Kconst long unsigned int\x1b[m\x1b[K\xe2\x80\x99} [\x1b[01;35m\x1b[K\x1b]8;;https://gcc.gnu.org/onlinedocs/gcc/Warning-Options.html#index-Wsign-compare\x07-Wsign-compare\x1b]8;;\x07\x1b[m\x1b[K]\n'}
[14.814168] (motion_capture_tracking) StderrLine: {'line': b'  582 |   for (int i = 0; \x1b[01;35m\x1b[Ki < numRigidBodies\x1b[m\x1b[K; ++i) {\n'}
[14.814292] (motion_capture_tracking) StderrLine: {'line': b'      |                   \x1b[01;35m\x1b[K~~^~~~~~~~~~~~~~~~\x1b[m\x1b[K\n'}
[14.814368] (motion_capture_tracking) StderrLine: {'line': b'\x1b[01m\x1b[K/home/bajdus/Desktop/complete-velocity-messages/ros_ws/src/motion_capture_tracking/motion_capture_tracking/deps/librigidbodytracker/src/rigid_body_tracker.cpp:584:27:\x1b[m\x1b[K \x1b[01;35m\x1b[Kwarning: \x1b[m\x1b[Kcomparison of integer expressions of different signedness: \xe2\x80\x98\x1b[01m\x1b[Kint\x1b[m\x1b[K\xe2\x80\x99 and \xe2\x80\x98\x1b[01m\x1b[Kconst size_t\x1b[m\x1b[K\xe2\x80\x99 {aka \xe2\x80\x98\x1b[01m\x1b[Kconst long unsigned int\x1b[m\x1b[K\xe2\x80\x99} [\x1b[01;35m\x1b[K\x1b]8;;https://gcc.gnu.org/onlinedocs/gcc/Warning-Options.html#index-Wsign-compare\x07-Wsign-compare\x1b]8;;\x07\x1b[m\x1b[K]\n'}
[14.814447] (motion_capture_tracking) StderrLine: {'line': b'  584 |     for (int j = i + 1; \x1b[01;35m\x1b[Kj < numRigidBodies\x1b[m\x1b[K; ++j) {\n'}
[14.814523] (motion_capture_tracking) StderrLine: {'line': b'      |                         \x1b[01;35m\x1b[K~~^~~~~~~~~~~~~~~~\x1b[m\x1b[K\n'}
[14.814598] (motion_capture_tracking) StderrLine: {'line': b'\x1b[01m\x1b[K/home/bajdus/Desktop/complete-velocity-messages/ros_ws/src/motion_capture_tracking/motion_capture_tracking/deps/librigidbodytracker/src/rigid_body_tracker.cpp:595:25:\x1b[m\x1b[K \x1b[01;35m\x1b[Kwarning: \x1b[m\x1b[Kcomparison of integer expressions of different signedness: \xe2\x80\x98\x1b[01m\x1b[Kint\x1b[m\x1b[K\xe2\x80\x99 and \xe2\x80\x98\x1b[01m\x1b[Kconst size_t\x1b[m\x1b[K\xe2\x80\x99 {aka \xe2\x80\x98\x1b[01m\x1b[Kconst long unsigned int\x1b[m\x1b[K\xe2\x80\x99} [\x1b[01;35m\x1b[K\x1b]8;;https://gcc.gnu.org/onlinedocs/gcc/Warning-Options.html#index-Wsign-compare\x07-Wsign-compare\x1b]8;;\x07\x1b[m\x1b[K]\n'}
[14.814683] (motion_capture_tracking) StderrLine: {'line': b'  595 |   for (int iRb = 0; \x1b[01;35m\x1b[KiRb < numRigidBodies\x1b[m\x1b[K; ++iRb) {\n'}
[14.814758] (motion_capture_tracking) StderrLine: {'line': b'      |                     \x1b[01;35m\x1b[K~~~~^~~~~~~~~~~~~~~~\x1b[m\x1b[K\n'}
[14.814832] (motion_capture_tracking) StderrLine: {'line': b'\x1b[01m\x1b[K/home/bajdus/Desktop/complete-velocity-messages/ros_ws/src/motion_capture_tracking/motion_capture_tracking/deps/librigidbodytracker/src/rigid_body_tracker.cpp:610:16:\x1b[m\x1b[K \x1b[01;35m\x1b[Kwarning: \x1b[m\x1b[Kcomparison of integer expressions of different signedness: \xe2\x80\x98\x1b[01m\x1b[Kint\x1b[m\x1b[K\xe2\x80\x99 and \xe2\x80\x98\x1b[01m\x1b[Kconst size_t\x1b[m\x1b[K\xe2\x80\x99 {aka \xe2\x80\x98\x1b[01m\x1b[Kconst long unsigned int\x1b[m\x1b[K\xe2\x80\x99} [\x1b[01;35m\x1b[K\x1b]8;;https://gcc.gnu.org/onlinedocs/gcc/Warning-Options.html#index-Wsign-compare\x07-Wsign-compare\x1b]8;;\x07\x1b[m\x1b[K]\n'}
[14.814937] (motion_capture_tracking) StderrLine: {'line': b'  610 |     if (\x1b[01;35m\x1b[KnFound < rbNpts\x1b[m\x1b[K) {\n'}
[14.815012] (motion_capture_tracking) StderrLine: {'line': b'      |         \x1b[01;35m\x1b[K~~~~~~~^~~~~~~~\x1b[m\x1b[K\n'}
[14.815096] (motion_capture_tracking) StderrLine: {'line': b'\x1b[01m\x1b[K/home/bajdus/Desktop/complete-velocity-messages/ros_ws/src/motion_capture_tracking/motion_capture_tracking/deps/librigidbodytracker/src/rigid_body_tracker.cpp:623:13:\x1b[m\x1b[K \x1b[01;35m\x1b[Kwarning: \x1b[m\x1b[Kunused variable \xe2\x80\x98\x1b[01m\x1b[Kdist\x1b[m\x1b[K\xe2\x80\x99 [\x1b[01;35m\x1b[K\x1b]8;;https://gcc.gnu.org/onlinedocs/gcc/Warning-Options.html#index-Wunused-variable\x07-Wunused-variable\x1b]8;;\x07\x1b[m\x1b[K]\n'}
[14.815176] (motion_capture_tracking) StderrLine: {'line': b'  623 |       float \x1b[01;35m\x1b[Kdist\x1b[m\x1b[K = (pi - marker).norm();\n'}
[14.815272] (motion_capture_tracking) StderrLine: {'line': b'      |             \x1b[01;35m\x1b[K^~~~\x1b[m\x1b[K\n'}
[14.815346] (motion_capture_tracking) StderrLine: {'line': b'\x1b[01m\x1b[K/home/bajdus/Desktop/complete-velocity-messages/ros_ws/src/motion_capture_tracking/motion_capture_tracking/deps/librigidbodytracker/src/rigid_body_tracker.cpp:644:23:\x1b[m\x1b[K \x1b[01;35m\x1b[Kwarning: \x1b[m\x1b[Kcomparison of integer expressions of different signedness: \xe2\x80\x98\x1b[01m\x1b[Kint\x1b[m\x1b[K\xe2\x80\x99 and \xe2\x80\x98\x1b[01m\x1b[Kconst size_t\x1b[m\x1b[K\xe2\x80\x99 {aka \xe2\x80\x98\x1b[01m\x1b[Kconst long unsigned int\x1b[m\x1b[K\xe2\x80\x99} [\x1b[01;35m\x1b[K\x1b]8;;https://gcc.gnu.org/onlinedocs/gcc/Warning-Options.html#index-Wsign-compare\x07-Wsign-compare\x1b]8;;\x07\x1b[m\x1b[K]\n'}
[14.815424] (motion_capture_tracking) StderrLine: {'line': b'  644 |     for (int i = 0; \x1b[01;35m\x1b[Ki < rbNpts\x1b[m\x1b[K; ++i) {\n'}
[14.815497] (motion_capture_tracking) StderrLine: {'line': b'      |                     \x1b[01;35m\x1b[K~~^~~~~~~~\x1b[m\x1b[K\n'}
[14.822192] (motion_capture_tracking) StderrLine: {'line': b'\x1b[01m\x1b[K/home/bajdus/Desktop/complete-velocity-messages/ros_ws/src/motion_capture_tracking/motion_capture_tracking/deps/librigidbodytracker/src/rigid_body_tracker.cpp:\x1b[m\x1b[K In member function \xe2\x80\x98\x1b[01m\x1b[Kvoid librigidbodytracker::RigidBodyTracker::\x1b[01;32m\x1b[KupdateHybrid\x1b[m\x1b[K(std::chrono::_V2::system_clock::time_point, pcl::PointCloud<pcl::PointXYZ>::ConstPtr)\x1b[m\x1b[K\xe2\x80\x99:\n'}
[14.822407] (motion_capture_tracking) StderrLine: {'line': b'\x1b[01m\x1b[K/home/bajdus/Desktop/complete-velocity-messages/ros_ws/src/motion_capture_tracking/motion_capture_tracking/deps/librigidbodytracker/src/rigid_body_tracker.cpp:756:25:\x1b[m\x1b[K \x1b[01;35m\x1b[Kwarning: \x1b[m\x1b[Kcomparison of integer expressions of different signedness: \xe2\x80\x98\x1b[01m\x1b[Kint\x1b[m\x1b[K\xe2\x80\x99 and \xe2\x80\x98\x1b[01m\x1b[Kconst size_t\x1b[m\x1b[K\xe2\x80\x99 {aka \xe2\x80\x98\x1b[01m\x1b[Kconst long unsigned int\x1b[m\x1b[K\xe2\x80\x99} [\x1b[01;35m\x1b[K\x1b]8;;https://gcc.gnu.org/onlinedocs/gcc/Warning-Options.html#index-Wsign-compare\x07-Wsign-compare\x1b]8;;\x07\x1b[m\x1b[K]\n'}
[14.822494] (motion_capture_tracking) StderrLine: {'line': b'  756 |   for (int iRb = 0; \x1b[01;35m\x1b[KiRb < numRigidBodies\x1b[m\x1b[K; ++iRb) {\n'}
[14.822567] (motion_capture_tracking) StderrLine: {'line': b'      |                     \x1b[01;35m\x1b[K~~~~^~~~~~~~~~~~~~~~\x1b[m\x1b[K\n'}
[14.823672] (motion_capture_tracking) StderrLine: {'line': b'\x1b[01m\x1b[K/home/bajdus/Desktop/complete-velocity-messages/ros_ws/src/motion_capture_tracking/motion_capture_tracking/deps/librigidbodytracker/src/rigid_body_tracker.cpp:830:26:\x1b[m\x1b[K \x1b[01;35m\x1b[Kwarning: \x1b[m\x1b[Kcomparison of integer expressions of different signedness: \xe2\x80\x98\x1b[01m\x1b[Ksize_t\x1b[m\x1b[K\xe2\x80\x99 {aka \xe2\x80\x98\x1b[01m\x1b[Klong unsigned int\x1b[m\x1b[K\xe2\x80\x99} and \xe2\x80\x98\x1b[01m\x1b[Kint\x1b[m\x1b[K\xe2\x80\x99 [\x1b[01;35m\x1b[K\x1b]8;;https://gcc.gnu.org/onlinedocs/gcc/Warning-Options.html#index-Wsign-compare\x07-Wsign-compare\x1b]8;;\x07\x1b[m\x1b[K]\n'}
[14.823873] (motion_capture_tracking) StderrLine: {'line': b'  830 |     for (size_t i = 0; \x1b[01;35m\x1b[Ki < k\x1b[m\x1b[K; ++i)  {\n'}
[14.823969] (motion_capture_tracking) StderrLine: {'line': b'      |                        \x1b[01;35m\x1b[K~~^~~\x1b[m\x1b[K\n'}
[14.836227] (-) TimerEvent: {}
[14.840519] (motion_capture_tracking) StderrLine: {'line': b'\x1b[01m\x1b[K/home/bajdus/Desktop/complete-velocity-messages/ros_ws/src/motion_capture_tracking/motion_capture_tracking/deps/librigidbodytracker/src/rigid_body_tracker.cpp:1038:27:\x1b[m\x1b[K \x1b[01;35m\x1b[Kwarning: \x1b[m\x1b[Kcomparison of integer expressions of different signedness: \xe2\x80\x98\x1b[01m\x1b[Kint\x1b[m\x1b[K\xe2\x80\x99 and \xe2\x80\x98\x1b[01m\x1b[Kconst size_t\x1b[m\x1b[K\xe2\x80\x99 {aka \xe2\x80\x98\x1b[01m\x1b[Kconst long unsigned int\x1b[m\x1b[K\xe2\x80\x99} [\x1b[01;35m\x1b[K\x1b]8;;https://gcc.gnu.org/onlinedocs/gcc/Warning-Options.html#index-Wsign-compare\x07-Wsign-compare\x1b]8;;\x07\x1b[m\x1b[K]\n'}
[14.840813] (motion_capture_tracking) StderrLine: {'line': b' 1038 |     for (int iRb = 0; \x1b[01;35m\x1b[KiRb < numRigidBodies\x1b[m\x1b[K; ++iRb) {\n'}
[14.840905] (motion_capture_tracking) StderrLine: {'line': b'      |                       \x1b[01;35m\x1b[K~~~~^~~~~~~~~~~~~~~~\x1b[m\x1b[K\n'}
[14.841318] (motion_capture_tracking) StderrLine: {'line': b'\x1b[01m\x1b[K/home/bajdus/Desktop/complete-velocity-messages/ros_ws/src/motion_capture_tracking/motion_capture_tracking/deps/librigidbodytracker/src/rigid_body_tracker.cpp:943:8:\x1b[m\x1b[K \x1b[01;35m\x1b[Kwarning: \x1b[m\x1b[Kvariable \xe2\x80\x98\x1b[01m\x1b[KoutputToFile\x1b[m\x1b[K\xe2\x80\x99 set but not used [\x1b[01;35m\x1b[K\x1b]8;;https://gcc.gnu.org/onlinedocs/gcc/Warning-Options.html#index-Wunused-but-set-variable\x07-Wunused-but-set-variable\x1b]8;;\x07\x1b[m\x1b[K]\n'}
[14.841409] (motion_capture_tracking) StderrLine: {'line': b'  943 |   bool \x1b[01;35m\x1b[KoutputToFile\x1b[m\x1b[K = false;\n'}
[14.841490] (motion_capture_tracking) StderrLine: {'line': b'      |        \x1b[01;35m\x1b[K^~~~~~~~~~~~\x1b[m\x1b[K\n'}
[14.841565] (motion_capture_tracking) StderrLine: {'line': b'\x1b[01m\x1b[K/home/bajdus/Desktop/complete-velocity-messages/ros_ws/src/motion_capture_tracking/motion_capture_tracking/deps/librigidbodytracker/src/rigid_body_tracker.cpp:948:7:\x1b[m\x1b[K \x1b[01;35m\x1b[Kwarning: \x1b[m\x1b[Kunused variable \xe2\x80\x98\x1b[01m\x1b[Km_lowLevelExpanded\x1b[m\x1b[K\xe2\x80\x99 [\x1b[01;35m\x1b[K\x1b]8;;https://gcc.gnu.org/onlinedocs/gcc/Warning-Options.html#index-Wunused-variable\x07-Wunused-variable\x1b]8;;\x07\x1b[m\x1b[K]\n'}
[14.841641] (motion_capture_tracking) StderrLine: {'line': b'  948 |   int \x1b[01;35m\x1b[Km_lowLevelExpanded\x1b[m\x1b[K = 0;\n'}
[14.841715] (motion_capture_tracking) StderrLine: {'line': b'      |       \x1b[01;35m\x1b[K^~~~~~~~~~~~~~~~~~\x1b[m\x1b[K\n'}
[14.841787] (motion_capture_tracking) StderrLine: {'line': b'\x1b[01m\x1b[K/home/bajdus/Desktop/complete-velocity-messages/ros_ws/src/motion_capture_tracking/motion_capture_tracking/deps/librigidbodytracker/src/rigid_body_tracker.cpp:949:7:\x1b[m\x1b[K \x1b[01;35m\x1b[Kwarning: \x1b[m\x1b[Kunused variable \xe2\x80\x98\x1b[01m\x1b[Kduplicate\x1b[m\x1b[K\xe2\x80\x99 [\x1b[01;35m\x1b[K\x1b]8;;https://gcc.gnu.org/onlinedocs/gcc/Warning-Options.html#index-Wunused-variable\x07-Wunused-variable\x1b]8;;\x07\x1b[m\x1b[K]\n'}
[14.841863] (motion_capture_tracking) StderrLine: {'line': b'  949 |   int \x1b[01;35m\x1b[Kduplicate\x1b[m\x1b[K = 0;\n'}
[14.841935] (motion_capture_tracking) StderrLine: {'line': b'      |       \x1b[01;35m\x1b[K^~~~~~~~~\x1b[m\x1b[K\n'}
[14.936322] (-) TimerEvent: {}
[15.036637] (-) TimerEvent: {}
[15.136903] (-) TimerEvent: {}
[15.237192] (-) TimerEvent: {}
[15.337520] (-) TimerEvent: {}
[15.437812] (-) TimerEvent: {}
[15.538136] (-) TimerEvent: {}
[15.638450] (-) TimerEvent: {}
[15.738813] (-) TimerEvent: {}
[15.839131] (-) TimerEvent: {}
[15.939397] (-) TimerEvent: {}
[16.039669] (-) TimerEvent: {}
[16.140052] (-) TimerEvent: {}
[16.240398] (-) TimerEvent: {}
[16.340785] (-) TimerEvent: {}
[16.441150] (-) TimerEvent: {}
[16.541400] (-) TimerEvent: {}
[16.641718] (-) TimerEvent: {}
[16.742005] (-) TimerEvent: {}
[16.842371] (-) TimerEvent: {}
[16.942702] (-) TimerEvent: {}
[17.042998] (-) TimerEvent: {}
[17.143362] (-) TimerEvent: {}
[17.243615] (-) TimerEvent: {}
[17.343975] (-) TimerEvent: {}
[17.392960] (motion_capture_tracking) StdoutLine: {'line': b'[ 80%] \x1b[32m\x1b[1mLinking CXX static library libViconDataStreamSDK_CPP.a\x1b[0m\n'}
[17.444115] (-) TimerEvent: {}
[17.544403] (-) TimerEvent: {}
[17.558307] (motion_capture_tracking) StdoutLine: {'line': b'[ 80%] Built target ViconDataStreamSDK_CPP\n'}
[17.577353] (motion_capture_tracking) StdoutLine: {'line': b'[ 87%] \x1b[32mBuilding CXX object deps/libmotioncapture/CMakeFiles/libmotioncapture.dir/src/qualisys.cpp.o\x1b[0m\n'}
[17.577510] (motion_capture_tracking) StdoutLine: {'line': b'[ 87%] \x1b[32mBuilding CXX object deps/libmotioncapture/CMakeFiles/libmotioncapture.dir/src/optitrack.cpp.o\x1b[0m\n'}
[17.577611] (motion_capture_tracking) StdoutLine: {'line': b'[ 87%] \x1b[32mBuilding CXX object deps/libmotioncapture/CMakeFiles/libmotioncapture.dir/src/vicon.cpp.o\x1b[0m\n'}
[17.577651] (motion_capture_tracking) StdoutLine: {'line': b'[ 88%] \x1b[32mBuilding CXX object deps/libmotioncapture/CMakeFiles/libmotioncapture.dir/src/fzmotion.cpp.o\x1b[0m\n'}
[17.577689] (motion_capture_tracking) StdoutLine: {'line': b'[ 88%] \x1b[32mBuilding CXX object deps/libmotioncapture/CMakeFiles/libmotioncapture.dir/src/optitrack_closed_source.cpp.o\x1b[0m\n'}
[17.577853] (motion_capture_tracking) StdoutLine: {'line': b'[ 90%] \x1b[32mBuilding CXX object deps/libmotioncapture/CMakeFiles/libmotioncapture.dir/src/motioncapture.cpp.o\x1b[0m\n'}
[17.578741] (motion_capture_tracking) StdoutLine: {'line': b'[ 92%] \x1b[32mBuilding CXX object deps/libmotioncapture/CMakeFiles/libmotioncapture.dir/src/mock.cpp.o\x1b[0m\n'}
[17.580320] (motion_capture_tracking) StdoutLine: {'line': b'[ 93%] \x1b[32mBuilding CXX object deps/libmotioncapture/CMakeFiles/libmotioncapture.dir/src/vrpn.cpp.o\x1b[0m\n'}
[17.644510] (-) TimerEvent: {}
[17.744820] (-) TimerEvent: {}
[17.790933] (motion_capture_tracking) StdoutLine: {'line': b'[ 95%] \x1b[32m\x1b[1mLinking CXX static library liblibrigidbodytracker.a\x1b[0m\n'}
[17.844933] (-) TimerEvent: {}
[17.890061] (motion_capture_tracking) StdoutLine: {'line': b'[ 95%] Built target librigidbodytracker\n'}
[17.945059] (-) TimerEvent: {}
[18.045390] (-) TimerEvent: {}
[18.121641] (motion_capture_tracking) StderrLine: {'line': b'\x1b[01m\x1b[K/home/bajdus/Desktop/complete-velocity-messages/ros_ws/src/motion_capture_tracking/motion_capture_tracking/deps/libmotioncapture/src/optitrack_closed_source.cpp:\x1b[m\x1b[K In member function \xe2\x80\x98\x1b[01m\x1b[Kvoid libmotioncapture::MotionCaptureOptitrackClosedSourceImpl::\x1b[01;32m\x1b[KFrameReceivedCallback\x1b[m\x1b[K(sFrameOfMocapData*)\x1b[m\x1b[K\xe2\x80\x99:\n'}
[18.121893] (motion_capture_tracking) StderrLine: {'line': b'\x1b[01m\x1b[K/home/bajdus/Desktop/complete-velocity-messages/ros_ws/src/motion_capture_tracking/motion_capture_tracking/deps/libmotioncapture/src/optitrack_closed_source.cpp:27:28:\x1b[m\x1b[K \x1b[01;35m\x1b[Kwarning: \x1b[m\x1b[Kcomparison of integer expressions of different signedness: \xe2\x80\x98\x1b[01m\x1b[Ksize_t\x1b[m\x1b[K\xe2\x80\x99 {aka \xe2\x80\x98\x1b[01m\x1b[Klong unsigned int\x1b[m\x1b[K\xe2\x80\x99} and \xe2\x80\x98\x1b[01m\x1b[Kint32_t\x1b[m\x1b[K\xe2\x80\x99 {aka \xe2\x80\x98\x1b[01m\x1b[Kint\x1b[m\x1b[K\xe2\x80\x99} [\x1b[01;35m\x1b[K\x1b]8;;https://gcc.gnu.org/onlinedocs/gcc/Warning-Options.html#index-Wsign-compare\x07-Wsign-compare\x1b]8;;\x07\x1b[m\x1b[K]\n'}
[18.122017] (motion_capture_tracking) StderrLine: {'line': b'   27 |       for (size_t i = 0; \x1b[01;35m\x1b[Ki < data->nRigidBodies\x1b[m\x1b[K; ++i) {\n'}
[18.122168] (motion_capture_tracking) StderrLine: {'line': b'      |                          \x1b[01;35m\x1b[K~~^~~~~~~~~~~~~~~~~~~~\x1b[m\x1b[K\n'}
[18.126175] (motion_capture_tracking) StderrLine: {'line': b'\x1b[01m\x1b[K/home/bajdus/Desktop/complete-velocity-messages/ros_ws/src/motion_capture_tracking/motion_capture_tracking/deps/libmotioncapture/src/optitrack_closed_source.cpp:48:28:\x1b[m\x1b[K \x1b[01;35m\x1b[Kwarning: \x1b[m\x1b[Kcomparison of integer expressions of different signedness: \xe2\x80\x98\x1b[01m\x1b[Ksize_t\x1b[m\x1b[K\xe2\x80\x99 {aka \xe2\x80\x98\x1b[01m\x1b[Klong unsigned int\x1b[m\x1b[K\xe2\x80\x99} and \xe2\x80\x98\x1b[01m\x1b[Kint32_t\x1b[m\x1b[K\xe2\x80\x99 {aka \xe2\x80\x98\x1b[01m\x1b[Kint\x1b[m\x1b[K\xe2\x80\x99} [\x1b[01;35m\x1b[K\x1b]8;;https://gcc.gnu.org/onlinedocs/gcc/Warning-Options.html#index-Wsign-compare\x07-Wsign-compare\x1b]8;;\x07\x1b[m\x1b[K]\n'}
[18.126384] (motion_capture_tracking) StderrLine: {'line': b'   48 |       for (size_t r = 0; \x1b[01;35m\x1b[Kr < data->nOtherMarkers\x1b[m\x1b[K; ++r)\n'}
[18.126481] (motion_capture_tracking) StderrLine: {'line': b'      |                          \x1b[01;35m\x1b[K~~^~~~~~~~~~~~~~~~~~~~~\x1b[m\x1b[K\n'}
[18.135053] (motion_capture_tracking) StderrLine: {'line': b'\x1b[01m\x1b[K/home/bajdus/Desktop/complete-velocity-messages/ros_ws/src/motion_capture_tracking/motion_capture_tracking/deps/libmotioncapture/src/optitrack_closed_source.cpp:\x1b[m\x1b[K In member function \xe2\x80\x98\x1b[01m\x1b[Kconst std::string& libmotioncapture::MotionCaptureOptitrackClosedSource::\x1b[01;32m\x1b[Kversion\x1b[m\x1b[K() const\x1b[m\x1b[K\xe2\x80\x99:\n'}
[18.135208] (motion_capture_tracking) StderrLine: {'line': b'\x1b[01m\x1b[K/home/bajdus/Desktop/complete-velocity-messages/ros_ws/src/motion_capture_tracking/motion_capture_tracking/deps/libmotioncapture/src/optitrack_closed_source.cpp:184:3:\x1b[m\x1b[K \x1b[01;35m\x1b[Kwarning: \x1b[m\x1b[Kno return statement in function returning non-void [\x1b[01;35m\x1b[K\x1b]8;;https://gcc.gnu.org/onlinedocs/gcc/Warning-Options.html#index-Wreturn-type\x07-Wreturn-type\x1b]8;;\x07\x1b[m\x1b[K]\n'}
[18.135291] (motion_capture_tracking) StderrLine: {'line': b'  184 |   \x1b[01;35m\x1b[K}\x1b[m\x1b[K\n'}
[18.135366] (motion_capture_tracking) StderrLine: {'line': b'      |   \x1b[01;35m\x1b[K^\x1b[m\x1b[K\n'}
[18.145490] (-) TimerEvent: {}
[18.245813] (-) TimerEvent: {}
[18.346191] (-) TimerEvent: {}
[18.446479] (-) TimerEvent: {}
[18.546769] (-) TimerEvent: {}
[18.647145] (-) TimerEvent: {}
[18.747472] (-) TimerEvent: {}
[18.847829] (-) TimerEvent: {}
[18.948198] (-) TimerEvent: {}
[18.985941] (motion_capture_tracking) StderrLine: {'line': b'\x1b[01m\x1b[K/home/bajdus/Desktop/complete-velocity-messages/ros_ws/src/motion_capture_tracking/motion_capture_tracking/deps/libmotioncapture/src/optitrack.cpp:\x1b[m\x1b[K In member function \xe2\x80\x98\x1b[01m\x1b[Kvirtual void libmotioncapture::MotionCaptureOptitrack::\x1b[01;32m\x1b[KwaitForNextFrame\x1b[m\x1b[K()\x1b[m\x1b[K\xe2\x80\x99:\n'}
[18.986160] (motion_capture_tracking) StderrLine: {'line': b'\x1b[01m\x1b[K/home/bajdus/Desktop/complete-velocity-messages/ros_ws/src/motion_capture_tracking/motion_capture_tracking/deps/libmotioncapture/src/optitrack.cpp:706:14:\x1b[m\x1b[K \x1b[01;35m\x1b[Kwarning: \x1b[m\x1b[Kunused variable \xe2\x80\x98\x1b[01m\x1b[KbTrackedModelsChanged\x1b[m\x1b[K\xe2\x80\x99 [\x1b[01;35m\x1b[K\x1b]8;;https://gcc.gnu.org/onlinedocs/gcc/Warning-Options.html#index-Wunused-variable\x07-Wunused-variable\x1b]8;;\x07\x1b[m\x1b[K]\n'}
[18.986263] (motion_capture_tracking) StderrLine: {'line': b'  706 |         bool \x1b[01;35m\x1b[KbTrackedModelsChanged\x1b[m\x1b[K = (params & 0x02) != 0;         // 0x02 Actively tracked model list has changed\n'}
[18.986342] (motion_capture_tracking) StderrLine: {'line': b'      |              \x1b[01;35m\x1b[K^~~~~~~~~~~~~~~~~~~~~\x1b[m\x1b[K\n'}
[19.048400] (-) TimerEvent: {}
[19.094890] (motion_capture_tracking) StderrLine: {'line': b'In file included from \x1b[01m\x1b[K/usr/include/boost/system/detail/requires_cxx11.hpp:9\x1b[m\x1b[K,\n'}
[19.095123] (motion_capture_tracking) StderrLine: {'line': b'                 from \x1b[01m\x1b[K/usr/include/boost/system/detail/config.hpp:11\x1b[m\x1b[K,\n'}
[19.095210] (motion_capture_tracking) StderrLine: {'line': b'                 from \x1b[01m\x1b[K/usr/include/boost/system/detail/error_category.hpp:13\x1b[m\x1b[K,\n'}
[19.095292] (motion_capture_tracking) StderrLine: {'line': b'                 from \x1b[01m\x1b[K/usr/include/boost/system/detail/error_code.hpp:14\x1b[m\x1b[K,\n'}
[19.095366] (motion_capture_tracking) StderrLine: {'line': b'                 from \x1b[01m\x1b[K/usr/include/boost/system/error_code.hpp:13\x1b[m\x1b[K,\n'}
[19.095438] (motion_capture_tracking) StderrLine: {'line': b'                 from \x1b[01m\x1b[K/usr/include/boost/asio/detail/throw_error.hpp:20\x1b[m\x1b[K,\n'}
[19.095510] (motion_capture_tracking) StderrLine: {'line': b'                 from \x1b[01m\x1b[K/usr/include/boost/asio/detail/impl/posix_event.ipp:23\x1b[m\x1b[K,\n'}
[19.095582] (motion_capture_tracking) StderrLine: {'line': b'                 from \x1b[01m\x1b[K/usr/include/boost/asio/detail/posix_event.hpp:172\x1b[m\x1b[K,\n'}
[19.095653] (motion_capture_tracking) StderrLine: {'line': b'                 from \x1b[01m\x1b[K/usr/include/boost/asio/detail/event.hpp:25\x1b[m\x1b[K,\n'}
[19.095724] (motion_capture_tracking) StderrLine: {'line': b'                 from \x1b[01m\x1b[K/usr/include/boost/asio/execution/blocking_adaptation.hpp:19\x1b[m\x1b[K,\n'}
[19.095796] (motion_capture_tracking) StderrLine: {'line': b'                 from \x1b[01m\x1b[K/usr/include/boost/asio/execution.hpp:22\x1b[m\x1b[K,\n'}
[19.095867] (motion_capture_tracking) StderrLine: {'line': b'                 from \x1b[01m\x1b[K/usr/include/boost/asio/any_completion_executor.hpp:22\x1b[m\x1b[K,\n'}
[19.095939] (motion_capture_tracking) StderrLine: {'line': b'                 from \x1b[01m\x1b[K/usr/include/boost/asio.hpp:20\x1b[m\x1b[K,\n'}
[19.096010] (motion_capture_tracking) StderrLine: {'line': b'                 from \x1b[01m\x1b[K/home/bajdus/Desktop/complete-velocity-messages/ros_ws/src/motion_capture_tracking/motion_capture_tracking/deps/libmotioncapture/include/libmotioncapture/fzmotion.h:7\x1b[m\x1b[K,\n'}
[19.096093] (motion_capture_tracking) StderrLine: {'line': b'                 from \x1b[01m\x1b[K/home/bajdus/Desktop/complete-velocity-messages/ros_ws/src/motion_capture_tracking/motion_capture_tracking/deps/libmotioncapture/src/fzmotion.cpp:1\x1b[m\x1b[K:\n'}
[19.096168] (motion_capture_tracking) StderrLine: {'line': b'\x1b[01m\x1b[K/usr/include/boost/bind.hpp:36:1:\x1b[m\x1b[K \x1b[01;36m\x1b[Knote: \x1b[m\x1b[K\xe2\x80\x98\x1b[01m\x1b[K#pragma message: The practice of declaring the Bind placeholders (_1, _2, ...) in the global namespace is deprecated. Please use <boost/bind/bind.hpp> + using namespace boost::placeholders, or define BOOST_BIND_GLOBAL_PLACEHOLDERS to retain the current behavior.\x1b[m\x1b[K\xe2\x80\x99\n'}
[19.096248] (motion_capture_tracking) StderrLine: {'line': b'   36 | \x1b[01;36m\x1b[KBOOST_PRAGMA_MESSAGE\x1b[m\x1b[K(\n'}
[19.096320] (motion_capture_tracking) StderrLine: {'line': b'      | \x1b[01;36m\x1b[K^~~~~~~~~~~~~~~~~~~~\x1b[m\x1b[K\n'}
[19.103437] (motion_capture_tracking) StderrLine: {'line': b'\x1b[01m\x1b[K/home/bajdus/Desktop/complete-velocity-messages/ros_ws/src/motion_capture_tracking/motion_capture_tracking/deps/libmotioncapture/include/libmotioncapture/fzmotion.h:133:32:\x1b[m\x1b[K \x1b[01;35m\x1b[Kwarning: \x1b[m\x1b[KISO C++ prohibits anonymous structs [\x1b[01;35m\x1b[K\x1b]8;;https://gcc.gnu.org/onlinedocs/gcc/Warning-Options.html#index-Wpedantic\x07-Wpedantic\x1b]8;;\x07\x1b[m\x1b[K]\n'}
[19.103642] (motion_capture_tracking) StderrLine: {'line': b'  133 |                         struct \x1b[01;35m\x1b[K{\x1b[m\x1b[K uint8 v1; uint8 v2; uint8 v3; uint8 v4; };\n'}
[19.103726] (motion_capture_tracking) StderrLine: {'line': b'      |                                \x1b[01;35m\x1b[K^\x1b[m\x1b[K\n'}
[19.103802] (motion_capture_tracking) StderrLine: {'line': b'\x1b[01m\x1b[K/home/bajdus/Desktop/complete-velocity-messages/ros_ws/src/motion_capture_tracking/motion_capture_tracking/deps/libmotioncapture/include/libmotioncapture/fzmotion.h:138:32:\x1b[m\x1b[K \x1b[01;35m\x1b[Kwarning: \x1b[m\x1b[KISO C++ prohibits anonymous structs [\x1b[01;35m\x1b[K\x1b]8;;https://gcc.gnu.org/onlinedocs/gcc/Warning-Options.html#index-Wpedantic\x07-Wpedantic\x1b]8;;\x07\x1b[m\x1b[K]\n'}
[19.103893] (motion_capture_tracking) StderrLine: {'line': b'  138 |                         struct \x1b[01;35m\x1b[K{\x1b[m\x1b[K uint8 v1; uint8 v2; uint8 v3; uint8 v4; };\n'}
[19.103966] (motion_capture_tracking) StderrLine: {'line': b'      |                                \x1b[01;35m\x1b[K^\x1b[m\x1b[K\n'}
[19.104048] (motion_capture_tracking) StderrLine: {'line': b'\x1b[01m\x1b[K/home/bajdus/Desktop/complete-velocity-messages/ros_ws/src/motion_capture_tracking/motion_capture_tracking/deps/libmotioncapture/include/libmotioncapture/fzmotion.h:145:32:\x1b[m\x1b[K \x1b[01;35m\x1b[Kwarning: \x1b[m\x1b[KISO C++ prohibits anonymous structs [\x1b[01;35m\x1b[K\x1b]8;;https://gcc.gnu.org/onlinedocs/gcc/Warning-Options.html#index-Wpedantic\x07-Wpedantic\x1b]8;;\x07\x1b[m\x1b[K]\n'}
[19.104335] (motion_capture_tracking) StderrLine: {'line': b'  145 |                         struct \x1b[01;35m\x1b[K{\x1b[m\x1b[K octet h1; octet h2; octet l1; octet l2; };\n'}
[19.104388] (motion_capture_tracking) StderrLine: {'line': b'      |                                \x1b[01;35m\x1b[K^\x1b[m\x1b[K\n'}
[19.110535] (motion_capture_tracking) StderrLine: {'line': b'\x1b[01m\x1b[K/home/bajdus/Desktop/complete-velocity-messages/ros_ws/src/motion_capture_tracking/motion_capture_tracking/deps/libmotioncapture/include/libmotioncapture/fzmotion.h:\x1b[m\x1b[K In constructor \xe2\x80\x98\x1b[01m\x1b[Klibmotioncapture::MotionCaptureFZMotion::\x1b[01;32m\x1b[KMotionCaptureFZMotion\x1b[m\x1b[K(const std::string&, int, const std::string&, int)\x1b[m\x1b[K\xe2\x80\x99:\n'}
[19.110661] (motion_capture_tracking) StderrLine: {'line': b'\x1b[01m\x1b[K/home/bajdus/Desktop/complete-velocity-messages/ros_ws/src/motion_capture_tracking/motion_capture_tracking/deps/libmotioncapture/include/libmotioncapture/fzmotion.h:165:29:\x1b[m\x1b[K \x1b[01;35m\x1b[Kwarning: \x1b[m\x1b[K\xe2\x80\x98\x1b[01m\x1b[Klibmotioncapture::MotionCaptureFZMotion::m_ConnectionSocket\x1b[m\x1b[K\xe2\x80\x99 will be initialized after [\x1b[01;35m\x1b[K\x1b]8;;https://gcc.gnu.org/onlinedocs/gcc/Warning-Options.html#index-Wreorder\x07-Wreorder\x1b]8;;\x07\x1b[m\x1b[K]\n'}
[19.110703] (motion_capture_tracking) StderrLine: {'line': b'  165 |                 udp::socket \x1b[01;35m\x1b[Km_ConnectionSocket\x1b[m\x1b[K;\n'}
[19.110745] (motion_capture_tracking) StderrLine: {'line': b'      |                             \x1b[01;35m\x1b[K^~~~~~~~~~~~~~~~~~\x1b[m\x1b[K\n'}
[19.110778] (motion_capture_tracking) StderrLine: {'line': b'\x1b[01m\x1b[K/home/bajdus/Desktop/complete-velocity-messages/ros_ws/src/motion_capture_tracking/motion_capture_tracking/deps/libmotioncapture/include/libmotioncapture/fzmotion.h:164:29:\x1b[m\x1b[K \x1b[01;35m\x1b[Kwarning: \x1b[m\x1b[K  \xe2\x80\x98\x1b[01m\x1b[Kboost::asio::ip::udp::socket libmotioncapture::MotionCaptureFZMotion::m_TransmissionSocket\x1b[m\x1b[K\xe2\x80\x99 [\x1b[01;35m\x1b[K\x1b]8;;https://gcc.gnu.org/onlinedocs/gcc/Warning-Options.html#index-Wreorder\x07-Wreorder\x1b]8;;\x07\x1b[m\x1b[K]\n'}
[19.110815] (motion_capture_tracking) StderrLine: {'line': b'  164 |                 udp::socket \x1b[01;35m\x1b[Km_TransmissionSocket\x1b[m\x1b[K;\n'}
[19.110847] (motion_capture_tracking) StderrLine: {'line': b'      |                             \x1b[01;35m\x1b[K^~~~~~~~~~~~~~~~~~~~\x1b[m\x1b[K\n'}
[19.110878] (motion_capture_tracking) StderrLine: {'line': b'\x1b[01m\x1b[K/home/bajdus/Desktop/complete-velocity-messages/ros_ws/src/motion_capture_tracking/motion_capture_tracking/deps/libmotioncapture/src/fzmotion.cpp:5:5:\x1b[m\x1b[K \x1b[01;35m\x1b[Kwarning: \x1b[m\x1b[K  when initialized here [\x1b[01;35m\x1b[K\x1b]8;;https://gcc.gnu.org/onlinedocs/gcc/Warning-Options.html#index-Wreorder\x07-Wreorder\x1b]8;;\x07\x1b[m\x1b[K]\n'}
[19.110913] (motion_capture_tracking) StderrLine: {'line': b'    5 |     \x1b[01;35m\x1b[KMotionCaptureFZMotion\x1b[m\x1b[K::MotionCaptureFZMotion(\n'}
[19.110943] (motion_capture_tracking) StderrLine: {'line': b'      |     \x1b[01;35m\x1b[K^~~~~~~~~~~~~~~~~~~~~\x1b[m\x1b[K\n'}
[19.119163] (motion_capture_tracking) StderrLine: {'line': b'\x1b[01m\x1b[K/home/bajdus/Desktop/complete-velocity-messages/ros_ws/src/motion_capture_tracking/motion_capture_tracking/deps/libmotioncapture/src/fzmotion.cpp:\x1b[m\x1b[K In member function \xe2\x80\x98\x1b[01m\x1b[Kvoid libmotioncapture::MotionCaptureFZMotion::\x1b[01;32m\x1b[KreceiveFrameData\x1b[m\x1b[K()\x1b[m\x1b[K\xe2\x80\x99:\n'}
[19.119299] (motion_capture_tracking) StderrLine: {'line': b'\x1b[01m\x1b[K/home/bajdus/Desktop/complete-velocity-messages/ros_ws/src/motion_capture_tracking/motion_capture_tracking/deps/libmotioncapture/src/fzmotion.cpp:295:9:\x1b[m\x1b[K \x1b[01;35m\x1b[Kwarning: \x1b[m\x1b[Klabel \xe2\x80\x98\x1b[01m\x1b[Kboost\x1b[m\x1b[K\xe2\x80\x99 defined but not used [\x1b[01;35m\x1b[K\x1b]8;;https://gcc.gnu.org/onlinedocs/gcc/Warning-Options.html#index-Wunused-label\x07-Wunused-label\x1b]8;;\x07\x1b[m\x1b[K]\n'}
[19.119349] (motion_capture_tracking) StderrLine: {'line': b'  295 |         \x1b[01;35m\x1b[Kboost\x1b[m\x1b[K:system::error_code ec;\n'}
[19.119384] (motion_capture_tracking) StderrLine: {'line': b'      |         \x1b[01;35m\x1b[K^~~~~\x1b[m\x1b[K\n'}
[19.121543] (motion_capture_tracking) StderrLine: {'line': b'\x1b[01m\x1b[K/home/bajdus/Desktop/complete-velocity-messages/ros_ws/src/motion_capture_tracking/motion_capture_tracking/deps/libmotioncapture/src/fzmotion.cpp:\x1b[m\x1b[K In member function \xe2\x80\x98\x1b[01m\x1b[Kvirtual const libmotioncapture::PointCloud& libmotioncapture::MotionCaptureFZMotion::\x1b[01;32m\x1b[KpointCloud\x1b[m\x1b[K() const\x1b[m\x1b[K\xe2\x80\x99:\n'}
[19.121634] (motion_capture_tracking) StderrLine: {'line': b'\x1b[01m\x1b[K/home/bajdus/Desktop/complete-velocity-messages/ros_ws/src/motion_capture_tracking/motion_capture_tracking/deps/libmotioncapture/src/fzmotion.cpp:414:32:\x1b[m\x1b[K \x1b[01;35m\x1b[Kwarning: \x1b[m\x1b[Kcomparison of integer expressions of different signedness: \xe2\x80\x98\x1b[01m\x1b[KEigen::EigenBase<Eigen::Matrix<float, -1, 3, 1> >::Index\x1b[m\x1b[K\xe2\x80\x99 {aka \xe2\x80\x98\x1b[01m\x1b[Klong int\x1b[m\x1b[K\xe2\x80\x99} and \xe2\x80\x98\x1b[01m\x1b[Kstd::vector<libmotioncapture::LMarker>::size_type\x1b[m\x1b[K\xe2\x80\x99 {aka \xe2\x80\x98\x1b[01m\x1b[Klong unsigned int\x1b[m\x1b[K\xe2\x80\x99} [\x1b[01;35m\x1b[K\x1b]8;;https://gcc.gnu.org/onlinedocs/gcc/Warning-Options.html#index-Wsign-compare\x07-Wsign-compare\x1b]8;;\x07\x1b[m\x1b[K]\n'}
[19.121679] (motion_capture_tracking) StderrLine: {'line': b'  414 |         if (\x1b[01;35m\x1b[Kpointcloud_.size() != this->m_vctMarkData.size()\x1b[m\x1b[K) {\n'}
[19.121714] (motion_capture_tracking) StderrLine: {'line': b'      |             \x1b[01;35m\x1b[K~~~~~~~~~~~~~~~~~~~^~~~~~~~~~~~~~~~~~~~~~~~~~~~~\x1b[m\x1b[K\n'}
[19.148574] (-) TimerEvent: {}
[19.248899] (-) TimerEvent: {}
[19.252759] (motion_capture_tracking) StderrLine: {'line': b'In file included from \x1b[01m\x1b[K/usr/include/boost/system/detail/requires_cxx11.hpp:9\x1b[m\x1b[K,\n'}
[19.252898] (motion_capture_tracking) StderrLine: {'line': b'                 from \x1b[01m\x1b[K/usr/include/boost/system/detail/config.hpp:11\x1b[m\x1b[K,\n'}
[19.252950] (motion_capture_tracking) StderrLine: {'line': b'                 from \x1b[01m\x1b[K/usr/include/boost/system/detail/error_category.hpp:13\x1b[m\x1b[K,\n'}
[19.252985] (motion_capture_tracking) StderrLine: {'line': b'                 from \x1b[01m\x1b[K/usr/include/boost/system/detail/error_code.hpp:14\x1b[m\x1b[K,\n'}
[19.253018] (motion_capture_tracking) StderrLine: {'line': b'                 from \x1b[01m\x1b[K/usr/include/boost/system/error_code.hpp:13\x1b[m\x1b[K,\n'}
[19.253055] (motion_capture_tracking) StderrLine: {'line': b'                 from \x1b[01m\x1b[K/usr/include/boost/asio/detail/throw_error.hpp:20\x1b[m\x1b[K,\n'}
[19.253088] (motion_capture_tracking) StderrLine: {'line': b'                 from \x1b[01m\x1b[K/usr/include/boost/asio/detail/impl/posix_event.ipp:23\x1b[m\x1b[K,\n'}
[19.253117] (motion_capture_tracking) StderrLine: {'line': b'                 from \x1b[01m\x1b[K/usr/include/boost/asio/detail/posix_event.hpp:172\x1b[m\x1b[K,\n'}
[19.253148] (motion_capture_tracking) StderrLine: {'line': b'                 from \x1b[01m\x1b[K/usr/include/boost/asio/detail/event.hpp:25\x1b[m\x1b[K,\n'}
[19.253179] (motion_capture_tracking) StderrLine: {'line': b'                 from \x1b[01m\x1b[K/usr/include/boost/asio/execution/blocking_adaptation.hpp:19\x1b[m\x1b[K,\n'}
[19.253210] (motion_capture_tracking) StderrLine: {'line': b'                 from \x1b[01m\x1b[K/usr/include/boost/asio/execution.hpp:22\x1b[m\x1b[K,\n'}
[19.253241] (motion_capture_tracking) StderrLine: {'line': b'                 from \x1b[01m\x1b[K/usr/include/boost/asio/any_completion_executor.hpp:22\x1b[m\x1b[K,\n'}
[19.253271] (motion_capture_tracking) StderrLine: {'line': b'                 from \x1b[01m\x1b[K/usr/include/boost/asio.hpp:20\x1b[m\x1b[K,\n'}
[19.253304] (motion_capture_tracking) StderrLine: {'line': b'                 from \x1b[01m\x1b[K/home/bajdus/Desktop/complete-velocity-messages/ros_ws/src/motion_capture_tracking/motion_capture_tracking/deps/libmotioncapture/include/libmotioncapture/fzmotion.h:7\x1b[m\x1b[K,\n'}
[19.253335] (motion_capture_tracking) StderrLine: {'line': b'                 from \x1b[01m\x1b[K/home/bajdus/Desktop/complete-velocity-messages/ros_ws/src/motion_capture_tracking/motion_capture_tracking/deps/libmotioncapture/src/motioncapture.cpp:25\x1b[m\x1b[K:\n'}
[19.253366] (motion_capture_tracking) StderrLine: {'line': b'\x1b[01m\x1b[K/usr/include/boost/bind.hpp:36:1:\x1b[m\x1b[K \x1b[01;36m\x1b[Knote: \x1b[m\x1b[K\xe2\x80\x98\x1b[01m\x1b[K#pragma message: The practice of declaring the Bind placeholders (_1, _2, ...) in the global namespace is deprecated. Please use <boost/bind/bind.hpp> + using namespace boost::placeholders, or define BOOST_BIND_GLOBAL_PLACEHOLDERS to retain the current behavior.\x1b[m\x1b[K\xe2\x80\x99\n'}
[19.253400] (motion_capture_tracking) StderrLine: {'line': b'   36 | \x1b[01;36m\x1b[KBOOST_PRAGMA_MESSAGE\x1b[m\x1b[K(\n'}
[19.253431] (motion_capture_tracking) StderrLine: {'line': b'      | \x1b[01;36m\x1b[K^~~~~~~~~~~~~~~~~~~~\x1b[m\x1b[K\n'}
[19.261770] (motion_capture_tracking) StderrLine: {'line': b'\x1b[01m\x1b[K/home/bajdus/Desktop/complete-velocity-messages/ros_ws/src/motion_capture_tracking/motion_capture_tracking/deps/libmotioncapture/include/libmotioncapture/fzmotion.h:133:32:\x1b[m\x1b[K \x1b[01;35m\x1b[Kwarning: \x1b[m\x1b[KISO C++ prohibits anonymous structs [\x1b[01;35m\x1b[K\x1b]8;;https://gcc.gnu.org/onlinedocs/gcc/Warning-Options.html#index-Wpedantic\x07-Wpedantic\x1b]8;;\x07\x1b[m\x1b[K]\n'}
[19.261940] (motion_capture_tracking) StderrLine: {'line': b'  133 |                         struct \x1b[01;35m\x1b[K{\x1b[m\x1b[K uint8 v1; uint8 v2; uint8 v3; uint8 v4; };\n'}
[19.261982] (motion_capture_tracking) StderrLine: {'line': b'      |                                \x1b[01;35m\x1b[K^\x1b[m\x1b[K\n'}
[19.262015] (motion_capture_tracking) StderrLine: {'line': b'\x1b[01m\x1b[K/home/bajdus/Desktop/complete-velocity-messages/ros_ws/src/motion_capture_tracking/motion_capture_tracking/deps/libmotioncapture/include/libmotioncapture/fzmotion.h:138:32:\x1b[m\x1b[K \x1b[01;35m\x1b[Kwarning: \x1b[m\x1b[KISO C++ prohibits anonymous structs [\x1b[01;35m\x1b[K\x1b]8;;https://gcc.gnu.org/onlinedocs/gcc/Warning-Options.html#index-Wpedantic\x07-Wpedantic\x1b]8;;\x07\x1b[m\x1b[K]\n'}
[19.262068] (motion_capture_tracking) StderrLine: {'line': b'  138 |                         struct \x1b[01;35m\x1b[K{\x1b[m\x1b[K uint8 v1; uint8 v2; uint8 v3; uint8 v4; };\n'}
[19.262102] (motion_capture_tracking) StderrLine: {'line': b'      |                                \x1b[01;35m\x1b[K^\x1b[m\x1b[K\n'}
[19.262136] (motion_capture_tracking) StderrLine: {'line': b'\x1b[01m\x1b[K/home/bajdus/Desktop/complete-velocity-messages/ros_ws/src/motion_capture_tracking/motion_capture_tracking/deps/libmotioncapture/include/libmotioncapture/fzmotion.h:145:32:\x1b[m\x1b[K \x1b[01;35m\x1b[Kwarning: \x1b[m\x1b[KISO C++ prohibits anonymous structs [\x1b[01;35m\x1b[K\x1b]8;;https://gcc.gnu.org/onlinedocs/gcc/Warning-Options.html#index-Wpedantic\x07-Wpedantic\x1b]8;;\x07\x1b[m\x1b[K]\n'}
[19.262170] (motion_capture_tracking) StderrLine: {'line': b'  145 |                         struct \x1b[01;35m\x1b[K{\x1b[m\x1b[K octet h1; octet h2; octet l1; octet l2; };\n'}
[19.262201] (motion_capture_tracking) StderrLine: {'line': b'      |                                \x1b[01;35m\x1b[K^\x1b[m\x1b[K\n'}
[19.349127] (-) TimerEvent: {}
[19.449339] (-) TimerEvent: {}
[19.549561] (-) TimerEvent: {}
[19.649786] (-) TimerEvent: {}
[19.750100] (-) TimerEvent: {}
[19.850304] (-) TimerEvent: {}
[19.950506] (-) TimerEvent: {}
[19.954159] (motion_capture_tracking) StdoutLine: {'line': b'[ 96%] \x1b[32m\x1b[1mLinking CXX static library liblibmotioncapture.a\x1b[0m\n'}
[20.019223] (motion_capture_tracking) StdoutLine: {'line': b'[ 96%] Built target libmotioncapture\n'}
[20.040768] (motion_capture_tracking) StdoutLine: {'line': b'[ 98%] \x1b[32mBuilding CXX object CMakeFiles/motion_capture_tracking_node.dir/src/motion_capture_tracking_node.cpp.o\x1b[0m\n'}
[20.050603] (-) TimerEvent: {}
[20.150820] (-) TimerEvent: {}
[20.251067] (-) TimerEvent: {}
[20.351348] (-) TimerEvent: {}
[20.451649] (-) TimerEvent: {}
[20.551954] (-) TimerEvent: {}
[20.652207] (-) TimerEvent: {}
[20.752496] (-) TimerEvent: {}
[20.852726] (-) TimerEvent: {}
[20.953015] (-) TimerEvent: {}
[21.053250] (-) TimerEvent: {}
[21.153536] (-) TimerEvent: {}
[21.253773] (-) TimerEvent: {}
[21.354079] (-) TimerEvent: {}
[21.454372] (-) TimerEvent: {}
[21.554589] (-) TimerEvent: {}
[21.654807] (-) TimerEvent: {}
[21.755075] (-) TimerEvent: {}
[21.855320] (-) TimerEvent: {}
[21.955582] (-) TimerEvent: {}
[22.055850] (-) TimerEvent: {}
[22.156100] (-) TimerEvent: {}
[22.256351] (-) TimerEvent: {}
[22.356616] (-) TimerEvent: {}
[22.456859] (-) TimerEvent: {}
[22.557131] (-) TimerEvent: {}
[22.657341] (-) TimerEvent: {}
[22.757566] (-) TimerEvent: {}
[22.857798] (-) TimerEvent: {}
[22.957997] (-) TimerEvent: {}
[23.058203] (-) TimerEvent: {}
[23.158395] (-) TimerEvent: {}
[23.258616] (-) TimerEvent: {}
[23.358839] (-) TimerEvent: {}
[23.459069] (-) TimerEvent: {}
[23.559288] (-) TimerEvent: {}
[23.659513] (-) TimerEvent: {}
[23.759731] (-) TimerEvent: {}
[23.859954] (-) TimerEvent: {}
[23.960155] (-) TimerEvent: {}
[24.060374] (-) TimerEvent: {}
[24.160597] (-) TimerEvent: {}
[24.260822] (-) TimerEvent: {}
[24.361053] (-) TimerEvent: {}
[24.461287] (-) TimerEvent: {}
[24.561514] (-) TimerEvent: {}
[24.661737] (-) TimerEvent: {}
[24.761967] (-) TimerEvent: {}
[24.862212] (-) TimerEvent: {}
[24.962412] (-) TimerEvent: {}
[25.062642] (-) TimerEvent: {}
[25.162865] (-) TimerEvent: {}
[25.263097] (-) TimerEvent: {}
[25.363290] (-) TimerEvent: {}
[25.463505] (-) TimerEvent: {}
[25.563720] (-) TimerEvent: {}
[25.663931] (-) TimerEvent: {}
[25.764085] (-) TimerEvent: {}
[25.864242] (-) TimerEvent: {}
[25.964446] (-) TimerEvent: {}
[26.064664] (-) TimerEvent: {}
[26.164883] (-) TimerEvent: {}
[26.265095] (-) TimerEvent: {}
[26.365368] (-) TimerEvent: {}
[26.465577] (-) TimerEvent: {}
[26.565819] (-) TimerEvent: {}
[26.623611] (motion_capture_tracking) StdoutLine: {'line': b'[100%] \x1b[32m\x1b[1mLinking CXX executable motion_capture_tracking_node\x1b[0m\n'}
[26.665933] (-) TimerEvent: {}
[26.766155] (-) TimerEvent: {}
[26.866366] (-) TimerEvent: {}
[26.966592] (-) TimerEvent: {}
[27.066826] (-) TimerEvent: {}
[27.167068] (-) TimerEvent: {}
[27.267277] (-) TimerEvent: {}
[27.367595] (-) TimerEvent: {}
[27.467904] (-) TimerEvent: {}
[27.568208] (-) TimerEvent: {}
[27.668455] (-) TimerEvent: {}
[27.768776] (-) TimerEvent: {}
[27.868986] (-) TimerEvent: {}
[27.969217] (-) TimerEvent: {}
[28.030836] (motion_capture_tracking) StdoutLine: {'line': b'[100%] Built target motion_capture_tracking_node\n'}
[28.042763] (motion_capture_tracking) CommandEnded: {'returncode': 0}
[28.043291] (motion_capture_tracking) JobProgress: {'identifier': 'motion_capture_tracking', 'progress': 'install'}
[28.043772] (motion_capture_tracking) Command: {'cmd': ['/usr/bin/cmake', '--install', '/home/bajdus/Desktop/complete-velocity-messages/build/motion_capture_tracking'], 'cwd': '/home/bajdus/Desktop/complete-velocity-messages/build/motion_capture_tracking', 'env': OrderedDict({'GJS_DEBUG_TOPICS': 'JS ERROR;JS LOG', 'XDG_ACTIVATION_TOKEN': 'gnome-shell/Terminator/3846-7-LC2075-LIN_TIME268001038', 'LESSOPEN': '| /usr/bin/lesspipe %s', 'USER': 'bajdus', 'XDG_SESSION_TYPE': 'x11', 'SHLVL': '1', 'LD_LIBRARY_PATH': '/home/bajdus/Desktop/complete-velocity-messages/install/motion_capture_tracking_interfaces/lib:/usr/local/lib:/opt/ros/jazzy/opt/rviz_ogre_vendor/lib:/opt/ros/jazzy/lib/x86_64-linux-gnu:/opt/ros/jazzy/opt/gz_math_vendor/lib:/opt/ros/jazzy/opt/gz_utils_vendor/lib:/opt/ros/jazzy/opt/gz_cmake_vendor/lib:/opt/ros/jazzy/lib', 'HOME': '/home/bajdus', 'OLDPWD': '/home/bajdus', 'DESKTOP_SESSION': 'ubuntu', 'GIO_LAUNCHED_DESKTOP_FILE': '/usr/share/applications/terminator.desktop', 'ROS_PYTHON_VERSION': '3', 'GNOME_SHELL_SESSION_MODE': 'ubuntu', 'GTK_MODULES': 'gail:atk-bridge', 'MANAGERPID': '3285', 'SYSTEMD_EXEC_PID': '3846', 'GSM_SKIP_SSH_AGENT_WORKAROUND': 'true', 'DBUS_SESSION_BUS_ADDRESS': 'unix:path=/run/user/59016586/bus', 'COLORTERM': 'truecolor', 'TERMINATOR_DBUS_NAME': 'net.tenshu.Terminator23558193cd9818af7fe4d2c2f5bd9d00f', 'GIO_LAUNCHED_DESKTOP_FILE_PID': '230765', 'DEBUGINFOD_URLS': 'https://debuginfod.ubuntu.com', 'ROS_DISTRO': 'jazzy', 'LOGNAME': 'bajdus', 'JOURNAL_STREAM': '9:12286', '_': '/usr/bin/colcon', 'ROS_VERSION': '2', 'MEMORY_PRESSURE_WATCH': '/sys/fs/cgroup/user.slice/user-59016586.slice/user@59016586.service/session.slice/org.gnome.Shell@x11.service/memory.pressure', 'XDG_SESSION_CLASS': 'user', 'USERNAME': 'bajdus', 'TERM': 'xterm-256color', 'GNOME_DESKTOP_SESSION_ID': 'this-is-deprecated', 'WINDOWPATH': '2', 'PATH': '/opt/ros/jazzy/bin:/usr/local/sbin:/usr/local/bin:/usr/sbin:/usr/bin:/sbin:/bin:/usr/games:/usr/local/games:/snap/bin:/snap/bin', 'SESSION_MANAGER': 'local/LC2075-LIN:@/tmp/.ICE-unix/3791,unix/LC2075-LIN:/tmp/.ICE-unix/3791', 'INVOCATION_ID': 'f7d2e5f172f547d6a5a038ef75785c03', 'XDG_MENU_PREFIX': 'gnome-', 'XDG_RUNTIME_DIR': '/run/user/59016586', 'DISPLAY': ':1', 'TERMINATOR_DBUS_PATH': '/net/tenshu/Terminator2', 'LANG': 'en_US.UTF-8', 'XDG_CURRENT_DESKTOP': 'ubuntu:GNOME', 'XMODIFIERS': '@im=ibus', 'XDG_SESSION_DESKTOP': 'ubuntu', 'XAUTHORITY': '/run/user/59016586/gdm/Xauthority', 'LS_COLORS': 'rs=0:di=01;34:ln=01;36:mh=00:pi=40;33:so=01;35:do=01;35:bd=40;33;01:cd=40;33;01:or=40;31;01:mi=00:su=37;41:sg=30;43:ca=00:tw=30;42:ow=34;42:st=37;44:ex=01;32:*.tar=01;31:*.tgz=01;31:*.arc=01;31:*.arj=01;31:*.taz=01;31:*.lha=01;31:*.lz4=01;31:*.lzh=01;31:*.lzma=01;31:*.tlz=01;31:*.txz=01;31:*.tzo=01;31:*.t7z=01;31:*.zip=01;31:*.z=01;31:*.dz=01;31:*.gz=01;31:*.lrz=01;31:*.lz=01;31:*.lzo=01;31:*.xz=01;31:*.zst=01;31:*.tzst=01;31:*.bz2=01;31:*.bz=01;31:*.tbz=01;31:*.tbz2=01;31:*.tz=01;31:*.deb=01;31:*.rpm=01;31:*.jar=01;31:*.war=01;31:*.ear=01;31:*.sar=01;31:*.rar=01;31:*.alz=01;31:*.ace=01;31:*.zoo=01;31:*.cpio=01;31:*.7z=01;31:*.rz=01;31:*.cab=01;31:*.wim=01;31:*.swm=01;31:*.dwm=01;31:*.esd=01;31:*.avif=01;35:*.jpg=01;35:*.jpeg=01;35:*.mjpg=01;35:*.mjpeg=01;35:*.gif=01;35:*.bmp=01;35:*.pbm=01;35:*.pgm=01;35:*.ppm=01;35:*.tga=01;35:*.xbm=01;35:*.xpm=01;35:*.tif=01;35:*.tiff=01;35:*.png=01;35:*.svg=01;35:*.svgz=01;35:*.mng=01;35:*.pcx=01;35:*.mov=01;35:*.mpg=01;35:*.mpeg=01;35:*.m2v=01;35:*.mkv=01;35:*.webm=01;35:*.webp=01;35:*.ogm=01;35:*.mp4=01;35:*.m4v=01;35:*.mp4v=01;35:*.vob=01;35:*.qt=01;35:*.nuv=01;35:*.wmv=01;35:*.asf=01;35:*.rm=01;35:*.rmvb=01;35:*.flc=01;35:*.avi=01;35:*.fli=01;35:*.flv=01;35:*.gl=01;35:*.dl=01;35:*.xcf=01;35:*.xwd=01;35:*.yuv=01;35:*.cgm=01;35:*.emf=01;35:*.ogv=01;35:*.ogx=01;35:*.aac=00;36:*.au=00;36:*.flac=00;36:*.m4a=00;36:*.mid=00;36:*.midi=00;36:*.mka=00;36:*.mp3=00;36:*.mpc=00;36:*.ogg=00;36:*.ra=00;36:*.wav=00;36:*.oga=00;36:*.opus=00;36:*.spx=00;36:*.xspf=00;36:*~=00;90:*#=00;90:*.bak=00;90:*.crdownload=00;90:*.dpkg-dist=00;90:*.dpkg-new=00;90:*.dpkg-old=00;90:*.dpkg-tmp=00;90:*.old=00;90:*.orig=00;90:*.part=00;90:*.rej=00;90:*.rpmnew=00;90:*.rpmorig=00;90:*.rpmsave=00;90:*.swp=00;90:*.tmp=00;90:*.ucf-dist=00;90:*.ucf-new=00;90:*.ucf-old=00;90:', 'SSH_AUTH_SOCK': '/run/user/59016586/keyring/ssh', 'AMENT_PREFIX_PATH': '/home/bajdus/Desktop/complete-velocity-messages/install/motion_capture_tracking_interfaces:/opt/ros/jazzy', 'SHELL': '/bin/bash', 'TERMINATOR_UUID': 'urn:uuid:7cab34ee-6329-4ac2-b930-08f00f6a5ec6', 'KRB5CCNAME': 'FILE:/tmp/krb5cc_59016586_mxG3pu', 'QT_ACCESSIBILITY': '1', 'GDMSESSION': 'ubuntu', 'LESSCLOSE': '/usr/bin/lesspipe %s %s', 'GPG_AGENT_INFO': '/run/user/59016586/gnupg/S.gpg-agent:0:1', 'GJS_DEBUG_OUTPUT': 'stderr', 'ROS_AUTOMATIC_DISCOVERY_RANGE': 'SUBNET', 'QT_IM_MODULE': 'ibus', 'PWD': '/home/bajdus/Desktop/complete-velocity-messages/build/motion_capture_tracking', 'LC_ALL': 'en_US.UTF-8', 'XDG_CONFIG_DIRS': '/etc/xdg/xdg-ubuntu:/etc/xdg', 'XDG_DATA_DIRS': '/usr/share/ubuntu:/usr/share/gnome:/usr/local/share/:/usr/share/:/var/lib/snapd/desktop', 'PYTHONPATH': '/home/bajdus/Desktop/complete-velocity-messages/install/motion_capture_tracking_interfaces/lib/python3.12/site-packages:/opt/ros/jazzy/lib/python3.12/site-packages', 'COLCON': '1', 'MEMORY_PRESSURE_WRITE': 'c29tZSAyMDAwMDAgMjAwMDAwMAA=', 'VTE_VERSION': '7600', 'CMAKE_PREFIX_PATH': '/home/bajdus/Desktop/complete-velocity-messages/install/motion_capture_tracking_interfaces:/usr/local:/opt/ros/jazzy/opt/gz_math_vendor:/opt/ros/jazzy/opt/gz_utils_vendor:/opt/ros/jazzy/opt/gz_cmake_vendor:/opt/ros/jazzy'}), 'shell': False}
[28.050209] (motion_capture_tracking) StdoutLine: {'line': b'-- Install configuration: ""\n'}
[28.050559] (motion_capture_tracking) StdoutLine: {'line': b'-- Execute custom install script\n'}
[28.050810] (motion_capture_tracking) StdoutLine: {'line': b'-- Symlinking: /home/bajdus/Desktop/complete-velocity-messages/install/motion_capture_tracking/lib/motion_capture_tracking/motion_capture_tracking_node\n'}
[28.058686] (motion_capture_tracking) StdoutLine: {'line': b'-- Symlinking: /home/bajdus/Desktop/complete-velocity-messages/install/motion_capture_tracking/lib/motion_capture_tracking/libNatNet.so\n'}
[28.064043] (motion_capture_tracking) StdoutLine: {'line': b'-- Symlinking: /home/bajdus/Desktop/complete-velocity-messages/install/motion_capture_tracking/share/motion_capture_tracking//launch/launch.py\n'}
[28.069289] (-) TimerEvent: {}
[28.070533] (motion_capture_tracking) StdoutLine: {'line': b'-- Symlinking: /home/bajdus/Desktop/complete-velocity-messages/install/motion_capture_tracking/share/motion_capture_tracking//launch/node.launch\n'}
[28.077121] (motion_capture_tracking) StdoutLine: {'line': b'-- Symlinking: /home/bajdus/Desktop/complete-velocity-messages/install/motion_capture_tracking/share/motion_capture_tracking//config/cfg.yaml\n'}
[28.083264] (motion_capture_tracking) StdoutLine: {'line': b'-- Symlinking: /home/bajdus/Desktop/complete-velocity-messages/install/motion_capture_tracking/share/motion_capture_tracking//config/rviz.rviz\n'}
[28.092056] (motion_capture_tracking) StdoutLine: {'line': b'-- Symlinking: /home/bajdus/Desktop/complete-velocity-messages/install/motion_capture_tracking/share/ament_index/resource_index/package_run_dependencies/motion_capture_tracking\n'}
[28.098296] (motion_capture_tracking) StdoutLine: {'line': b'-- Symlinking: /home/bajdus/Desktop/complete-velocity-messages/install/motion_capture_tracking/share/ament_index/resource_index/parent_prefix_path/motion_capture_tracking\n'}
[28.104287] (motion_capture_tracking) StdoutLine: {'line': b'-- Symlinking: /home/bajdus/Desktop/complete-velocity-messages/install/motion_capture_tracking/share/motion_capture_tracking/environment/ament_prefix_path.sh\n'}
[28.110921] (motion_capture_tracking) StdoutLine: {'line': b'-- Symlinking: /home/bajdus/Desktop/complete-velocity-messages/install/motion_capture_tracking/share/motion_capture_tracking/environment/ament_prefix_path.dsv\n'}
[28.116211] (motion_capture_tracking) StdoutLine: {'line': b'-- Symlinking: /home/bajdus/Desktop/complete-velocity-messages/install/motion_capture_tracking/share/motion_capture_tracking/environment/path.sh\n'}
[28.121839] (motion_capture_tracking) StdoutLine: {'line': b'-- Symlinking: /home/bajdus/Desktop/complete-velocity-messages/install/motion_capture_tracking/share/motion_capture_tracking/environment/path.dsv\n'}
[28.129503] (motion_capture_tracking) StdoutLine: {'line': b'-- Symlinking: /home/bajdus/Desktop/complete-velocity-messages/install/motion_capture_tracking/share/motion_capture_tracking/local_setup.bash\n'}
[28.134701] (motion_capture_tracking) StdoutLine: {'line': b'-- Symlinking: /home/bajdus/Desktop/complete-velocity-messages/install/motion_capture_tracking/share/motion_capture_tracking/local_setup.sh\n'}
[28.143083] (motion_capture_tracking) StdoutLine: {'line': b'-- Symlinking: /home/bajdus/Desktop/complete-velocity-messages/install/motion_capture_tracking/share/motion_capture_tracking/local_setup.zsh\n'}
[28.150627] (motion_capture_tracking) StdoutLine: {'line': b'-- Symlinking: /home/bajdus/Desktop/complete-velocity-messages/install/motion_capture_tracking/share/motion_capture_tracking/local_setup.dsv\n'}
[28.156275] (motion_capture_tracking) StdoutLine: {'line': b'-- Symlinking: /home/bajdus/Desktop/complete-velocity-messages/install/motion_capture_tracking/share/motion_capture_tracking/package.dsv\n'}
[28.163307] (motion_capture_tracking) StdoutLine: {'line': b'-- Symlinking: /home/bajdus/Desktop/complete-velocity-messages/install/motion_capture_tracking/share/ament_index/resource_index/packages/motion_capture_tracking\n'}
[28.169367] (-) TimerEvent: {}
[28.170843] (motion_capture_tracking) StdoutLine: {'line': b'-- Symlinking: /home/bajdus/Desktop/complete-velocity-messages/install/motion_capture_tracking/share/motion_capture_tracking/cmake/motion_capture_trackingConfig.cmake\n'}
[28.177981] (motion_capture_tracking) StdoutLine: {'line': b'-- Symlinking: /home/bajdus/Desktop/complete-velocity-messages/install/motion_capture_tracking/share/motion_capture_tracking/cmake/motion_capture_trackingConfig-version.cmake\n'}
[28.185119] (motion_capture_tracking) StdoutLine: {'line': b'-- Symlinking: /home/bajdus/Desktop/complete-velocity-messages/install/motion_capture_tracking/share/motion_capture_tracking/package.xml\n'}
[28.193462] (motion_capture_tracking) CommandEnded: {'returncode': 0}
[28.200195] (motion_capture_tracking) JobEnded: {'identifier': 'motion_capture_tracking', 'rc': 0}
[28.207072] (-) EventReactorShutdown: {}
